2025-07-30 11:24:59,304 - sparsemodesnet.advecting_pulse - INFO - Starting advecting_pulse experiment
2025-07-30 11:24:59,304 - sparsemodesnet.advecting_pulse - INFO - Log file: logs/advecting_pulse_20250730_112459.log
2025-07-30 11:24:59,305 - sparsemodesnet.advecting_pulse - INFO - ==================================================
2025-07-30 11:24:59,305 - sparsemodesnet.advecting_pulse - INFO - EXPERIMENT CONFIGURATION
2025-07-30 11:24:59,305 - sparsemodesnet.advecting_pulse - INFO - ==================================================
2025-07-30 11:24:59,306 - sparsemodesnet.advecting_pulse - INFO - Data shape: (1024, 1000)
2025-07-30 11:24:59,307 - sparsemodesnet.advecting_pulse - INFO - Data type: float64
2025-07-30 11:24:59,310 - sparsemodesnet.advecting_pulse - INFO - Data range: [0.000000, 25.231325]
2025-07-30 11:24:59,316 - sparsemodesnet.advecting_pulse - INFO - Data mean: 0.999023
2025-07-30 11:24:59,324 - sparsemodesnet.advecting_pulse - INFO - Data std: 4.101923
2025-07-30 11:24:59,324 - sparsemodesnet.advecting_pulse - INFO - ------------------------------
2025-07-30 11:24:59,325 - sparsemodesnet.advecting_pulse - INFO - CORE PARAMETERS
2025-07-30 11:24:59,325 - sparsemodesnet.advecting_pulse - INFO - ------------------------------
2025-07-30 11:24:59,325 - sparsemodesnet.advecting_pulse - INFO - s (latent dimension): 100
2025-07-30 11:24:59,326 - sparsemodesnet.advecting_pulse - INFO - I_nn provided: False
2025-07-30 11:24:59,326 - sparsemodesnet.advecting_pulse - INFO - ------------------------------
2025-07-30 11:24:59,326 - sparsemodesnet.advecting_pulse - INFO - NETWORK CONFIGURATION
2025-07-30 11:24:59,327 - sparsemodesnet.advecting_pulse - INFO - ------------------------------
2025-07-30 11:24:59,327 - sparsemodesnet.advecting_pulse - INFO - Network type: FF
2025-07-30 11:24:59,327 - sparsemodesnet.advecting_pulse - INFO - Hidden units: [100, 2000, 100]
2025-07-30 11:24:59,328 - sparsemodesnet.advecting_pulse - INFO - Polynomial order: 2
2025-07-30 11:24:59,328 - sparsemodesnet.advecting_pulse - INFO - Number of polynomials: 2
2025-07-30 11:24:59,328 - sparsemodesnet.advecting_pulse - INFO - Drop linear: False
2025-07-30 11:24:59,329 - sparsemodesnet.advecting_pulse - INFO - Drop constant: False
2025-07-30 11:24:59,329 - sparsemodesnet.advecting_pulse - INFO - ------------------------------
2025-07-30 11:24:59,329 - sparsemodesnet.advecting_pulse - INFO - TRAINING CONFIGURATION
2025-07-30 11:24:59,331 - sparsemodesnet.advecting_pulse - INFO - ------------------------------
2025-07-30 11:24:59,331 - sparsemodesnet.advecting_pulse - INFO - Learning rate: 0.001
2025-07-30 11:24:59,332 - sparsemodesnet.advecting_pulse - INFO - Number of epochs: 100
2025-07-30 11:24:59,332 - sparsemodesnet.advecting_pulse - INFO - Batch size: 200
2025-07-30 11:24:59,332 - sparsemodesnet.advecting_pulse - INFO - Optimizer: Adam
2025-07-30 11:24:59,333 - sparsemodesnet.advecting_pulse - INFO - Device: mps
2025-07-30 11:24:59,333 - sparsemodesnet.advecting_pulse - INFO - ------------------------------
2025-07-30 11:24:59,334 - sparsemodesnet.advecting_pulse - INFO - PREPROCESSING CONFIGURATION
2025-07-30 11:24:59,334 - sparsemodesnet.advecting_pulse - INFO - ------------------------------
2025-07-30 11:24:59,334 - sparsemodesnet.advecting_pulse - INFO - Normalize: True
2025-07-30 11:24:59,335 - sparsemodesnet.advecting_pulse - INFO - Center: True
2025-07-30 11:24:59,335 - sparsemodesnet.advecting_pulse - INFO - Whiten: False
2025-07-30 11:24:59,336 - sparsemodesnet.advecting_pulse - INFO - Whitening epsilon: 1e-05
2025-07-30 11:24:59,336 - sparsemodesnet.advecting_pulse - INFO - Forward function provided: False
2025-07-30 11:24:59,336 - sparsemodesnet.advecting_pulse - INFO - Backward function provided: False
2025-07-30 11:24:59,337 - sparsemodesnet.advecting_pulse - INFO - Mean (mu) provided: False
2025-07-30 11:24:59,337 - sparsemodesnet.advecting_pulse - INFO - Shift provided: False
2025-07-30 11:24:59,337 - sparsemodesnet.advecting_pulse - INFO - Scale provided: False
2025-07-30 11:24:59,337 - sparsemodesnet.advecting_pulse - INFO - ------------------------------
2025-07-30 11:24:59,338 - sparsemodesnet.advecting_pulse - INFO - SPARSITY CONFIGURATION
2025-07-30 11:24:59,338 - sparsemodesnet.advecting_pulse - INFO - ------------------------------
2025-07-30 11:24:59,338 - sparsemodesnet.advecting_pulse - INFO - M (penalty parameter): 12.0
2025-07-30 11:24:59,339 - sparsemodesnet.advecting_pulse - INFO - Nonzero threshold: 1e-06
2025-07-30 11:24:59,339 - sparsemodesnet.advecting_pulse - INFO - Lambda 0: 5.0
2025-07-30 11:24:59,339 - sparsemodesnet.advecting_pulse - INFO - Epsilon: 0.0005
2025-07-30 11:24:59,340 - sparsemodesnet.advecting_pulse - INFO - Max iterations: 1000
2025-07-30 11:24:59,340 - sparsemodesnet.advecting_pulse - INFO - ------------------------------
2025-07-30 11:24:59,340 - sparsemodesnet.advecting_pulse - INFO - EXPERIMENT CONFIGURATION
2025-07-30 11:24:59,341 - sparsemodesnet.advecting_pulse - INFO - ------------------------------
2025-07-30 11:24:59,341 - sparsemodesnet.advecting_pulse - INFO - Label: Advecting Pulse
2025-07-30 11:24:59,341 - sparsemodesnet.advecting_pulse - INFO - Logs directory: ./logs
2025-07-30 11:24:59,342 - sparsemodesnet.advecting_pulse - INFO - ==================================================

=== SparseModesNet (Mode Selection) on Advecting Pulse: d=1024, n=1000, s=100 ===

=== Dense-To-Sparse (default) λ-Path ===

-- Path iteration 1, λ = 5.000e+00
  λ=5.000e+00 | Epoch   1 | lr=1.0000e-03 | Recon MSE=2.803893e-02 | ‖ω‖₁=8.243808e-01 | Non-zero modes: 100
  λ=5.000e+00 | Epoch  10 | lr=1.0000e-03 | Recon MSE=8.409385e-03 | ‖ω‖₁=8.646085e-01 | Non-zero modes: 100
  λ=5.000e+00 | Epoch  20 | lr=1.0000e-03 | Recon MSE=3.412661e-03 | ‖ω‖₁=8.933766e-01 | Non-zero modes: 100
  λ=5.000e+00 | Epoch  30 | lr=1.0000e-03 | Recon MSE=2.293551e-03 | ‖ω‖₁=9.177340e-01 | Non-zero modes: 100
  λ=5.000e+00 | Epoch  40 | lr=1.0000e-03 | Recon MSE=1.762989e-03 | ‖ω‖₁=9.337766e-01 | Non-zero modes: 100
  λ=5.000e+00 | Epoch  50 | lr=1.0000e-03 | Recon MSE=1.507744e-03 | ‖ω‖₁=9.511992e-01 | Non-zero modes: 100
  λ=5.000e+00 | Epoch  60 | lr=1.0000e-03 | Recon MSE=1.320606e-03 | ‖ω‖₁=9.627594e-01 | Non-zero modes: 100
  λ=5.000e+00 | Epoch  70 | lr=1.0000e-03 | Recon MSE=1.178463e-03 | ‖ω‖₁=9.684113e-01 | Non-zero modes: 100
  λ=5.000e+00 | Epoch  80 | lr=1.0000e-03 | Recon MSE=1.168546e-03 | ‖ω‖₁=9.710951e-01 | Non-zero modes: 100
  λ=5.000e+00 | Epoch  90 | lr=1.0000e-03 | Recon MSE=1.121636e-03 | ‖ω‖₁=9.781286e-01 | Non-zero modes: 100
  λ=5.000e+00 | Epoch 100 | lr=1.0000e-03 | Recon MSE=1.050757e-03 | ‖ω‖₁=9.838206e-01 | Non-zero modes: 100
  → at λ=5.000e+00: r(λ)=100
  → selected modes: [0, 1, 2, 3, 4, 5, 6, 7, 8, 9, 10, 11, 12, 13, 14, 15, 16, 17, 18, 19, 20, 21, 22, 23, 24, 25, 26, 27, 28, 29, 30, 31, 32, 33, 34, 35, 36, 37, 38, 39, 40, 41, 42, 43, 44, 45, 46, 47, 48, 49, 50, 51, 52, 53, 54, 55, 56, 57, 58, 59, 60, 61, 62, 63, 64, 65, 66, 67, 68, 69, 70, 71, 72, 73, 74, 75, 76, 77, 78, 79, 80, 81, 82, 83, 84, 85, 86, 87, 88, 89, 90, 91, 92, 93, 94, 95, 96, 97, 98, 99]

-- Path iteration 2, λ = 5.002e+00
  λ=5.000e+00 | Epoch   1 | lr=1.0000e-03 | Recon MSE=1.118694e-03 | ‖ω‖₁=9.869750e-01 | Non-zero modes: 100
  λ=5.000e+00 | Epoch  10 | lr=1.0000e-03 | Recon MSE=1.050745e-03 | ‖ω‖₁=9.793955e-01 | Non-zero modes: 100
  λ=5.000e+00 | Epoch  20 | lr=1.0000e-03 | Recon MSE=1.032677e-03 | ‖ω‖₁=9.709909e-01 | Non-zero modes: 100
  λ=5.000e+00 | Epoch  30 | lr=1.0000e-03 | Recon MSE=9.732191e-04 | ‖ω‖₁=9.667856e-01 | Non-zero modes: 100
  λ=5.000e+00 | Epoch  40 | lr=1.0000e-03 | Recon MSE=9.730332e-04 | ‖ω‖₁=9.637617e-01 | Non-zero modes: 100
  λ=5.000e+00 | Epoch  50 | lr=1.0000e-03 | Recon MSE=9.790200e-04 | ‖ω‖₁=9.613629e-01 | Non-zero modes: 100
  λ=5.000e+00 | Epoch  60 | lr=1.0000e-03 | Recon MSE=9.779840e-04 | ‖ω‖₁=9.624011e-01 | Non-zero modes: 100
  λ=5.000e+00 | Epoch  70 | lr=1.0000e-03 | Recon MSE=9.741275e-04 | ‖ω‖₁=9.618281e-01 | Non-zero modes: 100
  λ=5.000e+00 | Epoch  80 | lr=1.0000e-03 | Recon MSE=9.880531e-04 | ‖ω‖₁=9.596342e-01 | Non-zero modes: 100
  λ=5.000e+00 | Epoch  90 | lr=1.0000e-03 | Recon MSE=9.635256e-04 | ‖ω‖₁=9.576072e-01 | Non-zero modes: 100
  λ=5.000e+00 | Epoch 100 | lr=1.0000e-03 | Recon MSE=9.800450e-04 | ‖ω‖₁=9.559295e-01 | Non-zero modes: 100
Number of selected modes unchanged for 1 consecutive iterations.
  → at λ=5.002e+00: r(λ)=100
  → selected modes: [0, 1, 2, 3, 4, 5, 6, 7, 8, 9, 10, 11, 12, 13, 14, 15, 16, 17, 18, 19, 20, 21, 22, 23, 24, 25, 26, 27, 28, 29, 30, 31, 32, 33, 34, 35, 36, 37, 38, 39, 40, 41, 42, 43, 44, 45, 46, 47, 48, 49, 50, 51, 52, 53, 54, 55, 56, 57, 58, 59, 60, 61, 62, 63, 64, 65, 66, 67, 68, 69, 70, 71, 72, 73, 74, 75, 76, 77, 78, 79, 80, 81, 82, 83, 84, 85, 86, 87, 88, 89, 90, 91, 92, 93, 94, 95, 96, 97, 98, 99]

-- Path iteration 3, λ = 5.005e+00
  λ=5.000e+00 | Epoch   1 | lr=1.0000e-03 | Recon MSE=9.702575e-04 | ‖ω‖₁=9.599233e-01 | Non-zero modes: 100
  λ=5.000e+00 | Epoch  10 | lr=1.0000e-03 | Recon MSE=9.438942e-04 | ‖ω‖₁=9.548598e-01 | Non-zero modes: 100
  λ=5.000e+00 | Epoch  20 | lr=1.0000e-03 | Recon MSE=9.534557e-04 | ‖ω‖₁=9.484530e-01 | Non-zero modes: 100
  λ=5.000e+00 | Epoch  30 | lr=1.0000e-03 | Recon MSE=9.584920e-04 | ‖ω‖₁=9.458279e-01 | Non-zero modes: 100
  λ=5.000e+00 | Epoch  40 | lr=1.0000e-03 | Recon MSE=9.718533e-04 | ‖ω‖₁=9.437764e-01 | Non-zero modes: 100
  λ=5.000e+00 | Epoch  50 | lr=1.0000e-03 | Recon MSE=9.467364e-04 | ‖ω‖₁=9.396244e-01 | Non-zero modes: 100
  λ=5.000e+00 | Epoch  60 | lr=1.0000e-03 | Recon MSE=9.643368e-04 | ‖ω‖₁=9.353051e-01 | Non-zero modes: 100
  λ=5.000e+00 | Epoch  70 | lr=1.0000e-03 | Recon MSE=9.490689e-04 | ‖ω‖₁=9.335243e-01 | Non-zero modes: 100
  λ=5.000e+00 | Epoch  80 | lr=1.0000e-03 | Recon MSE=9.819482e-04 | ‖ω‖₁=9.324854e-01 | Non-zero modes: 100
  λ=5.000e+00 | Epoch  90 | lr=1.0000e-03 | Recon MSE=9.628433e-04 | ‖ω‖₁=9.277415e-01 | Non-zero modes: 100
  λ=5.000e+00 | Epoch 100 | lr=1.0000e-03 | Recon MSE=9.540633e-04 | ‖ω‖₁=9.247649e-01 | Non-zero modes: 100
Number of selected modes unchanged for 2 consecutive iterations.
  → at λ=5.005e+00: r(λ)=100
  → selected modes: [0, 1, 2, 3, 4, 5, 6, 7, 8, 9, 10, 11, 12, 13, 14, 15, 16, 17, 18, 19, 20, 21, 22, 23, 24, 25, 26, 27, 28, 29, 30, 31, 32, 33, 34, 35, 36, 37, 38, 39, 40, 41, 42, 43, 44, 45, 46, 47, 48, 49, 50, 51, 52, 53, 54, 55, 56, 57, 58, 59, 60, 61, 62, 63, 64, 65, 66, 67, 68, 69, 70, 71, 72, 73, 74, 75, 76, 77, 78, 79, 80, 81, 82, 83, 84, 85, 86, 87, 88, 89, 90, 91, 92, 93, 94, 95, 96, 97, 98, 99]

-- Path iteration 4, λ = 5.008e+00
  λ=5.000e+00 | Epoch   1 | lr=1.0000e-03 | Recon MSE=9.753808e-04 | ‖ω‖₁=9.277502e-01 | Non-zero modes: 100
  λ=5.000e+00 | Epoch  10 | lr=1.0000e-03 | Recon MSE=9.502586e-04 | ‖ω‖₁=9.222631e-01 | Non-zero modes: 100
  λ=5.000e+00 | Epoch  20 | lr=1.0000e-03 | Recon MSE=9.380787e-04 | ‖ω‖₁=9.180171e-01 | Non-zero modes: 100
  λ=5.000e+00 | Epoch  30 | lr=1.0000e-03 | Recon MSE=9.446823e-04 | ‖ω‖₁=9.173290e-01 | Non-zero modes: 100
  λ=5.000e+00 | Epoch  40 | lr=1.0000e-03 | Recon MSE=9.580398e-04 | ‖ω‖₁=9.144325e-01 | Non-zero modes: 100
  λ=5.000e+00 | Epoch  50 | lr=1.0000e-03 | Recon MSE=9.479727e-04 | ‖ω‖₁=9.127653e-01 | Non-zero modes: 100
  λ=5.000e+00 | Epoch  60 | lr=1.0000e-03 | Recon MSE=9.596556e-04 | ‖ω‖₁=9.101464e-01 | Non-zero modes: 100
  λ=5.000e+00 | Epoch  70 | lr=1.0000e-03 | Recon MSE=9.898137e-04 | ‖ω‖₁=9.056535e-01 | Non-zero modes: 100
  λ=5.000e+00 | Epoch  80 | lr=1.0000e-03 | Recon MSE=9.785092e-04 | ‖ω‖₁=9.024404e-01 | Non-zero modes: 100
  λ=5.000e+00 | Epoch  90 | lr=1.0000e-03 | Recon MSE=9.603944e-04 | ‖ω‖₁=8.995983e-01 | Non-zero modes: 100
  λ=5.000e+00 | Epoch 100 | lr=1.0000e-03 | Recon MSE=9.590124e-04 | ‖ω‖₁=8.966030e-01 | Non-zero modes: 100
Number of selected modes unchanged for 3 consecutive iterations.
  → at λ=5.008e+00: r(λ)=100
  → selected modes: [0, 1, 2, 3, 4, 5, 6, 7, 8, 9, 10, 11, 12, 13, 14, 15, 16, 17, 18, 19, 20, 21, 22, 23, 24, 25, 26, 27, 28, 29, 30, 31, 32, 33, 34, 35, 36, 37, 38, 39, 40, 41, 42, 43, 44, 45, 46, 47, 48, 49, 50, 51, 52, 53, 54, 55, 56, 57, 58, 59, 60, 61, 62, 63, 64, 65, 66, 67, 68, 69, 70, 71, 72, 73, 74, 75, 76, 77, 78, 79, 80, 81, 82, 83, 84, 85, 86, 87, 88, 89, 90, 91, 92, 93, 94, 95, 96, 97, 98, 99]

-- Path iteration 5, λ = 5.010e+00
  λ=5.000e+00 | Epoch   1 | lr=1.0000e-03 | Recon MSE=9.572067e-04 | ‖ω‖₁=9.001165e-01 | Non-zero modes: 100
  λ=5.000e+00 | Epoch  10 | lr=1.0000e-03 | Recon MSE=9.088983e-04 | ‖ω‖₁=8.928608e-01 | Non-zero modes: 100
  λ=5.000e+00 | Epoch  20 | lr=1.0000e-03 | Recon MSE=9.200137e-04 | ‖ω‖₁=8.896171e-01 | Non-zero modes: 100
  λ=5.000e+00 | Epoch  30 | lr=1.0000e-03 | Recon MSE=9.790313e-04 | ‖ω‖₁=8.854895e-01 | Non-zero modes: 100
  λ=5.000e+00 | Epoch  40 | lr=1.0000e-03 | Recon MSE=9.067834e-04 | ‖ω‖₁=8.832560e-01 | Non-zero modes: 100
  λ=5.000e+00 | Epoch  50 | lr=1.0000e-03 | Recon MSE=9.478219e-04 | ‖ω‖₁=8.807282e-01 | Non-zero modes: 100
  λ=5.000e+00 | Epoch  60 | lr=1.0000e-03 | Recon MSE=9.360082e-04 | ‖ω‖₁=8.771452e-01 | Non-zero modes: 100
  λ=5.000e+00 | Epoch  70 | lr=1.0000e-03 | Recon MSE=9.133798e-04 | ‖ω‖₁=8.741916e-01 | Non-zero modes: 100
  λ=5.000e+00 | Epoch  80 | lr=1.0000e-03 | Recon MSE=9.373912e-04 | ‖ω‖₁=8.721319e-01 | Non-zero modes: 100
  λ=5.000e+00 | Epoch  90 | lr=1.0000e-03 | Recon MSE=9.563055e-04 | ‖ω‖₁=8.696968e-01 | Non-zero modes: 100
  λ=5.000e+00 | Epoch 100 | lr=1.0000e-03 | Recon MSE=9.245433e-04 | ‖ω‖₁=8.694115e-01 | Non-zero modes: 100
Number of selected modes unchanged for 4 consecutive iterations.
  → at λ=5.010e+00: r(λ)=100
  → selected modes: [0, 1, 2, 3, 4, 5, 6, 7, 8, 9, 10, 11, 12, 13, 14, 15, 16, 17, 18, 19, 20, 21, 22, 23, 24, 25, 26, 27, 28, 29, 30, 31, 32, 33, 34, 35, 36, 37, 38, 39, 40, 41, 42, 43, 44, 45, 46, 47, 48, 49, 50, 51, 52, 53, 54, 55, 56, 57, 58, 59, 60, 61, 62, 63, 64, 65, 66, 67, 68, 69, 70, 71, 72, 73, 74, 75, 76, 77, 78, 79, 80, 81, 82, 83, 84, 85, 86, 87, 88, 89, 90, 91, 92, 93, 94, 95, 96, 97, 98, 99]

-- Path iteration 6, λ = 5.013e+00
  λ=5.000e+00 | Epoch   1 | lr=1.0000e-03 | Recon MSE=9.571061e-04 | ‖ω‖₁=8.723407e-01 | Non-zero modes: 100
  λ=5.000e+00 | Epoch  10 | lr=1.0000e-03 | Recon MSE=9.277469e-04 | ‖ω‖₁=8.661024e-01 | Non-zero modes: 100
  λ=5.000e+00 | Epoch  20 | lr=1.0000e-03 | Recon MSE=9.607058e-04 | ‖ω‖₁=8.609267e-01 | Non-zero modes: 100
  λ=5.000e+00 | Epoch  30 | lr=1.0000e-03 | Recon MSE=9.262905e-04 | ‖ω‖₁=8.576640e-01 | Non-zero modes: 100
  λ=5.000e+00 | Epoch  40 | lr=1.0000e-03 | Recon MSE=9.275125e-04 | ‖ω‖₁=8.566211e-01 | Non-zero modes: 100
  λ=5.000e+00 | Epoch  50 | lr=1.0000e-03 | Recon MSE=9.186120e-04 | ‖ω‖₁=8.549790e-01 | Non-zero modes: 100
  λ=5.000e+00 | Epoch  60 | lr=1.0000e-03 | Recon MSE=9.636087e-04 | ‖ω‖₁=8.512267e-01 | Non-zero modes: 100
  λ=5.000e+00 | Epoch  70 | lr=1.0000e-03 | Recon MSE=9.323583e-04 | ‖ω‖₁=8.482675e-01 | Non-zero modes: 100
  λ=5.000e+00 | Epoch  80 | lr=1.0000e-03 | Recon MSE=9.348446e-04 | ‖ω‖₁=8.426495e-01 | Non-zero modes: 100
  λ=5.000e+00 | Epoch  90 | lr=1.0000e-03 | Recon MSE=9.568960e-04 | ‖ω‖₁=8.411091e-01 | Non-zero modes: 100
  λ=5.000e+00 | Epoch 100 | lr=1.0000e-03 | Recon MSE=9.307869e-04 | ‖ω‖₁=8.392413e-01 | Non-zero modes: 100
Number of selected modes unchanged for 5 consecutive iterations.
  → at λ=5.013e+00: r(λ)=100
  → selected modes: [0, 1, 2, 3, 4, 5, 6, 7, 8, 9, 10, 11, 12, 13, 14, 15, 16, 17, 18, 19, 20, 21, 22, 23, 24, 25, 26, 27, 28, 29, 30, 31, 32, 33, 34, 35, 36, 37, 38, 39, 40, 41, 42, 43, 44, 45, 46, 47, 48, 49, 50, 51, 52, 53, 54, 55, 56, 57, 58, 59, 60, 61, 62, 63, 64, 65, 66, 67, 68, 69, 70, 71, 72, 73, 74, 75, 76, 77, 78, 79, 80, 81, 82, 83, 84, 85, 86, 87, 88, 89, 90, 91, 92, 93, 94, 95, 96, 97, 98, 99]

-- Path iteration 7, λ = 5.015e+00
  λ=5.000e+00 | Epoch   1 | lr=1.0000e-03 | Recon MSE=9.957037e-04 | ‖ω‖₁=8.436102e-01 | Non-zero modes: 100
  λ=5.000e+00 | Epoch  10 | lr=1.0000e-03 | Recon MSE=9.276328e-04 | ‖ω‖₁=8.377081e-01 | Non-zero modes: 100
  λ=5.000e+00 | Epoch  20 | lr=1.0000e-03 | Recon MSE=9.352414e-04 | ‖ω‖₁=8.370915e-01 | Non-zero modes: 100
  λ=5.000e+00 | Epoch  30 | lr=1.0000e-03 | Recon MSE=9.383474e-04 | ‖ω‖₁=8.331189e-01 | Non-zero modes: 100
  λ=5.000e+00 | Epoch  40 | lr=1.0000e-03 | Recon MSE=9.244006e-04 | ‖ω‖₁=8.298636e-01 | Non-zero modes: 100
  λ=5.000e+00 | Epoch  50 | lr=1.0000e-03 | Recon MSE=9.414259e-04 | ‖ω‖₁=8.268094e-01 | Non-zero modes: 100
  λ=5.000e+00 | Epoch  60 | lr=1.0000e-03 | Recon MSE=9.319156e-04 | ‖ω‖₁=8.245697e-01 | Non-zero modes: 100
  λ=5.000e+00 | Epoch  70 | lr=1.0000e-03 | Recon MSE=9.521498e-04 | ‖ω‖₁=8.212623e-01 | Non-zero modes: 100
  λ=5.000e+00 | Epoch  80 | lr=1.0000e-03 | Recon MSE=9.268514e-04 | ‖ω‖₁=8.176318e-01 | Non-zero modes: 100
  λ=5.000e+00 | Epoch  90 | lr=1.0000e-03 | Recon MSE=9.632286e-04 | ‖ω‖₁=8.170505e-01 | Non-zero modes: 100
  λ=5.000e+00 | Epoch 100 | lr=1.0000e-03 | Recon MSE=9.230565e-04 | ‖ω‖₁=8.154420e-01 | Non-zero modes: 100
Number of selected modes unchanged for 6 consecutive iterations.
  → at λ=5.015e+00: r(λ)=100
  → selected modes: [0, 1, 2, 3, 4, 5, 6, 7, 8, 9, 10, 11, 12, 13, 14, 15, 16, 17, 18, 19, 20, 21, 22, 23, 24, 25, 26, 27, 28, 29, 30, 31, 32, 33, 34, 35, 36, 37, 38, 39, 40, 41, 42, 43, 44, 45, 46, 47, 48, 49, 50, 51, 52, 53, 54, 55, 56, 57, 58, 59, 60, 61, 62, 63, 64, 65, 66, 67, 68, 69, 70, 71, 72, 73, 74, 75, 76, 77, 78, 79, 80, 81, 82, 83, 84, 85, 86, 87, 88, 89, 90, 91, 92, 93, 94, 95, 96, 97, 98, 99]

-- Path iteration 8, λ = 5.018e+00
  λ=5.000e+00 | Epoch   1 | lr=1.0000e-03 | Recon MSE=9.786885e-04 | ‖ω‖₁=8.202650e-01 | Non-zero modes: 100
  λ=5.000e+00 | Epoch  10 | lr=1.0000e-03 | Recon MSE=9.397915e-04 | ‖ω‖₁=8.157944e-01 | Non-zero modes: 100
  λ=5.000e+00 | Epoch  20 | lr=1.0000e-03 | Recon MSE=9.273177e-04 | ‖ω‖₁=8.110314e-01 | Non-zero modes: 100
  λ=5.000e+00 | Epoch  30 | lr=1.0000e-03 | Recon MSE=9.684955e-04 | ‖ω‖₁=8.094727e-01 | Non-zero modes: 100
  λ=5.000e+00 | Epoch  40 | lr=1.0000e-03 | Recon MSE=9.359493e-04 | ‖ω‖₁=8.071900e-01 | Non-zero modes: 100
  λ=5.000e+00 | Epoch  50 | lr=1.0000e-03 | Recon MSE=9.118010e-04 | ‖ω‖₁=8.046810e-01 | Non-zero modes: 100
  λ=5.000e+00 | Epoch  60 | lr=1.0000e-03 | Recon MSE=8.878395e-04 | ‖ω‖₁=8.000936e-01 | Non-zero modes: 100
  λ=5.000e+00 | Epoch  70 | lr=1.0000e-03 | Recon MSE=9.265849e-04 | ‖ω‖₁=7.978017e-01 | Non-zero modes: 100
  λ=5.000e+00 | Epoch  80 | lr=1.0000e-03 | Recon MSE=9.486022e-04 | ‖ω‖₁=7.967566e-01 | Non-zero modes: 100
  λ=5.000e+00 | Epoch  90 | lr=1.0000e-03 | Recon MSE=9.498948e-04 | ‖ω‖₁=7.983724e-01 | Non-zero modes: 100
  λ=5.000e+00 | Epoch 100 | lr=1.0000e-03 | Recon MSE=9.273818e-04 | ‖ω‖₁=7.929975e-01 | Non-zero modes: 100
Number of selected modes unchanged for 7 consecutive iterations.
  → at λ=5.018e+00: r(λ)=100
  → selected modes: [0, 1, 2, 3, 4, 5, 6, 7, 8, 9, 10, 11, 12, 13, 14, 15, 16, 17, 18, 19, 20, 21, 22, 23, 24, 25, 26, 27, 28, 29, 30, 31, 32, 33, 34, 35, 36, 37, 38, 39, 40, 41, 42, 43, 44, 45, 46, 47, 48, 49, 50, 51, 52, 53, 54, 55, 56, 57, 58, 59, 60, 61, 62, 63, 64, 65, 66, 67, 68, 69, 70, 71, 72, 73, 74, 75, 76, 77, 78, 79, 80, 81, 82, 83, 84, 85, 86, 87, 88, 89, 90, 91, 92, 93, 94, 95, 96, 97, 98, 99]

-- Path iteration 9, λ = 5.020e+00
  λ=5.000e+00 | Epoch   1 | lr=1.0000e-03 | Recon MSE=9.226765e-04 | ‖ω‖₁=7.971282e-01 | Non-zero modes: 100
  λ=5.000e+00 | Epoch  10 | lr=1.0000e-03 | Recon MSE=9.544446e-04 | ‖ω‖₁=7.908143e-01 | Non-zero modes: 100
  λ=5.000e+00 | Epoch  20 | lr=1.0000e-03 | Recon MSE=9.206345e-04 | ‖ω‖₁=7.871555e-01 | Non-zero modes: 100
  λ=5.000e+00 | Epoch  30 | lr=1.0000e-03 | Recon MSE=9.765523e-04 | ‖ω‖₁=7.845991e-01 | Non-zero modes: 100
  λ=5.000e+00 | Epoch  40 | lr=1.0000e-03 | Recon MSE=9.415558e-04 | ‖ω‖₁=7.834008e-01 | Non-zero modes: 100
  λ=5.000e+00 | Epoch  50 | lr=1.0000e-03 | Recon MSE=9.121310e-04 | ‖ω‖₁=7.819176e-01 | Non-zero modes: 100
  λ=5.000e+00 | Epoch  60 | lr=1.0000e-03 | Recon MSE=9.517933e-04 | ‖ω‖₁=7.790145e-01 | Non-zero modes: 100
  λ=5.000e+00 | Epoch  70 | lr=1.0000e-03 | Recon MSE=9.263609e-04 | ‖ω‖₁=7.766656e-01 | Non-zero modes: 100
  λ=5.000e+00 | Epoch  80 | lr=1.0000e-03 | Recon MSE=9.520776e-04 | ‖ω‖₁=7.763932e-01 | Non-zero modes: 100
  λ=5.000e+00 | Epoch  90 | lr=1.0000e-03 | Recon MSE=9.315865e-04 | ‖ω‖₁=7.739825e-01 | Non-zero modes: 100
  λ=5.000e+00 | Epoch 100 | lr=1.0000e-03 | Recon MSE=9.714464e-04 | ‖ω‖₁=7.724515e-01 | Non-zero modes: 100
Number of selected modes unchanged for 8 consecutive iterations.
  → at λ=5.020e+00: r(λ)=100
  → selected modes: [0, 1, 2, 3, 4, 5, 6, 7, 8, 9, 10, 11, 12, 13, 14, 15, 16, 17, 18, 19, 20, 21, 22, 23, 24, 25, 26, 27, 28, 29, 30, 31, 32, 33, 34, 35, 36, 37, 38, 39, 40, 41, 42, 43, 44, 45, 46, 47, 48, 49, 50, 51, 52, 53, 54, 55, 56, 57, 58, 59, 60, 61, 62, 63, 64, 65, 66, 67, 68, 69, 70, 71, 72, 73, 74, 75, 76, 77, 78, 79, 80, 81, 82, 83, 84, 85, 86, 87, 88, 89, 90, 91, 92, 93, 94, 95, 96, 97, 98, 99]

-- Path iteration 10, λ = 5.023e+00
  λ=5.000e+00 | Epoch   1 | lr=1.0000e-03 | Recon MSE=9.640837e-04 | ‖ω‖₁=7.762256e-01 | Non-zero modes: 100
  λ=5.000e+00 | Epoch  10 | lr=1.0000e-03 | Recon MSE=9.175483e-04 | ‖ω‖₁=7.730659e-01 | Non-zero modes: 100
  λ=5.000e+00 | Epoch  20 | lr=1.0000e-03 | Recon MSE=9.387933e-04 | ‖ω‖₁=7.728005e-01 | Non-zero modes: 100
  λ=5.000e+00 | Epoch  30 | lr=1.0000e-03 | Recon MSE=9.316175e-04 | ‖ω‖₁=7.678887e-01 | Non-zero modes: 100
  λ=5.000e+00 | Epoch  40 | lr=1.0000e-03 | Recon MSE=8.993241e-04 | ‖ω‖₁=7.656435e-01 | Non-zero modes: 100
  λ=5.000e+00 | Epoch  50 | lr=1.0000e-03 | Recon MSE=9.166370e-04 | ‖ω‖₁=7.620641e-01 | Non-zero modes: 100
  λ=5.000e+00 | Epoch  60 | lr=1.0000e-03 | Recon MSE=9.321274e-04 | ‖ω‖₁=7.591108e-01 | Non-zero modes: 100
  λ=5.000e+00 | Epoch  70 | lr=1.0000e-03 | Recon MSE=9.605057e-04 | ‖ω‖₁=7.591113e-01 | Non-zero modes: 100
  λ=5.000e+00 | Epoch  80 | lr=1.0000e-03 | Recon MSE=9.460073e-04 | ‖ω‖₁=7.574056e-01 | Non-zero modes: 100
  λ=5.000e+00 | Epoch  90 | lr=1.0000e-03 | Recon MSE=9.290406e-04 | ‖ω‖₁=7.559577e-01 | Non-zero modes: 100
  λ=5.000e+00 | Epoch 100 | lr=1.0000e-03 | Recon MSE=9.483106e-04 | ‖ω‖₁=7.540537e-01 | Non-zero modes: 100
Number of selected modes unchanged for 9 consecutive iterations.
  → at λ=5.023e+00: r(λ)=100
  → selected modes: [0, 1, 2, 3, 4, 5, 6, 7, 8, 9, 10, 11, 12, 13, 14, 15, 16, 17, 18, 19, 20, 21, 22, 23, 24, 25, 26, 27, 28, 29, 30, 31, 32, 33, 34, 35, 36, 37, 38, 39, 40, 41, 42, 43, 44, 45, 46, 47, 48, 49, 50, 51, 52, 53, 54, 55, 56, 57, 58, 59, 60, 61, 62, 63, 64, 65, 66, 67, 68, 69, 70, 71, 72, 73, 74, 75, 76, 77, 78, 79, 80, 81, 82, 83, 84, 85, 86, 87, 88, 89, 90, 91, 92, 93, 94, 95, 96, 97, 98, 99]

-- Path iteration 11, λ = 5.025e+00
  λ=5.000e+00 | Epoch   1 | lr=1.0000e-03 | Recon MSE=9.585164e-04 | ‖ω‖₁=7.580228e-01 | Non-zero modes: 100
  λ=5.000e+00 | Epoch  10 | lr=1.0000e-03 | Recon MSE=9.560902e-04 | ‖ω‖₁=7.561374e-01 | Non-zero modes: 100
  λ=5.000e+00 | Epoch  20 | lr=1.0000e-03 | Recon MSE=8.954321e-04 | ‖ω‖₁=7.513953e-01 | Non-zero modes: 100
  λ=5.000e+00 | Epoch  30 | lr=1.0000e-03 | Recon MSE=9.027605e-04 | ‖ω‖₁=7.497466e-01 | Non-zero modes: 100
  λ=5.000e+00 | Epoch  40 | lr=1.0000e-03 | Recon MSE=9.203899e-04 | ‖ω‖₁=7.468367e-01 | Non-zero modes: 100
  λ=5.000e+00 | Epoch  50 | lr=1.0000e-03 | Recon MSE=9.271895e-04 | ‖ω‖₁=7.436441e-01 | Non-zero modes: 100
  λ=5.000e+00 | Epoch  60 | lr=1.0000e-03 | Recon MSE=9.453967e-04 | ‖ω‖₁=7.420539e-01 | Non-zero modes: 100
  λ=5.000e+00 | Epoch  70 | lr=1.0000e-03 | Recon MSE=9.398597e-04 | ‖ω‖₁=7.394857e-01 | Non-zero modes: 100
  λ=5.000e+00 | Epoch  80 | lr=1.0000e-03 | Recon MSE=9.225494e-04 | ‖ω‖₁=7.398202e-01 | Non-zero modes: 100
  λ=5.000e+00 | Epoch  90 | lr=1.0000e-03 | Recon MSE=9.280838e-04 | ‖ω‖₁=7.351506e-01 | Non-zero modes: 100
  λ=5.000e+00 | Epoch 100 | lr=1.0000e-03 | Recon MSE=9.033891e-04 | ‖ω‖₁=7.363226e-01 | Non-zero modes: 100
Number of selected modes unchanged for 10 consecutive iterations.
  → at λ=5.025e+00: r(λ)=100
  → selected modes: [0, 1, 2, 3, 4, 5, 6, 7, 8, 9, 10, 11, 12, 13, 14, 15, 16, 17, 18, 19, 20, 21, 22, 23, 24, 25, 26, 27, 28, 29, 30, 31, 32, 33, 34, 35, 36, 37, 38, 39, 40, 41, 42, 43, 44, 45, 46, 47, 48, 49, 50, 51, 52, 53, 54, 55, 56, 57, 58, 59, 60, 61, 62, 63, 64, 65, 66, 67, 68, 69, 70, 71, 72, 73, 74, 75, 76, 77, 78, 79, 80, 81, 82, 83, 84, 85, 86, 87, 88, 89, 90, 91, 92, 93, 94, 95, 96, 97, 98, 99]

-- Path iteration 12, λ = 5.028e+00
  λ=5.000e+00 | Epoch   1 | lr=1.0000e-03 | Recon MSE=9.468903e-04 | ‖ω‖₁=7.400540e-01 | Non-zero modes: 100
  λ=5.000e+00 | Epoch  10 | lr=1.0000e-03 | Recon MSE=9.450445e-04 | ‖ω‖₁=7.351241e-01 | Non-zero modes: 100
  λ=5.000e+00 | Epoch  20 | lr=1.0000e-03 | Recon MSE=9.378958e-04 | ‖ω‖₁=7.321855e-01 | Non-zero modes: 100
  λ=5.000e+00 | Epoch  30 | lr=1.0000e-03 | Recon MSE=9.154898e-04 | ‖ω‖₁=7.301417e-01 | Non-zero modes: 100
  λ=5.000e+00 | Epoch  40 | lr=1.0000e-03 | Recon MSE=9.188642e-04 | ‖ω‖₁=7.272317e-01 | Non-zero modes: 100
  λ=5.000e+00 | Epoch  50 | lr=1.0000e-03 | Recon MSE=8.956493e-04 | ‖ω‖₁=7.250861e-01 | Non-zero modes: 100
  λ=5.000e+00 | Epoch  60 | lr=1.0000e-03 | Recon MSE=9.398006e-04 | ‖ω‖₁=7.232181e-01 | Non-zero modes: 100
  λ=5.000e+00 | Epoch  70 | lr=1.0000e-03 | Recon MSE=9.212825e-04 | ‖ω‖₁=7.218296e-01 | Non-zero modes: 100
  λ=5.000e+00 | Epoch  80 | lr=1.0000e-03 | Recon MSE=9.278425e-04 | ‖ω‖₁=7.200212e-01 | Non-zero modes: 100
  λ=5.000e+00 | Epoch  90 | lr=1.0000e-03 | Recon MSE=9.376271e-04 | ‖ω‖₁=7.180841e-01 | Non-zero modes: 100
  λ=5.000e+00 | Epoch 100 | lr=1.0000e-03 | Recon MSE=9.189993e-04 | ‖ω‖₁=7.173834e-01 | Non-zero modes: 100
Number of selected modes unchanged for 11 consecutive iterations.
  → at λ=5.028e+00: r(λ)=100
  → selected modes: [0, 1, 2, 3, 4, 5, 6, 7, 8, 9, 10, 11, 12, 13, 14, 15, 16, 17, 18, 19, 20, 21, 22, 23, 24, 25, 26, 27, 28, 29, 30, 31, 32, 33, 34, 35, 36, 37, 38, 39, 40, 41, 42, 43, 44, 45, 46, 47, 48, 49, 50, 51, 52, 53, 54, 55, 56, 57, 58, 59, 60, 61, 62, 63, 64, 65, 66, 67, 68, 69, 70, 71, 72, 73, 74, 75, 76, 77, 78, 79, 80, 81, 82, 83, 84, 85, 86, 87, 88, 89, 90, 91, 92, 93, 94, 95, 96, 97, 98, 99]

-- Path iteration 13, λ = 5.030e+00
  λ=5.000e+00 | Epoch   1 | lr=1.0000e-03 | Recon MSE=9.400387e-04 | ‖ω‖₁=7.211118e-01 | Non-zero modes: 100
  λ=5.000e+00 | Epoch  10 | lr=1.0000e-03 | Recon MSE=9.544780e-04 | ‖ω‖₁=7.150296e-01 | Non-zero modes: 100
  λ=5.000e+00 | Epoch  20 | lr=1.0000e-03 | Recon MSE=9.468658e-04 | ‖ω‖₁=7.131617e-01 | Non-zero modes: 100
  λ=5.000e+00 | Epoch  30 | lr=1.0000e-03 | Recon MSE=9.083719e-04 | ‖ω‖₁=7.109623e-01 | Non-zero modes: 100
  λ=5.000e+00 | Epoch  40 | lr=1.0000e-03 | Recon MSE=9.275423e-04 | ‖ω‖₁=7.091247e-01 | Non-zero modes: 100
  λ=5.000e+00 | Epoch  50 | lr=1.0000e-03 | Recon MSE=9.306976e-04 | ‖ω‖₁=7.077642e-01 | Non-zero modes: 100
  λ=5.000e+00 | Epoch  60 | lr=1.0000e-03 | Recon MSE=9.295122e-04 | ‖ω‖₁=7.054008e-01 | Non-zero modes: 100
  λ=5.000e+00 | Epoch  70 | lr=1.0000e-03 | Recon MSE=9.371002e-04 | ‖ω‖₁=7.019913e-01 | Non-zero modes: 100
  λ=5.000e+00 | Epoch  80 | lr=1.0000e-03 | Recon MSE=9.400061e-04 | ‖ω‖₁=7.014322e-01 | Non-zero modes: 100
  λ=5.000e+00 | Epoch  90 | lr=1.0000e-03 | Recon MSE=9.593825e-04 | ‖ω‖₁=6.992598e-01 | Non-zero modes: 100
  λ=5.000e+00 | Epoch 100 | lr=1.0000e-03 | Recon MSE=9.468262e-04 | ‖ω‖₁=6.970742e-01 | Non-zero modes: 100
Number of selected modes unchanged for 12 consecutive iterations.
  → at λ=5.030e+00: r(λ)=100
  → selected modes: [0, 1, 2, 3, 4, 5, 6, 7, 8, 9, 10, 11, 12, 13, 14, 15, 16, 17, 18, 19, 20, 21, 22, 23, 24, 25, 26, 27, 28, 29, 30, 31, 32, 33, 34, 35, 36, 37, 38, 39, 40, 41, 42, 43, 44, 45, 46, 47, 48, 49, 50, 51, 52, 53, 54, 55, 56, 57, 58, 59, 60, 61, 62, 63, 64, 65, 66, 67, 68, 69, 70, 71, 72, 73, 74, 75, 76, 77, 78, 79, 80, 81, 82, 83, 84, 85, 86, 87, 88, 89, 90, 91, 92, 93, 94, 95, 96, 97, 98, 99]

-- Path iteration 14, λ = 5.033e+00
  λ=5.000e+00 | Epoch   1 | lr=1.0000e-03 | Recon MSE=9.603478e-04 | ‖ω‖₁=7.022097e-01 | Non-zero modes: 100
  λ=5.000e+00 | Epoch  10 | lr=1.0000e-03 | Recon MSE=9.298112e-04 | ‖ω‖₁=6.995116e-01 | Non-zero modes: 100
  λ=5.000e+00 | Epoch  20 | lr=1.0000e-03 | Recon MSE=9.308517e-04 | ‖ω‖₁=6.958104e-01 | Non-zero modes: 100
  λ=5.000e+00 | Epoch  30 | lr=1.0000e-03 | Recon MSE=9.536607e-04 | ‖ω‖₁=6.943870e-01 | Non-zero modes: 100
  λ=5.000e+00 | Epoch  40 | lr=1.0000e-03 | Recon MSE=9.274759e-04 | ‖ω‖₁=6.925145e-01 | Non-zero modes: 100
  λ=5.000e+00 | Epoch  50 | lr=1.0000e-03 | Recon MSE=9.556328e-04 | ‖ω‖₁=6.901845e-01 | Non-zero modes: 100
  λ=5.000e+00 | Epoch  60 | lr=1.0000e-03 | Recon MSE=9.457629e-04 | ‖ω‖₁=6.896097e-01 | Non-zero modes: 100
  λ=5.000e+00 | Epoch  70 | lr=1.0000e-03 | Recon MSE=9.282629e-04 | ‖ω‖₁=6.862528e-01 | Non-zero modes: 100
  λ=5.000e+00 | Epoch  80 | lr=1.0000e-03 | Recon MSE=9.422814e-04 | ‖ω‖₁=6.854676e-01 | Non-zero modes: 100
  λ=5.000e+00 | Epoch  90 | lr=1.0000e-03 | Recon MSE=9.563299e-04 | ‖ω‖₁=6.835536e-01 | Non-zero modes: 100
  λ=5.000e+00 | Epoch 100 | lr=1.0000e-03 | Recon MSE=9.365494e-04 | ‖ω‖₁=6.830877e-01 | Non-zero modes: 100
Number of selected modes unchanged for 13 consecutive iterations.
  → at λ=5.033e+00: r(λ)=100
  → selected modes: [0, 1, 2, 3, 4, 5, 6, 7, 8, 9, 10, 11, 12, 13, 14, 15, 16, 17, 18, 19, 20, 21, 22, 23, 24, 25, 26, 27, 28, 29, 30, 31, 32, 33, 34, 35, 36, 37, 38, 39, 40, 41, 42, 43, 44, 45, 46, 47, 48, 49, 50, 51, 52, 53, 54, 55, 56, 57, 58, 59, 60, 61, 62, 63, 64, 65, 66, 67, 68, 69, 70, 71, 72, 73, 74, 75, 76, 77, 78, 79, 80, 81, 82, 83, 84, 85, 86, 87, 88, 89, 90, 91, 92, 93, 94, 95, 96, 97, 98, 99]

-- Path iteration 15, λ = 5.035e+00
  λ=5.000e+00 | Epoch   1 | lr=1.0000e-03 | Recon MSE=9.635241e-04 | ‖ω‖₁=6.882115e-01 | Non-zero modes: 100
  λ=5.000e+00 | Epoch  10 | lr=1.0000e-03 | Recon MSE=9.321489e-04 | ‖ω‖₁=6.824369e-01 | Non-zero modes: 100
  λ=5.000e+00 | Epoch  20 | lr=1.0000e-03 | Recon MSE=9.397583e-04 | ‖ω‖₁=6.793716e-01 | Non-zero modes: 100
  λ=5.000e+00 | Epoch  30 | lr=1.0000e-03 | Recon MSE=9.139371e-04 | ‖ω‖₁=6.787244e-01 | Non-zero modes: 100
  λ=5.000e+00 | Epoch  40 | lr=1.0000e-03 | Recon MSE=9.000103e-04 | ‖ω‖₁=6.766870e-01 | Non-zero modes: 100
  λ=5.000e+00 | Epoch  50 | lr=1.0000e-03 | Recon MSE=9.340860e-04 | ‖ω‖₁=6.759163e-01 | Non-zero modes: 100
  λ=5.000e+00 | Epoch  60 | lr=1.0000e-03 | Recon MSE=9.332812e-04 | ‖ω‖₁=6.751656e-01 | Non-zero modes: 100
  λ=5.000e+00 | Epoch  70 | lr=1.0000e-03 | Recon MSE=9.659851e-04 | ‖ω‖₁=6.733565e-01 | Non-zero modes: 100
  λ=5.000e+00 | Epoch  80 | lr=1.0000e-03 | Recon MSE=9.419319e-04 | ‖ω‖₁=6.719423e-01 | Non-zero modes: 100
  λ=5.000e+00 | Epoch  90 | lr=1.0000e-03 | Recon MSE=9.514888e-04 | ‖ω‖₁=6.717594e-01 | Non-zero modes: 100
  λ=5.000e+00 | Epoch 100 | lr=1.0000e-03 | Recon MSE=9.414908e-04 | ‖ω‖₁=6.690491e-01 | Non-zero modes: 100
Number of selected modes unchanged for 14 consecutive iterations.
  → at λ=5.035e+00: r(λ)=100
  → selected modes: [0, 1, 2, 3, 4, 5, 6, 7, 8, 9, 10, 11, 12, 13, 14, 15, 16, 17, 18, 19, 20, 21, 22, 23, 24, 25, 26, 27, 28, 29, 30, 31, 32, 33, 34, 35, 36, 37, 38, 39, 40, 41, 42, 43, 44, 45, 46, 47, 48, 49, 50, 51, 52, 53, 54, 55, 56, 57, 58, 59, 60, 61, 62, 63, 64, 65, 66, 67, 68, 69, 70, 71, 72, 73, 74, 75, 76, 77, 78, 79, 80, 81, 82, 83, 84, 85, 86, 87, 88, 89, 90, 91, 92, 93, 94, 95, 96, 97, 98, 99]

-- Path iteration 16, λ = 5.038e+00
  λ=5.000e+00 | Epoch   1 | lr=1.0000e-03 | Recon MSE=9.689467e-04 | ‖ω‖₁=6.737833e-01 | Non-zero modes: 100
  λ=5.000e+00 | Epoch  10 | lr=1.0000e-03 | Recon MSE=9.611889e-04 | ‖ω‖₁=6.695862e-01 | Non-zero modes: 100
  λ=5.000e+00 | Epoch  20 | lr=1.0000e-03 | Recon MSE=9.629670e-04 | ‖ω‖₁=6.659776e-01 | Non-zero modes: 100
  λ=5.000e+00 | Epoch  30 | lr=1.0000e-03 | Recon MSE=9.118991e-04 | ‖ω‖₁=6.631295e-01 | Non-zero modes: 100
  λ=5.000e+00 | Epoch  40 | lr=1.0000e-03 | Recon MSE=9.257687e-04 | ‖ω‖₁=6.601615e-01 | Non-zero modes: 100
  λ=5.000e+00 | Epoch  50 | lr=1.0000e-03 | Recon MSE=9.578267e-04 | ‖ω‖₁=6.602984e-01 | Non-zero modes: 100
  λ=5.000e+00 | Epoch  60 | lr=1.0000e-03 | Recon MSE=9.550637e-04 | ‖ω‖₁=6.592141e-01 | Non-zero modes: 100
  λ=5.000e+00 | Epoch  70 | lr=1.0000e-03 | Recon MSE=9.770462e-04 | ‖ω‖₁=6.584804e-01 | Non-zero modes: 100
  λ=5.000e+00 | Epoch  80 | lr=1.0000e-03 | Recon MSE=8.863240e-04 | ‖ω‖₁=6.546216e-01 | Non-zero modes: 100
  λ=5.000e+00 | Epoch  90 | lr=1.0000e-03 | Recon MSE=9.538459e-04 | ‖ω‖₁=6.551974e-01 | Non-zero modes: 100
  λ=5.000e+00 | Epoch 100 | lr=1.0000e-03 | Recon MSE=9.622664e-04 | ‖ω‖₁=6.559863e-01 | Non-zero modes: 100
Number of selected modes unchanged for 15 consecutive iterations.
  → at λ=5.038e+00: r(λ)=100
  → selected modes: [0, 1, 2, 3, 4, 5, 6, 7, 8, 9, 10, 11, 12, 13, 14, 15, 16, 17, 18, 19, 20, 21, 22, 23, 24, 25, 26, 27, 28, 29, 30, 31, 32, 33, 34, 35, 36, 37, 38, 39, 40, 41, 42, 43, 44, 45, 46, 47, 48, 49, 50, 51, 52, 53, 54, 55, 56, 57, 58, 59, 60, 61, 62, 63, 64, 65, 66, 67, 68, 69, 70, 71, 72, 73, 74, 75, 76, 77, 78, 79, 80, 81, 82, 83, 84, 85, 86, 87, 88, 89, 90, 91, 92, 93, 94, 95, 96, 97, 98, 99]

-- Path iteration 17, λ = 5.040e+00
  λ=5.000e+00 | Epoch   1 | lr=1.0000e-03 | Recon MSE=9.196776e-04 | ‖ω‖₁=6.603235e-01 | Non-zero modes: 100
  λ=5.000e+00 | Epoch  10 | lr=1.0000e-03 | Recon MSE=9.170806e-04 | ‖ω‖₁=6.531032e-01 | Non-zero modes: 100
  λ=5.000e+00 | Epoch  20 | lr=1.0000e-03 | Recon MSE=9.140876e-04 | ‖ω‖₁=6.491816e-01 | Non-zero modes: 100
  λ=5.000e+00 | Epoch  30 | lr=1.0000e-03 | Recon MSE=9.231640e-04 | ‖ω‖₁=6.487404e-01 | Non-zero modes: 100
  λ=5.000e+00 | Epoch  40 | lr=1.0000e-03 | Recon MSE=9.234086e-04 | ‖ω‖₁=6.447847e-01 | Non-zero modes: 100
  λ=5.000e+00 | Epoch  50 | lr=1.0000e-03 | Recon MSE=9.285084e-04 | ‖ω‖₁=6.439335e-01 | Non-zero modes: 100
  λ=5.000e+00 | Epoch  60 | lr=1.0000e-03 | Recon MSE=9.417454e-04 | ‖ω‖₁=6.439598e-01 | Non-zero modes: 100
  λ=5.000e+00 | Epoch  70 | lr=1.0000e-03 | Recon MSE=9.066106e-04 | ‖ω‖₁=6.414469e-01 | Non-zero modes: 100
  λ=5.000e+00 | Epoch  80 | lr=1.0000e-03 | Recon MSE=9.621477e-04 | ‖ω‖₁=6.402571e-01 | Non-zero modes: 100
  λ=5.000e+00 | Epoch  90 | lr=1.0000e-03 | Recon MSE=9.152108e-04 | ‖ω‖₁=6.414968e-01 | Non-zero modes: 100
  λ=5.000e+00 | Epoch 100 | lr=1.0000e-03 | Recon MSE=9.084874e-04 | ‖ω‖₁=6.387252e-01 | Non-zero modes: 100
Number of selected modes unchanged for 16 consecutive iterations.
  → at λ=5.040e+00: r(λ)=100
  → selected modes: [0, 1, 2, 3, 4, 5, 6, 7, 8, 9, 10, 11, 12, 13, 14, 15, 16, 17, 18, 19, 20, 21, 22, 23, 24, 25, 26, 27, 28, 29, 30, 31, 32, 33, 34, 35, 36, 37, 38, 39, 40, 41, 42, 43, 44, 45, 46, 47, 48, 49, 50, 51, 52, 53, 54, 55, 56, 57, 58, 59, 60, 61, 62, 63, 64, 65, 66, 67, 68, 69, 70, 71, 72, 73, 74, 75, 76, 77, 78, 79, 80, 81, 82, 83, 84, 85, 86, 87, 88, 89, 90, 91, 92, 93, 94, 95, 96, 97, 98, 99]

-- Path iteration 18, λ = 5.043e+00
  λ=5.000e+00 | Epoch   1 | lr=1.0000e-03 | Recon MSE=9.572116e-04 | ‖ω‖₁=6.436368e-01 | Non-zero modes: 100
  λ=5.000e+00 | Epoch  10 | lr=1.0000e-03 | Recon MSE=9.375594e-04 | ‖ω‖₁=6.409452e-01 | Non-zero modes: 100
  λ=5.000e+00 | Epoch  20 | lr=1.0000e-03 | Recon MSE=9.196453e-04 | ‖ω‖₁=6.371144e-01 | Non-zero modes: 100
  λ=5.000e+00 | Epoch  30 | lr=1.0000e-03 | Recon MSE=9.145599e-04 | ‖ω‖₁=6.349859e-01 | Non-zero modes: 100
  λ=5.000e+00 | Epoch  40 | lr=1.0000e-03 | Recon MSE=9.431785e-04 | ‖ω‖₁=6.335700e-01 | Non-zero modes: 100
  λ=5.000e+00 | Epoch  50 | lr=1.0000e-03 | Recon MSE=9.286447e-04 | ‖ω‖₁=6.313117e-01 | Non-zero modes: 100
  λ=5.000e+00 | Epoch  60 | lr=1.0000e-03 | Recon MSE=9.253570e-04 | ‖ω‖₁=6.292595e-01 | Non-zero modes: 100
  λ=5.000e+00 | Epoch  70 | lr=1.0000e-03 | Recon MSE=9.301317e-04 | ‖ω‖₁=6.284214e-01 | Non-zero modes: 100
  λ=5.000e+00 | Epoch  80 | lr=1.0000e-03 | Recon MSE=9.288790e-04 | ‖ω‖₁=6.272130e-01 | Non-zero modes: 100
  λ=5.000e+00 | Epoch  90 | lr=1.0000e-03 | Recon MSE=9.113673e-04 | ‖ω‖₁=6.241449e-01 | Non-zero modes: 100
  λ=5.000e+00 | Epoch 100 | lr=1.0000e-03 | Recon MSE=8.990387e-04 | ‖ω‖₁=6.233806e-01 | Non-zero modes: 100
Number of selected modes unchanged for 17 consecutive iterations.
  → at λ=5.043e+00: r(λ)=100
  → selected modes: [0, 1, 2, 3, 4, 5, 6, 7, 8, 9, 10, 11, 12, 13, 14, 15, 16, 17, 18, 19, 20, 21, 22, 23, 24, 25, 26, 27, 28, 29, 30, 31, 32, 33, 34, 35, 36, 37, 38, 39, 40, 41, 42, 43, 44, 45, 46, 47, 48, 49, 50, 51, 52, 53, 54, 55, 56, 57, 58, 59, 60, 61, 62, 63, 64, 65, 66, 67, 68, 69, 70, 71, 72, 73, 74, 75, 76, 77, 78, 79, 80, 81, 82, 83, 84, 85, 86, 87, 88, 89, 90, 91, 92, 93, 94, 95, 96, 97, 98, 99]

-- Path iteration 19, λ = 5.045e+00
  λ=5.000e+00 | Epoch   1 | lr=1.0000e-03 | Recon MSE=9.357328e-04 | ‖ω‖₁=6.285810e-01 | Non-zero modes: 100
  λ=5.000e+00 | Epoch  10 | lr=1.0000e-03 | Recon MSE=9.058251e-04 | ‖ω‖₁=6.247587e-01 | Non-zero modes: 100
  λ=5.000e+00 | Epoch  20 | lr=1.0000e-03 | Recon MSE=9.110069e-04 | ‖ω‖₁=6.214975e-01 | Non-zero modes: 100
  λ=5.000e+00 | Epoch  30 | lr=1.0000e-03 | Recon MSE=9.823321e-04 | ‖ω‖₁=6.213205e-01 | Non-zero modes: 100
  λ=5.000e+00 | Epoch  40 | lr=1.0000e-03 | Recon MSE=9.334175e-04 | ‖ω‖₁=6.183884e-01 | Non-zero modes: 100
  λ=5.000e+00 | Epoch  50 | lr=1.0000e-03 | Recon MSE=9.485921e-04 | ‖ω‖₁=6.157414e-01 | Non-zero modes: 100
  λ=5.000e+00 | Epoch  60 | lr=1.0000e-03 | Recon MSE=9.317545e-04 | ‖ω‖₁=6.157718e-01 | Non-zero modes: 100
  λ=5.000e+00 | Epoch  70 | lr=1.0000e-03 | Recon MSE=9.744675e-04 | ‖ω‖₁=6.122323e-01 | Non-zero modes: 100
  λ=5.000e+00 | Epoch  80 | lr=1.0000e-03 | Recon MSE=9.190829e-04 | ‖ω‖₁=6.106589e-01 | Non-zero modes: 100
  λ=5.000e+00 | Epoch  90 | lr=1.0000e-03 | Recon MSE=9.366809e-04 | ‖ω‖₁=6.087301e-01 | Non-zero modes: 100
  λ=5.000e+00 | Epoch 100 | lr=1.0000e-03 | Recon MSE=9.135815e-04 | ‖ω‖₁=6.072793e-01 | Non-zero modes: 100
Number of selected modes unchanged for 18 consecutive iterations.
  → at λ=5.045e+00: r(λ)=100
  → selected modes: [0, 1, 2, 3, 4, 5, 6, 7, 8, 9, 10, 11, 12, 13, 14, 15, 16, 17, 18, 19, 20, 21, 22, 23, 24, 25, 26, 27, 28, 29, 30, 31, 32, 33, 34, 35, 36, 37, 38, 39, 40, 41, 42, 43, 44, 45, 46, 47, 48, 49, 50, 51, 52, 53, 54, 55, 56, 57, 58, 59, 60, 61, 62, 63, 64, 65, 66, 67, 68, 69, 70, 71, 72, 73, 74, 75, 76, 77, 78, 79, 80, 81, 82, 83, 84, 85, 86, 87, 88, 89, 90, 91, 92, 93, 94, 95, 96, 97, 98, 99]

-- Path iteration 20, λ = 5.048e+00
  λ=5.000e+00 | Epoch   1 | lr=1.0000e-03 | Recon MSE=9.367506e-04 | ‖ω‖₁=6.117058e-01 | Non-zero modes: 100
  λ=5.000e+00 | Epoch  10 | lr=1.0000e-03 | Recon MSE=9.629687e-04 | ‖ω‖₁=6.085728e-01 | Non-zero modes: 100
  λ=5.000e+00 | Epoch  20 | lr=1.0000e-03 | Recon MSE=9.561497e-04 | ‖ω‖₁=6.033411e-01 | Non-zero modes: 100
  λ=5.000e+00 | Epoch  30 | lr=1.0000e-03 | Recon MSE=9.135195e-04 | ‖ω‖₁=6.014720e-01 | Non-zero modes: 100
  λ=5.000e+00 | Epoch  40 | lr=1.0000e-03 | Recon MSE=9.211162e-04 | ‖ω‖₁=5.998314e-01 | Non-zero modes: 100
  λ=5.000e+00 | Epoch  50 | lr=1.0000e-03 | Recon MSE=9.190291e-04 | ‖ω‖₁=6.004914e-01 | Non-zero modes: 100
  λ=5.000e+00 | Epoch  60 | lr=1.0000e-03 | Recon MSE=9.260955e-04 | ‖ω‖₁=6.002870e-01 | Non-zero modes: 100
  λ=5.000e+00 | Epoch  70 | lr=1.0000e-03 | Recon MSE=9.208233e-04 | ‖ω‖₁=5.971243e-01 | Non-zero modes: 100
  λ=5.000e+00 | Epoch  80 | lr=1.0000e-03 | Recon MSE=9.506479e-04 | ‖ω‖₁=5.973744e-01 | Non-zero modes: 100
  λ=5.000e+00 | Epoch  90 | lr=1.0000e-03 | Recon MSE=9.651364e-04 | ‖ω‖₁=5.962138e-01 | Non-zero modes: 100
  λ=5.000e+00 | Epoch 100 | lr=1.0000e-03 | Recon MSE=9.153329e-04 | ‖ω‖₁=5.937246e-01 | Non-zero modes: 100
Number of selected modes unchanged for 19 consecutive iterations.
  → at λ=5.048e+00: r(λ)=100
  → selected modes: [0, 1, 2, 3, 4, 5, 6, 7, 8, 9, 10, 11, 12, 13, 14, 15, 16, 17, 18, 19, 20, 21, 22, 23, 24, 25, 26, 27, 28, 29, 30, 31, 32, 33, 34, 35, 36, 37, 38, 39, 40, 41, 42, 43, 44, 45, 46, 47, 48, 49, 50, 51, 52, 53, 54, 55, 56, 57, 58, 59, 60, 61, 62, 63, 64, 65, 66, 67, 68, 69, 70, 71, 72, 73, 74, 75, 76, 77, 78, 79, 80, 81, 82, 83, 84, 85, 86, 87, 88, 89, 90, 91, 92, 93, 94, 95, 96, 97, 98, 99]

-- Path iteration 21, λ = 5.050e+00
  λ=5.000e+00 | Epoch   1 | lr=1.0000e-03 | Recon MSE=9.342684e-04 | ‖ω‖₁=5.993784e-01 | Non-zero modes: 100
  λ=5.000e+00 | Epoch  10 | lr=1.0000e-03 | Recon MSE=9.445650e-04 | ‖ω‖₁=5.967803e-01 | Non-zero modes: 100
  λ=5.000e+00 | Epoch  20 | lr=1.0000e-03 | Recon MSE=9.602130e-04 | ‖ω‖₁=5.922316e-01 | Non-zero modes: 100
  λ=5.000e+00 | Epoch  30 | lr=1.0000e-03 | Recon MSE=8.981964e-04 | ‖ω‖₁=5.913359e-01 | Non-zero modes: 100
  λ=5.000e+00 | Epoch  40 | lr=1.0000e-03 | Recon MSE=9.715101e-04 | ‖ω‖₁=5.899086e-01 | Non-zero modes: 100
  λ=5.000e+00 | Epoch  50 | lr=1.0000e-03 | Recon MSE=9.060319e-04 | ‖ω‖₁=5.911166e-01 | Non-zero modes: 100
  λ=5.000e+00 | Epoch  60 | lr=1.0000e-03 | Recon MSE=9.461381e-04 | ‖ω‖₁=5.901954e-01 | Non-zero modes: 100
  λ=5.000e+00 | Epoch  70 | lr=1.0000e-03 | Recon MSE=9.484290e-04 | ‖ω‖₁=5.887299e-01 | Non-zero modes: 100
  λ=5.000e+00 | Epoch  80 | lr=1.0000e-03 | Recon MSE=8.982153e-04 | ‖ω‖₁=5.881289e-01 | Non-zero modes: 100
  λ=5.000e+00 | Epoch  90 | lr=1.0000e-03 | Recon MSE=9.434048e-04 | ‖ω‖₁=5.851372e-01 | Non-zero modes: 100
  λ=5.000e+00 | Epoch 100 | lr=1.0000e-03 | Recon MSE=9.454801e-04 | ‖ω‖₁=5.840693e-01 | Non-zero modes: 100
Number of selected modes unchanged for 20 consecutive iterations.
  → at λ=5.050e+00: r(λ)=100
  → selected modes: [0, 1, 2, 3, 4, 5, 6, 7, 8, 9, 10, 11, 12, 13, 14, 15, 16, 17, 18, 19, 20, 21, 22, 23, 24, 25, 26, 27, 28, 29, 30, 31, 32, 33, 34, 35, 36, 37, 38, 39, 40, 41, 42, 43, 44, 45, 46, 47, 48, 49, 50, 51, 52, 53, 54, 55, 56, 57, 58, 59, 60, 61, 62, 63, 64, 65, 66, 67, 68, 69, 70, 71, 72, 73, 74, 75, 76, 77, 78, 79, 80, 81, 82, 83, 84, 85, 86, 87, 88, 89, 90, 91, 92, 93, 94, 95, 96, 97, 98, 99]

-- Path iteration 22, λ = 5.053e+00
  λ=5.000e+00 | Epoch   1 | lr=1.0000e-03 | Recon MSE=9.545100e-04 | ‖ω‖₁=5.883125e-01 | Non-zero modes: 100
  λ=5.000e+00 | Epoch  10 | lr=1.0000e-03 | Recon MSE=9.046377e-04 | ‖ω‖₁=5.834096e-01 | Non-zero modes: 99
  λ=5.000e+00 | Epoch  20 | lr=1.0000e-03 | Recon MSE=9.157880e-04 | ‖ω‖₁=5.821351e-01 | Non-zero modes: 99
  λ=5.000e+00 | Epoch  30 | lr=1.0000e-03 | Recon MSE=9.423737e-04 | ‖ω‖₁=5.819507e-01 | Non-zero modes: 99
  λ=5.000e+00 | Epoch  40 | lr=1.0000e-03 | Recon MSE=9.418342e-04 | ‖ω‖₁=5.807218e-01 | Non-zero modes: 99
  λ=5.000e+00 | Epoch  50 | lr=1.0000e-03 | Recon MSE=9.102881e-04 | ‖ω‖₁=5.793494e-01 | Non-zero modes: 99
  λ=5.000e+00 | Epoch  60 | lr=1.0000e-03 | Recon MSE=9.372854e-04 | ‖ω‖₁=5.791138e-01 | Non-zero modes: 99
  λ=5.000e+00 | Epoch  70 | lr=1.0000e-03 | Recon MSE=9.354860e-04 | ‖ω‖₁=5.784303e-01 | Non-zero modes: 99
  λ=5.000e+00 | Epoch  80 | lr=1.0000e-03 | Recon MSE=9.304515e-04 | ‖ω‖₁=5.747005e-01 | Non-zero modes: 99
  λ=5.000e+00 | Epoch  90 | lr=1.0000e-03 | Recon MSE=9.226329e-04 | ‖ω‖₁=5.726911e-01 | Non-zero modes: 98
  λ=5.000e+00 | Epoch 100 | lr=1.0000e-03 | Recon MSE=9.121171e-04 | ‖ω‖₁=5.726731e-01 | Non-zero modes: 97
  → at λ=5.053e+00: r(λ)=97
  → selected modes: [0, 1, 2, 3, 4, 5, 6, 7, 8, 9, 10, 11, 12, 13, 14, 15, 16, 17, 18, 19, 20, 21, 22, 23, 24, 25, 26, 27, 28, 29, 30, 31, 32, 33, 34, 35, 36, 37, 38, 39, 40, 41, 42, 43, 44, 45, 46, 47, 48, 49, 50, 51, 52, 53, 54, 55, 56, 57, 58, 59, 60, 61, 62, 63, 64, 65, 66, 67, 68, 69, 70, 71, 72, 73, 74, 75, 76, 77, 78, 79, 80, 81, 83, 84, 85, 86, 88, 89, 90, 91, 92, 93, 94, 95, 97, 98, 99]

-- Path iteration 23, λ = 5.055e+00
  λ=5.000e+00 | Epoch   1 | lr=1.0000e-03 | Recon MSE=9.224046e-04 | ‖ω‖₁=5.762477e-01 | Non-zero modes: 97
  λ=5.000e+00 | Epoch  10 | lr=1.0000e-03 | Recon MSE=9.167198e-04 | ‖ω‖₁=5.729842e-01 | Non-zero modes: 97
  λ=5.000e+00 | Epoch  20 | lr=1.0000e-03 | Recon MSE=9.301611e-04 | ‖ω‖₁=5.715946e-01 | Non-zero modes: 97
  λ=5.000e+00 | Epoch  30 | lr=1.0000e-03 | Recon MSE=9.266843e-04 | ‖ω‖₁=5.689656e-01 | Non-zero modes: 97
  λ=5.000e+00 | Epoch  40 | lr=1.0000e-03 | Recon MSE=9.393884e-04 | ‖ω‖₁=5.692650e-01 | Non-zero modes: 97
  λ=5.000e+00 | Epoch  50 | lr=1.0000e-03 | Recon MSE=9.552548e-04 | ‖ω‖₁=5.675449e-01 | Non-zero modes: 97
  λ=5.000e+00 | Epoch  60 | lr=1.0000e-03 | Recon MSE=9.135286e-04 | ‖ω‖₁=5.674098e-01 | Non-zero modes: 97
  λ=5.000e+00 | Epoch  70 | lr=1.0000e-03 | Recon MSE=9.586181e-04 | ‖ω‖₁=5.678820e-01 | Non-zero modes: 97
  λ=5.000e+00 | Epoch  80 | lr=1.0000e-03 | Recon MSE=9.335140e-04 | ‖ω‖₁=5.688594e-01 | Non-zero modes: 96
  λ=5.000e+00 | Epoch  90 | lr=1.0000e-03 | Recon MSE=9.455902e-04 | ‖ω‖₁=5.668987e-01 | Non-zero modes: 95
  λ=5.000e+00 | Epoch 100 | lr=1.0000e-03 | Recon MSE=9.280979e-04 | ‖ω‖₁=5.659762e-01 | Non-zero modes: 95
  → at λ=5.055e+00: r(λ)=95
  → selected modes: [0, 1, 2, 3, 4, 5, 6, 7, 8, 9, 10, 11, 12, 13, 14, 15, 16, 17, 18, 19, 20, 21, 22, 23, 24, 25, 26, 27, 28, 29, 30, 31, 32, 33, 34, 35, 36, 37, 38, 39, 40, 41, 42, 43, 44, 45, 46, 47, 48, 49, 50, 51, 52, 53, 54, 55, 56, 57, 58, 59, 60, 61, 62, 63, 64, 65, 66, 67, 68, 69, 70, 71, 72, 73, 74, 75, 76, 77, 78, 79, 80, 81, 83, 84, 85, 86, 88, 91, 92, 93, 94, 95, 97, 98, 99]

-- Path iteration 24, λ = 5.058e+00
  λ=5.000e+00 | Epoch   1 | lr=1.0000e-03 | Recon MSE=9.734731e-04 | ‖ω‖₁=5.706252e-01 | Non-zero modes: 95
  λ=5.000e+00 | Epoch  10 | lr=1.0000e-03 | Recon MSE=9.490165e-04 | ‖ω‖₁=5.662195e-01 | Non-zero modes: 95
  λ=5.000e+00 | Epoch  20 | lr=1.0000e-03 | Recon MSE=9.022644e-04 | ‖ω‖₁=5.627135e-01 | Non-zero modes: 95
  λ=5.000e+00 | Epoch  30 | lr=1.0000e-03 | Recon MSE=9.333637e-04 | ‖ω‖₁=5.599906e-01 | Non-zero modes: 93
  λ=5.000e+00 | Epoch  40 | lr=1.0000e-03 | Recon MSE=9.239586e-04 | ‖ω‖₁=5.619710e-01 | Non-zero modes: 92
  λ=5.000e+00 | Epoch  50 | lr=1.0000e-03 | Recon MSE=9.263247e-04 | ‖ω‖₁=5.627898e-01 | Non-zero modes: 92
  λ=5.000e+00 | Epoch  60 | lr=1.0000e-03 | Recon MSE=9.089619e-04 | ‖ω‖₁=5.612704e-01 | Non-zero modes: 92
  λ=5.000e+00 | Epoch  70 | lr=1.0000e-03 | Recon MSE=9.014257e-04 | ‖ω‖₁=5.589791e-01 | Non-zero modes: 92
  λ=5.000e+00 | Epoch  80 | lr=1.0000e-03 | Recon MSE=9.271724e-04 | ‖ω‖₁=5.605610e-01 | Non-zero modes: 90
  λ=5.000e+00 | Epoch  90 | lr=1.0000e-03 | Recon MSE=9.078270e-04 | ‖ω‖₁=5.588549e-01 | Non-zero modes: 90
  λ=5.000e+00 | Epoch 100 | lr=1.0000e-03 | Recon MSE=9.329320e-04 | ‖ω‖₁=5.569699e-01 | Non-zero modes: 89
  → at λ=5.058e+00: r(λ)=89
  → selected modes: [0, 1, 2, 3, 4, 5, 6, 7, 8, 9, 10, 11, 12, 13, 14, 15, 16, 17, 18, 19, 20, 21, 22, 23, 24, 25, 26, 27, 28, 29, 30, 31, 32, 33, 34, 35, 36, 37, 38, 39, 40, 41, 42, 43, 44, 45, 46, 47, 48, 49, 50, 51, 52, 53, 54, 55, 56, 57, 58, 59, 60, 61, 62, 63, 64, 65, 66, 67, 68, 69, 70, 71, 72, 73, 75, 76, 77, 78, 79, 80, 81, 83, 85, 86, 91, 92, 93, 95, 97]

-- Path iteration 25, λ = 5.060e+00
  λ=5.000e+00 | Epoch   1 | lr=1.0000e-03 | Recon MSE=9.048004e-04 | ‖ω‖₁=5.614650e-01 | Non-zero modes: 89
  λ=5.000e+00 | Epoch  10 | lr=1.0000e-03 | Recon MSE=9.280368e-04 | ‖ω‖₁=5.568013e-01 | Non-zero modes: 89
  λ=5.000e+00 | Epoch  20 | lr=1.0000e-03 | Recon MSE=9.147028e-04 | ‖ω‖₁=5.531052e-01 | Non-zero modes: 89
  λ=5.000e+00 | Epoch  30 | lr=1.0000e-03 | Recon MSE=9.649477e-04 | ‖ω‖₁=5.528832e-01 | Non-zero modes: 88
  λ=5.000e+00 | Epoch  40 | lr=1.0000e-03 | Recon MSE=9.074552e-04 | ‖ω‖₁=5.540978e-01 | Non-zero modes: 87
  λ=5.000e+00 | Epoch  50 | lr=1.0000e-03 | Recon MSE=9.542664e-04 | ‖ω‖₁=5.528132e-01 | Non-zero modes: 87
  λ=5.000e+00 | Epoch  60 | lr=1.0000e-03 | Recon MSE=9.646145e-04 | ‖ω‖₁=5.522359e-01 | Non-zero modes: 86
  λ=5.000e+00 | Epoch  70 | lr=1.0000e-03 | Recon MSE=9.249168e-04 | ‖ω‖₁=5.526510e-01 | Non-zero modes: 86
  λ=5.000e+00 | Epoch  80 | lr=1.0000e-03 | Recon MSE=9.343292e-04 | ‖ω‖₁=5.515813e-01 | Non-zero modes: 85
  λ=5.000e+00 | Epoch  90 | lr=1.0000e-03 | Recon MSE=9.353905e-04 | ‖ω‖₁=5.492599e-01 | Non-zero modes: 85
  λ=5.000e+00 | Epoch 100 | lr=1.0000e-03 | Recon MSE=9.170922e-04 | ‖ω‖₁=5.482763e-01 | Non-zero modes: 84
  → at λ=5.060e+00: r(λ)=84
  → selected modes: [0, 1, 2, 3, 4, 5, 6, 7, 8, 9, 10, 11, 12, 13, 14, 15, 16, 17, 18, 19, 20, 21, 22, 23, 24, 25, 26, 27, 28, 29, 30, 31, 32, 33, 34, 35, 36, 37, 38, 39, 40, 41, 42, 43, 44, 45, 46, 47, 48, 49, 50, 51, 52, 53, 54, 55, 56, 57, 58, 59, 60, 61, 62, 63, 64, 65, 66, 67, 68, 69, 70, 71, 72, 73, 75, 77, 78, 79, 80, 81, 83, 85, 92, 97]

-- Path iteration 26, λ = 5.063e+00
  λ=5.000e+00 | Epoch   1 | lr=1.0000e-03 | Recon MSE=9.399346e-04 | ‖ω‖₁=5.527378e-01 | Non-zero modes: 83
  λ=5.000e+00 | Epoch  10 | lr=1.0000e-03 | Recon MSE=9.171662e-04 | ‖ω‖₁=5.505200e-01 | Non-zero modes: 83
  λ=5.000e+00 | Epoch  20 | lr=1.0000e-03 | Recon MSE=9.312846e-04 | ‖ω‖₁=5.489663e-01 | Non-zero modes: 82
  λ=5.000e+00 | Epoch  30 | lr=1.0000e-03 | Recon MSE=9.184477e-04 | ‖ω‖₁=5.478252e-01 | Non-zero modes: 80
  λ=5.000e+00 | Epoch  40 | lr=1.0000e-03 | Recon MSE=9.511129e-04 | ‖ω‖₁=5.456388e-01 | Non-zero modes: 80
  λ=5.000e+00 | Epoch  50 | lr=1.0000e-03 | Recon MSE=8.804291e-04 | ‖ω‖₁=5.458873e-01 | Non-zero modes: 80
  λ=5.000e+00 | Epoch  60 | lr=1.0000e-03 | Recon MSE=9.593087e-04 | ‖ω‖₁=5.455351e-01 | Non-zero modes: 80
  λ=5.000e+00 | Epoch  70 | lr=1.0000e-03 | Recon MSE=9.114569e-04 | ‖ω‖₁=5.452319e-01 | Non-zero modes: 80
  λ=5.000e+00 | Epoch  80 | lr=1.0000e-03 | Recon MSE=9.508755e-04 | ‖ω‖₁=5.451153e-01 | Non-zero modes: 80
  λ=5.000e+00 | Epoch  90 | lr=1.0000e-03 | Recon MSE=9.486126e-04 | ‖ω‖₁=5.455873e-01 | Non-zero modes: 79
  λ=5.000e+00 | Epoch 100 | lr=1.0000e-03 | Recon MSE=9.528148e-04 | ‖ω‖₁=5.443924e-01 | Non-zero modes: 79
  → at λ=5.063e+00: r(λ)=79
  → selected modes: [0, 1, 2, 3, 4, 5, 6, 7, 8, 9, 10, 11, 12, 13, 14, 15, 16, 17, 18, 19, 20, 21, 22, 23, 24, 25, 26, 27, 28, 29, 30, 31, 32, 33, 34, 35, 36, 37, 38, 39, 40, 41, 42, 43, 44, 45, 46, 47, 48, 49, 50, 51, 52, 53, 54, 55, 56, 57, 58, 59, 60, 61, 62, 63, 64, 65, 66, 67, 68, 69, 70, 71, 72, 73, 77, 78, 79, 83, 97]

-- Path iteration 27, λ = 5.065e+00
  λ=5.000e+00 | Epoch   1 | lr=1.0000e-03 | Recon MSE=9.621080e-04 | ‖ω‖₁=5.487814e-01 | Non-zero modes: 79
  λ=5.000e+00 | Epoch  10 | lr=1.0000e-03 | Recon MSE=9.320834e-04 | ‖ω‖₁=5.470319e-01 | Non-zero modes: 78
  λ=5.000e+00 | Epoch  20 | lr=1.0000e-03 | Recon MSE=8.945868e-04 | ‖ω‖₁=5.444178e-01 | Non-zero modes: 78
  λ=5.000e+00 | Epoch  30 | lr=1.0000e-03 | Recon MSE=9.323659e-04 | ‖ω‖₁=5.437023e-01 | Non-zero modes: 77
  λ=5.000e+00 | Epoch  40 | lr=1.0000e-03 | Recon MSE=9.808306e-04 | ‖ω‖₁=5.449508e-01 | Non-zero modes: 76
  λ=5.000e+00 | Epoch  50 | lr=1.0000e-03 | Recon MSE=9.161430e-04 | ‖ω‖₁=5.453896e-01 | Non-zero modes: 76
  λ=5.000e+00 | Epoch  60 | lr=1.0000e-03 | Recon MSE=9.092662e-04 | ‖ω‖₁=5.472002e-01 | Non-zero modes: 76
  λ=5.000e+00 | Epoch  70 | lr=1.0000e-03 | Recon MSE=9.100753e-04 | ‖ω‖₁=5.442592e-01 | Non-zero modes: 75
  λ=5.000e+00 | Epoch  80 | lr=1.0000e-03 | Recon MSE=9.273885e-04 | ‖ω‖₁=5.401124e-01 | Non-zero modes: 75
  λ=5.000e+00 | Epoch  90 | lr=1.0000e-03 | Recon MSE=9.086667e-04 | ‖ω‖₁=5.400618e-01 | Non-zero modes: 75
  λ=5.000e+00 | Epoch 100 | lr=1.0000e-03 | Recon MSE=9.328059e-04 | ‖ω‖₁=5.412040e-01 | Non-zero modes: 75
  → at λ=5.065e+00: r(λ)=75
  → selected modes: [0, 1, 2, 3, 4, 5, 6, 7, 8, 9, 10, 11, 12, 13, 14, 15, 16, 17, 18, 19, 20, 21, 22, 23, 24, 25, 26, 27, 28, 29, 30, 31, 32, 33, 34, 35, 36, 37, 38, 39, 40, 41, 42, 43, 44, 45, 46, 47, 48, 49, 50, 51, 52, 53, 54, 55, 56, 57, 58, 59, 60, 61, 62, 63, 64, 65, 66, 67, 68, 69, 70, 71, 72, 73, 78]

-- Path iteration 28, λ = 5.068e+00
  λ=5.000e+00 | Epoch   1 | lr=1.0000e-03 | Recon MSE=9.207808e-04 | ‖ω‖₁=5.450981e-01 | Non-zero modes: 75
  λ=5.000e+00 | Epoch  10 | lr=1.0000e-03 | Recon MSE=9.027193e-04 | ‖ω‖₁=5.403760e-01 | Non-zero modes: 75
  λ=5.000e+00 | Epoch  20 | lr=1.0000e-03 | Recon MSE=9.094073e-04 | ‖ω‖₁=5.412330e-01 | Non-zero modes: 74
  λ=5.000e+00 | Epoch  30 | lr=1.0000e-03 | Recon MSE=9.241580e-04 | ‖ω‖₁=5.399114e-01 | Non-zero modes: 74
  λ=5.000e+00 | Epoch  40 | lr=1.0000e-03 | Recon MSE=9.414085e-04 | ‖ω‖₁=5.402487e-01 | Non-zero modes: 74
  λ=5.000e+00 | Epoch  50 | lr=1.0000e-03 | Recon MSE=9.106276e-04 | ‖ω‖₁=5.399554e-01 | Non-zero modes: 74
  λ=5.000e+00 | Epoch  60 | lr=1.0000e-03 | Recon MSE=9.088809e-04 | ‖ω‖₁=5.408503e-01 | Non-zero modes: 74
  λ=5.000e+00 | Epoch  70 | lr=1.0000e-03 | Recon MSE=9.065421e-04 | ‖ω‖₁=5.393175e-01 | Non-zero modes: 74
  λ=5.000e+00 | Epoch  80 | lr=1.0000e-03 | Recon MSE=9.511414e-04 | ‖ω‖₁=5.399551e-01 | Non-zero modes: 74
  λ=5.000e+00 | Epoch  90 | lr=1.0000e-03 | Recon MSE=9.537113e-04 | ‖ω‖₁=5.394636e-01 | Non-zero modes: 74
  λ=5.000e+00 | Epoch 100 | lr=1.0000e-03 | Recon MSE=9.296803e-04 | ‖ω‖₁=5.399566e-01 | Non-zero modes: 74
  → at λ=5.068e+00: r(λ)=74
  → selected modes: [0, 1, 2, 3, 4, 5, 6, 7, 8, 9, 10, 11, 12, 13, 14, 15, 16, 17, 18, 19, 20, 21, 22, 23, 24, 25, 26, 27, 28, 29, 30, 31, 32, 33, 34, 35, 36, 37, 38, 39, 40, 41, 42, 43, 44, 45, 46, 47, 48, 49, 50, 51, 52, 53, 54, 55, 56, 57, 58, 59, 60, 61, 62, 63, 64, 65, 66, 67, 68, 69, 70, 71, 72, 73]

-- Path iteration 29, λ = 5.070e+00
  λ=5.000e+00 | Epoch   1 | lr=1.0000e-03 | Recon MSE=9.355699e-04 | ‖ω‖₁=5.445947e-01 | Non-zero modes: 73
  λ=5.000e+00 | Epoch  10 | lr=1.0000e-03 | Recon MSE=8.858908e-04 | ‖ω‖₁=5.415350e-01 | Non-zero modes: 73
  λ=5.000e+00 | Epoch  20 | lr=1.0000e-03 | Recon MSE=9.008146e-04 | ‖ω‖₁=5.397639e-01 | Non-zero modes: 73
  λ=5.000e+00 | Epoch  30 | lr=1.0000e-03 | Recon MSE=9.329169e-04 | ‖ω‖₁=5.392014e-01 | Non-zero modes: 73
  λ=5.000e+00 | Epoch  40 | lr=1.0000e-03 | Recon MSE=9.024892e-04 | ‖ω‖₁=5.382080e-01 | Non-zero modes: 73
  λ=5.000e+00 | Epoch  50 | lr=1.0000e-03 | Recon MSE=9.206221e-04 | ‖ω‖₁=5.370515e-01 | Non-zero modes: 73
  λ=5.000e+00 | Epoch  60 | lr=1.0000e-03 | Recon MSE=8.759788e-04 | ‖ω‖₁=5.375160e-01 | Non-zero modes: 73
  λ=5.000e+00 | Epoch  70 | lr=1.0000e-03 | Recon MSE=8.995083e-04 | ‖ω‖₁=5.376455e-01 | Non-zero modes: 73
  λ=5.000e+00 | Epoch  80 | lr=1.0000e-03 | Recon MSE=9.113707e-04 | ‖ω‖₁=5.371903e-01 | Non-zero modes: 73
  λ=5.000e+00 | Epoch  90 | lr=1.0000e-03 | Recon MSE=9.463689e-04 | ‖ω‖₁=5.386744e-01 | Non-zero modes: 73
  λ=5.000e+00 | Epoch 100 | lr=1.0000e-03 | Recon MSE=8.933315e-04 | ‖ω‖₁=5.372338e-01 | Non-zero modes: 73
  → at λ=5.070e+00: r(λ)=73
  → selected modes: [0, 1, 2, 3, 4, 5, 6, 7, 8, 9, 10, 11, 12, 13, 14, 15, 16, 17, 18, 19, 20, 21, 22, 23, 24, 25, 26, 27, 28, 29, 30, 31, 32, 33, 34, 35, 36, 37, 38, 39, 40, 41, 42, 43, 44, 45, 46, 47, 48, 49, 50, 51, 52, 53, 54, 55, 56, 57, 58, 59, 60, 61, 62, 63, 64, 65, 66, 67, 68, 69, 70, 71, 72]

-- Path iteration 30, λ = 5.073e+00
  λ=5.000e+00 | Epoch   1 | lr=1.0000e-03 | Recon MSE=9.758781e-04 | ‖ω‖₁=5.415213e-01 | Non-zero modes: 73
  λ=5.000e+00 | Epoch  10 | lr=1.0000e-03 | Recon MSE=9.222611e-04 | ‖ω‖₁=5.372278e-01 | Non-zero modes: 73
  λ=5.000e+00 | Epoch  20 | lr=1.0000e-03 | Recon MSE=9.638355e-04 | ‖ω‖₁=5.336605e-01 | Non-zero modes: 73
  λ=5.000e+00 | Epoch  30 | lr=1.0000e-03 | Recon MSE=9.271075e-04 | ‖ω‖₁=5.360959e-01 | Non-zero modes: 73
  λ=5.000e+00 | Epoch  40 | lr=1.0000e-03 | Recon MSE=9.427078e-04 | ‖ω‖₁=5.342766e-01 | Non-zero modes: 73
  λ=5.000e+00 | Epoch  50 | lr=1.0000e-03 | Recon MSE=8.874845e-04 | ‖ω‖₁=5.334420e-01 | Non-zero modes: 73
  λ=5.000e+00 | Epoch  60 | lr=1.0000e-03 | Recon MSE=9.607435e-04 | ‖ω‖₁=5.334280e-01 | Non-zero modes: 73
  λ=5.000e+00 | Epoch  70 | lr=1.0000e-03 | Recon MSE=9.139100e-04 | ‖ω‖₁=5.326889e-01 | Non-zero modes: 73
  λ=5.000e+00 | Epoch  80 | lr=1.0000e-03 | Recon MSE=9.326340e-04 | ‖ω‖₁=5.317956e-01 | Non-zero modes: 73
  λ=5.000e+00 | Epoch  90 | lr=1.0000e-03 | Recon MSE=8.853487e-04 | ‖ω‖₁=5.296264e-01 | Non-zero modes: 73
  λ=5.000e+00 | Epoch 100 | lr=1.0000e-03 | Recon MSE=9.163128e-04 | ‖ω‖₁=5.316580e-01 | Non-zero modes: 73
Number of selected modes unchanged for 1 consecutive iterations.
  → at λ=5.073e+00: r(λ)=73
  → selected modes: [0, 1, 2, 3, 4, 5, 6, 7, 8, 9, 10, 11, 12, 13, 14, 15, 16, 17, 18, 19, 20, 21, 22, 23, 24, 25, 26, 27, 28, 29, 30, 31, 32, 33, 34, 35, 36, 37, 38, 39, 40, 41, 42, 43, 44, 45, 46, 47, 48, 49, 50, 51, 52, 53, 54, 55, 56, 57, 58, 59, 60, 61, 62, 63, 64, 65, 66, 67, 68, 69, 70, 71, 72]

-- Path iteration 31, λ = 5.076e+00
  λ=5.000e+00 | Epoch   1 | lr=1.0000e-03 | Recon MSE=9.503719e-04 | ‖ω‖₁=5.350548e-01 | Non-zero modes: 73
  λ=5.000e+00 | Epoch  10 | lr=1.0000e-03 | Recon MSE=9.150093e-04 | ‖ω‖₁=5.323414e-01 | Non-zero modes: 73
  λ=5.000e+00 | Epoch  20 | lr=1.0000e-03 | Recon MSE=9.051055e-04 | ‖ω‖₁=5.289939e-01 | Non-zero modes: 73
  λ=5.000e+00 | Epoch  30 | lr=1.0000e-03 | Recon MSE=9.021215e-04 | ‖ω‖₁=5.297969e-01 | Non-zero modes: 73
  λ=5.000e+00 | Epoch  40 | lr=1.0000e-03 | Recon MSE=8.849661e-04 | ‖ω‖₁=5.287071e-01 | Non-zero modes: 73
  λ=5.000e+00 | Epoch  50 | lr=1.0000e-03 | Recon MSE=9.319267e-04 | ‖ω‖₁=5.292917e-01 | Non-zero modes: 73
  λ=5.000e+00 | Epoch  60 | lr=1.0000e-03 | Recon MSE=9.190421e-04 | ‖ω‖₁=5.288353e-01 | Non-zero modes: 73
  λ=5.000e+00 | Epoch  70 | lr=1.0000e-03 | Recon MSE=9.727000e-04 | ‖ω‖₁=5.299472e-01 | Non-zero modes: 73
  λ=5.000e+00 | Epoch  80 | lr=1.0000e-03 | Recon MSE=9.557663e-04 | ‖ω‖₁=5.307388e-01 | Non-zero modes: 73
  λ=5.000e+00 | Epoch  90 | lr=1.0000e-03 | Recon MSE=9.380384e-04 | ‖ω‖₁=5.275173e-01 | Non-zero modes: 73
  λ=5.000e+00 | Epoch 100 | lr=1.0000e-03 | Recon MSE=9.326891e-04 | ‖ω‖₁=5.268289e-01 | Non-zero modes: 73
Number of selected modes unchanged for 2 consecutive iterations.
  → at λ=5.076e+00: r(λ)=73
  → selected modes: [0, 1, 2, 3, 4, 5, 6, 7, 8, 9, 10, 11, 12, 13, 14, 15, 16, 17, 18, 19, 20, 21, 22, 23, 24, 25, 26, 27, 28, 29, 30, 31, 32, 33, 34, 35, 36, 37, 38, 39, 40, 41, 42, 43, 44, 45, 46, 47, 48, 49, 50, 51, 52, 53, 54, 55, 56, 57, 58, 59, 60, 61, 62, 63, 64, 65, 66, 67, 68, 69, 70, 71, 72]

-- Path iteration 32, λ = 5.078e+00
  λ=5.000e+00 | Epoch   1 | lr=1.0000e-03 | Recon MSE=9.995408e-04 | ‖ω‖₁=5.318645e-01 | Non-zero modes: 73
  λ=5.000e+00 | Epoch  10 | lr=1.0000e-03 | Recon MSE=9.236957e-04 | ‖ω‖₁=5.287815e-01 | Non-zero modes: 73
  λ=5.000e+00 | Epoch  20 | lr=1.0000e-03 | Recon MSE=9.041553e-04 | ‖ω‖₁=5.265980e-01 | Non-zero modes: 73
  λ=5.000e+00 | Epoch  30 | lr=1.0000e-03 | Recon MSE=9.374146e-04 | ‖ω‖₁=5.259744e-01 | Non-zero modes: 73
  λ=5.000e+00 | Epoch  40 | lr=1.0000e-03 | Recon MSE=9.122080e-04 | ‖ω‖₁=5.269603e-01 | Non-zero modes: 73
  λ=5.000e+00 | Epoch  50 | lr=1.0000e-03 | Recon MSE=8.779470e-04 | ‖ω‖₁=5.256092e-01 | Non-zero modes: 73
  λ=5.000e+00 | Epoch  60 | lr=1.0000e-03 | Recon MSE=9.037983e-04 | ‖ω‖₁=5.237657e-01 | Non-zero modes: 72
  λ=5.000e+00 | Epoch  70 | lr=1.0000e-03 | Recon MSE=9.157881e-04 | ‖ω‖₁=5.237286e-01 | Non-zero modes: 72
  λ=5.000e+00 | Epoch  80 | lr=1.0000e-03 | Recon MSE=9.102448e-04 | ‖ω‖₁=5.229010e-01 | Non-zero modes: 72
  λ=5.000e+00 | Epoch  90 | lr=1.0000e-03 | Recon MSE=9.377202e-04 | ‖ω‖₁=5.239668e-01 | Non-zero modes: 72
  λ=5.000e+00 | Epoch 100 | lr=1.0000e-03 | Recon MSE=9.117062e-04 | ‖ω‖₁=5.249170e-01 | Non-zero modes: 72
  → at λ=5.078e+00: r(λ)=72
  → selected modes: [0, 1, 2, 3, 4, 5, 6, 7, 8, 9, 10, 11, 12, 13, 14, 15, 16, 17, 18, 19, 20, 21, 22, 23, 24, 25, 26, 27, 28, 29, 30, 31, 32, 33, 34, 35, 36, 37, 38, 39, 40, 41, 42, 43, 44, 45, 46, 47, 48, 49, 50, 51, 52, 53, 54, 55, 56, 57, 58, 59, 60, 61, 62, 63, 64, 65, 66, 67, 68, 69, 70, 71]

-- Path iteration 33, λ = 5.081e+00
  λ=5.000e+00 | Epoch   1 | lr=1.0000e-03 | Recon MSE=9.641640e-04 | ‖ω‖₁=5.296972e-01 | Non-zero modes: 72
  λ=5.000e+00 | Epoch  10 | lr=1.0000e-03 | Recon MSE=9.307210e-04 | ‖ω‖₁=5.275581e-01 | Non-zero modes: 72
  λ=5.000e+00 | Epoch  20 | lr=1.0000e-03 | Recon MSE=9.387484e-04 | ‖ω‖₁=5.255646e-01 | Non-zero modes: 72
  λ=5.000e+00 | Epoch  30 | lr=1.0000e-03 | Recon MSE=9.223645e-04 | ‖ω‖₁=5.242075e-01 | Non-zero modes: 72
  λ=5.000e+00 | Epoch  40 | lr=1.0000e-03 | Recon MSE=9.643716e-04 | ‖ω‖₁=5.253531e-01 | Non-zero modes: 72
  λ=5.000e+00 | Epoch  50 | lr=1.0000e-03 | Recon MSE=9.187436e-04 | ‖ω‖₁=5.251810e-01 | Non-zero modes: 72
  λ=5.000e+00 | Epoch  60 | lr=1.0000e-03 | Recon MSE=8.895891e-04 | ‖ω‖₁=5.247180e-01 | Non-zero modes: 72
  λ=5.000e+00 | Epoch  70 | lr=1.0000e-03 | Recon MSE=9.733189e-04 | ‖ω‖₁=5.259346e-01 | Non-zero modes: 72
  λ=5.000e+00 | Epoch  80 | lr=1.0000e-03 | Recon MSE=9.369506e-04 | ‖ω‖₁=5.231041e-01 | Non-zero modes: 72
  λ=5.000e+00 | Epoch  90 | lr=1.0000e-03 | Recon MSE=9.481937e-04 | ‖ω‖₁=5.244163e-01 | Non-zero modes: 72
  λ=5.000e+00 | Epoch 100 | lr=1.0000e-03 | Recon MSE=9.552862e-04 | ‖ω‖₁=5.236112e-01 | Non-zero modes: 72
Number of selected modes unchanged for 1 consecutive iterations.
  → at λ=5.081e+00: r(λ)=72
  → selected modes: [0, 1, 2, 3, 4, 5, 6, 7, 8, 9, 10, 11, 12, 13, 14, 15, 16, 17, 18, 19, 20, 21, 22, 23, 24, 25, 26, 27, 28, 29, 30, 31, 32, 33, 34, 35, 36, 37, 38, 39, 40, 41, 42, 43, 44, 45, 46, 47, 48, 49, 50, 51, 52, 53, 54, 55, 56, 57, 58, 59, 60, 61, 62, 63, 64, 65, 66, 67, 68, 69, 70, 71]

-- Path iteration 34, λ = 5.083e+00
  λ=5.000e+00 | Epoch   1 | lr=1.0000e-03 | Recon MSE=9.514872e-04 | ‖ω‖₁=5.278177e-01 | Non-zero modes: 72
  λ=5.000e+00 | Epoch  10 | lr=1.0000e-03 | Recon MSE=9.501199e-04 | ‖ω‖₁=5.276864e-01 | Non-zero modes: 72
  λ=5.000e+00 | Epoch  20 | lr=1.0000e-03 | Recon MSE=9.555697e-04 | ‖ω‖₁=5.245817e-01 | Non-zero modes: 72
  λ=5.000e+00 | Epoch  30 | lr=1.0000e-03 | Recon MSE=8.978527e-04 | ‖ω‖₁=5.221428e-01 | Non-zero modes: 72
  λ=5.000e+00 | Epoch  40 | lr=1.0000e-03 | Recon MSE=9.380130e-04 | ‖ω‖₁=5.231034e-01 | Non-zero modes: 72
  λ=5.000e+00 | Epoch  50 | lr=1.0000e-03 | Recon MSE=9.277086e-04 | ‖ω‖₁=5.207552e-01 | Non-zero modes: 72
  λ=5.000e+00 | Epoch  60 | lr=1.0000e-03 | Recon MSE=9.276972e-04 | ‖ω‖₁=5.202927e-01 | Non-zero modes: 72
  λ=5.000e+00 | Epoch  70 | lr=1.0000e-03 | Recon MSE=9.271413e-04 | ‖ω‖₁=5.211788e-01 | Non-zero modes: 72
  λ=5.000e+00 | Epoch  80 | lr=1.0000e-03 | Recon MSE=9.664913e-04 | ‖ω‖₁=5.218278e-01 | Non-zero modes: 72
  λ=5.000e+00 | Epoch  90 | lr=1.0000e-03 | Recon MSE=9.073089e-04 | ‖ω‖₁=5.207310e-01 | Non-zero modes: 72
  λ=5.000e+00 | Epoch 100 | lr=1.0000e-03 | Recon MSE=9.116646e-04 | ‖ω‖₁=5.223401e-01 | Non-zero modes: 72
Number of selected modes unchanged for 2 consecutive iterations.
  → at λ=5.083e+00: r(λ)=72
  → selected modes: [0, 1, 2, 3, 4, 5, 6, 7, 8, 9, 10, 11, 12, 13, 14, 15, 16, 17, 18, 19, 20, 21, 22, 23, 24, 25, 26, 27, 28, 29, 30, 31, 32, 33, 34, 35, 36, 37, 38, 39, 40, 41, 42, 43, 44, 45, 46, 47, 48, 49, 50, 51, 52, 53, 54, 55, 56, 57, 58, 59, 60, 61, 62, 63, 64, 65, 66, 67, 68, 69, 70, 71]

-- Path iteration 35, λ = 5.086e+00
  λ=5.000e+00 | Epoch   1 | lr=1.0000e-03 | Recon MSE=9.419755e-04 | ‖ω‖₁=5.261459e-01 | Non-zero modes: 72
  λ=5.000e+00 | Epoch  10 | lr=1.0000e-03 | Recon MSE=9.590630e-04 | ‖ω‖₁=5.227120e-01 | Non-zero modes: 72
  λ=5.000e+00 | Epoch  20 | lr=1.0000e-03 | Recon MSE=9.992731e-04 | ‖ω‖₁=5.208354e-01 | Non-zero modes: 72
  λ=5.000e+00 | Epoch  30 | lr=1.0000e-03 | Recon MSE=9.664337e-04 | ‖ω‖₁=5.208025e-01 | Non-zero modes: 72
  λ=5.000e+00 | Epoch  40 | lr=1.0000e-03 | Recon MSE=9.240143e-04 | ‖ω‖₁=5.214289e-01 | Non-zero modes: 72
  λ=5.000e+00 | Epoch  50 | lr=1.0000e-03 | Recon MSE=8.938773e-04 | ‖ω‖₁=5.222978e-01 | Non-zero modes: 72
  λ=5.000e+00 | Epoch  60 | lr=1.0000e-03 | Recon MSE=9.067315e-04 | ‖ω‖₁=5.193731e-01 | Non-zero modes: 72
  λ=5.000e+00 | Epoch  70 | lr=1.0000e-03 | Recon MSE=8.992914e-04 | ‖ω‖₁=5.189285e-01 | Non-zero modes: 72
  λ=5.000e+00 | Epoch  80 | lr=1.0000e-03 | Recon MSE=9.202774e-04 | ‖ω‖₁=5.214055e-01 | Non-zero modes: 72
  λ=5.000e+00 | Epoch  90 | lr=1.0000e-03 | Recon MSE=9.341936e-04 | ‖ω‖₁=5.203617e-01 | Non-zero modes: 72
  λ=5.000e+00 | Epoch 100 | lr=1.0000e-03 | Recon MSE=9.011386e-04 | ‖ω‖₁=5.223299e-01 | Non-zero modes: 72
Number of selected modes unchanged for 3 consecutive iterations.
  → at λ=5.086e+00: r(λ)=72
  → selected modes: [0, 1, 2, 3, 4, 5, 6, 7, 8, 9, 10, 11, 12, 13, 14, 15, 16, 17, 18, 19, 20, 21, 22, 23, 24, 25, 26, 27, 28, 29, 30, 31, 32, 33, 34, 35, 36, 37, 38, 39, 40, 41, 42, 43, 44, 45, 46, 47, 48, 49, 50, 51, 52, 53, 54, 55, 56, 57, 58, 59, 60, 61, 62, 63, 64, 65, 66, 67, 68, 69, 70, 71]

-- Path iteration 36, λ = 5.088e+00
  λ=5.000e+00 | Epoch   1 | lr=1.0000e-03 | Recon MSE=9.123015e-04 | ‖ω‖₁=5.266274e-01 | Non-zero modes: 72
  λ=5.000e+00 | Epoch  10 | lr=1.0000e-03 | Recon MSE=9.199949e-04 | ‖ω‖₁=5.233122e-01 | Non-zero modes: 72
  λ=5.000e+00 | Epoch  20 | lr=1.0000e-03 | Recon MSE=9.353007e-04 | ‖ω‖₁=5.210540e-01 | Non-zero modes: 72
  λ=5.000e+00 | Epoch  30 | lr=1.0000e-03 | Recon MSE=9.261188e-04 | ‖ω‖₁=5.206581e-01 | Non-zero modes: 72
  λ=5.000e+00 | Epoch  40 | lr=1.0000e-03 | Recon MSE=9.521927e-04 | ‖ω‖₁=5.196480e-01 | Non-zero modes: 72
  λ=5.000e+00 | Epoch  50 | lr=1.0000e-03 | Recon MSE=9.450572e-04 | ‖ω‖₁=5.180167e-01 | Non-zero modes: 72
  λ=5.000e+00 | Epoch  60 | lr=1.0000e-03 | Recon MSE=9.322232e-04 | ‖ω‖₁=5.169191e-01 | Non-zero modes: 72
  λ=5.000e+00 | Epoch  70 | lr=1.0000e-03 | Recon MSE=9.858751e-04 | ‖ω‖₁=5.170363e-01 | Non-zero modes: 72
  λ=5.000e+00 | Epoch  80 | lr=1.0000e-03 | Recon MSE=9.062941e-04 | ‖ω‖₁=5.169174e-01 | Non-zero modes: 72
  λ=5.000e+00 | Epoch  90 | lr=1.0000e-03 | Recon MSE=9.062925e-04 | ‖ω‖₁=5.153331e-01 | Non-zero modes: 72
  λ=5.000e+00 | Epoch 100 | lr=1.0000e-03 | Recon MSE=9.332506e-04 | ‖ω‖₁=5.143837e-01 | Non-zero modes: 72
Number of selected modes unchanged for 4 consecutive iterations.
  → at λ=5.088e+00: r(λ)=72
  → selected modes: [0, 1, 2, 3, 4, 5, 6, 7, 8, 9, 10, 11, 12, 13, 14, 15, 16, 17, 18, 19, 20, 21, 22, 23, 24, 25, 26, 27, 28, 29, 30, 31, 32, 33, 34, 35, 36, 37, 38, 39, 40, 41, 42, 43, 44, 45, 46, 47, 48, 49, 50, 51, 52, 53, 54, 55, 56, 57, 58, 59, 60, 61, 62, 63, 64, 65, 66, 67, 68, 69, 70, 71]

-- Path iteration 37, λ = 5.091e+00
  λ=5.000e+00 | Epoch   1 | lr=1.0000e-03 | Recon MSE=9.381709e-04 | ‖ω‖₁=5.188997e-01 | Non-zero modes: 72
  λ=5.000e+00 | Epoch  10 | lr=1.0000e-03 | Recon MSE=9.166246e-04 | ‖ω‖₁=5.145455e-01 | Non-zero modes: 72
  λ=5.000e+00 | Epoch  20 | lr=1.0000e-03 | Recon MSE=9.182719e-04 | ‖ω‖₁=5.126277e-01 | Non-zero modes: 72
  λ=5.000e+00 | Epoch  30 | lr=1.0000e-03 | Recon MSE=9.171646e-04 | ‖ω‖₁=5.127202e-01 | Non-zero modes: 72
  λ=5.000e+00 | Epoch  40 | lr=1.0000e-03 | Recon MSE=8.940033e-04 | ‖ω‖₁=5.126612e-01 | Non-zero modes: 72
  λ=5.000e+00 | Epoch  50 | lr=1.0000e-03 | Recon MSE=9.408379e-04 | ‖ω‖₁=5.124055e-01 | Non-zero modes: 72
  λ=5.000e+00 | Epoch  60 | lr=1.0000e-03 | Recon MSE=9.414357e-04 | ‖ω‖₁=5.143841e-01 | Non-zero modes: 72
  λ=5.000e+00 | Epoch  70 | lr=1.0000e-03 | Recon MSE=9.123012e-04 | ‖ω‖₁=5.141380e-01 | Non-zero modes: 72
  λ=5.000e+00 | Epoch  80 | lr=1.0000e-03 | Recon MSE=9.336721e-04 | ‖ω‖₁=5.140979e-01 | Non-zero modes: 72
  λ=5.000e+00 | Epoch  90 | lr=1.0000e-03 | Recon MSE=8.889143e-04 | ‖ω‖₁=5.141146e-01 | Non-zero modes: 72
  λ=5.000e+00 | Epoch 100 | lr=1.0000e-03 | Recon MSE=9.474347e-04 | ‖ω‖₁=5.138533e-01 | Non-zero modes: 72
Number of selected modes unchanged for 5 consecutive iterations.
  → at λ=5.091e+00: r(λ)=72
  → selected modes: [0, 1, 2, 3, 4, 5, 6, 7, 8, 9, 10, 11, 12, 13, 14, 15, 16, 17, 18, 19, 20, 21, 22, 23, 24, 25, 26, 27, 28, 29, 30, 31, 32, 33, 34, 35, 36, 37, 38, 39, 40, 41, 42, 43, 44, 45, 46, 47, 48, 49, 50, 51, 52, 53, 54, 55, 56, 57, 58, 59, 60, 61, 62, 63, 64, 65, 66, 67, 68, 69, 70, 71]

-- Path iteration 38, λ = 5.093e+00
  λ=5.000e+00 | Epoch   1 | lr=1.0000e-03 | Recon MSE=9.412951e-04 | ‖ω‖₁=5.179489e-01 | Non-zero modes: 72
  λ=5.000e+00 | Epoch  10 | lr=1.0000e-03 | Recon MSE=9.439883e-04 | ‖ω‖₁=5.171574e-01 | Non-zero modes: 72
  λ=5.000e+00 | Epoch  20 | lr=1.0000e-03 | Recon MSE=9.330093e-04 | ‖ω‖₁=5.133788e-01 | Non-zero modes: 72
  λ=5.000e+00 | Epoch  30 | lr=1.0000e-03 | Recon MSE=8.917811e-04 | ‖ω‖₁=5.120925e-01 | Non-zero modes: 72
  λ=5.000e+00 | Epoch  40 | lr=1.0000e-03 | Recon MSE=9.226509e-04 | ‖ω‖₁=5.136670e-01 | Non-zero modes: 72
  λ=5.000e+00 | Epoch  50 | lr=1.0000e-03 | Recon MSE=8.877409e-04 | ‖ω‖₁=5.126309e-01 | Non-zero modes: 72
  λ=5.000e+00 | Epoch  60 | lr=1.0000e-03 | Recon MSE=9.222565e-04 | ‖ω‖₁=5.128083e-01 | Non-zero modes: 72
  λ=5.000e+00 | Epoch  70 | lr=1.0000e-03 | Recon MSE=9.487409e-04 | ‖ω‖₁=5.103298e-01 | Non-zero modes: 72
  λ=5.000e+00 | Epoch  80 | lr=1.0000e-03 | Recon MSE=9.336712e-04 | ‖ω‖₁=5.112320e-01 | Non-zero modes: 72
  λ=5.000e+00 | Epoch  90 | lr=1.0000e-03 | Recon MSE=8.962969e-04 | ‖ω‖₁=5.103679e-01 | Non-zero modes: 72
  λ=5.000e+00 | Epoch 100 | lr=1.0000e-03 | Recon MSE=9.514447e-04 | ‖ω‖₁=5.104100e-01 | Non-zero modes: 72
Number of selected modes unchanged for 6 consecutive iterations.
  → at λ=5.093e+00: r(λ)=72
  → selected modes: [0, 1, 2, 3, 4, 5, 6, 7, 8, 9, 10, 11, 12, 13, 14, 15, 16, 17, 18, 19, 20, 21, 22, 23, 24, 25, 26, 27, 28, 29, 30, 31, 32, 33, 34, 35, 36, 37, 38, 39, 40, 41, 42, 43, 44, 45, 46, 47, 48, 49, 50, 51, 52, 53, 54, 55, 56, 57, 58, 59, 60, 61, 62, 63, 64, 65, 66, 67, 68, 69, 70, 71]

-- Path iteration 39, λ = 5.096e+00
  λ=5.000e+00 | Epoch   1 | lr=1.0000e-03 | Recon MSE=9.456122e-04 | ‖ω‖₁=5.153748e-01 | Non-zero modes: 72
  λ=5.000e+00 | Epoch  10 | lr=1.0000e-03 | Recon MSE=9.351694e-04 | ‖ω‖₁=5.133024e-01 | Non-zero modes: 72
  λ=5.000e+00 | Epoch  20 | lr=1.0000e-03 | Recon MSE=9.389013e-04 | ‖ω‖₁=5.103584e-01 | Non-zero modes: 72
  λ=5.000e+00 | Epoch  30 | lr=1.0000e-03 | Recon MSE=9.251767e-04 | ‖ω‖₁=5.123000e-01 | Non-zero modes: 72
  λ=5.000e+00 | Epoch  40 | lr=1.0000e-03 | Recon MSE=9.367909e-04 | ‖ω‖₁=5.124204e-01 | Non-zero modes: 72
  λ=5.000e+00 | Epoch  50 | lr=1.0000e-03 | Recon MSE=8.950125e-04 | ‖ω‖₁=5.117742e-01 | Non-zero modes: 72
  λ=5.000e+00 | Epoch  60 | lr=1.0000e-03 | Recon MSE=9.054993e-04 | ‖ω‖₁=5.104423e-01 | Non-zero modes: 72
  λ=5.000e+00 | Epoch  70 | lr=1.0000e-03 | Recon MSE=9.264097e-04 | ‖ω‖₁=5.118871e-01 | Non-zero modes: 72
  λ=5.000e+00 | Epoch  80 | lr=1.0000e-03 | Recon MSE=9.379297e-04 | ‖ω‖₁=5.103363e-01 | Non-zero modes: 72
  λ=5.000e+00 | Epoch  90 | lr=1.0000e-03 | Recon MSE=9.328223e-04 | ‖ω‖₁=5.098703e-01 | Non-zero modes: 72
  λ=5.000e+00 | Epoch 100 | lr=1.0000e-03 | Recon MSE=9.058627e-04 | ‖ω‖₁=5.101919e-01 | Non-zero modes: 72
Number of selected modes unchanged for 7 consecutive iterations.
  → at λ=5.096e+00: r(λ)=72
  → selected modes: [0, 1, 2, 3, 4, 5, 6, 7, 8, 9, 10, 11, 12, 13, 14, 15, 16, 17, 18, 19, 20, 21, 22, 23, 24, 25, 26, 27, 28, 29, 30, 31, 32, 33, 34, 35, 36, 37, 38, 39, 40, 41, 42, 43, 44, 45, 46, 47, 48, 49, 50, 51, 52, 53, 54, 55, 56, 57, 58, 59, 60, 61, 62, 63, 64, 65, 66, 67, 68, 69, 70, 71]

-- Path iteration 40, λ = 5.098e+00
  λ=5.000e+00 | Epoch   1 | lr=1.0000e-03 | Recon MSE=9.317932e-04 | ‖ω‖₁=5.137529e-01 | Non-zero modes: 72
  λ=5.000e+00 | Epoch  10 | lr=1.0000e-03 | Recon MSE=9.144933e-04 | ‖ω‖₁=5.120599e-01 | Non-zero modes: 72
  λ=5.000e+00 | Epoch  20 | lr=1.0000e-03 | Recon MSE=9.181689e-04 | ‖ω‖₁=5.078792e-01 | Non-zero modes: 72
  λ=5.000e+00 | Epoch  30 | lr=1.0000e-03 | Recon MSE=9.437659e-04 | ‖ω‖₁=5.078344e-01 | Non-zero modes: 72
  λ=5.000e+00 | Epoch  40 | lr=1.0000e-03 | Recon MSE=9.231774e-04 | ‖ω‖₁=5.099821e-01 | Non-zero modes: 72
  λ=5.000e+00 | Epoch  50 | lr=1.0000e-03 | Recon MSE=9.412401e-04 | ‖ω‖₁=5.098581e-01 | Non-zero modes: 72
  λ=5.000e+00 | Epoch  60 | lr=1.0000e-03 | Recon MSE=9.073191e-04 | ‖ω‖₁=5.099213e-01 | Non-zero modes: 72
  λ=5.000e+00 | Epoch  70 | lr=1.0000e-03 | Recon MSE=9.353814e-04 | ‖ω‖₁=5.106959e-01 | Non-zero modes: 72
  λ=5.000e+00 | Epoch  80 | lr=1.0000e-03 | Recon MSE=9.630325e-04 | ‖ω‖₁=5.086904e-01 | Non-zero modes: 72
  λ=5.000e+00 | Epoch  90 | lr=1.0000e-03 | Recon MSE=9.175756e-04 | ‖ω‖₁=5.079891e-01 | Non-zero modes: 72
  λ=5.000e+00 | Epoch 100 | lr=1.0000e-03 | Recon MSE=9.357190e-04 | ‖ω‖₁=5.067464e-01 | Non-zero modes: 72
Number of selected modes unchanged for 8 consecutive iterations.
  → at λ=5.098e+00: r(λ)=72
  → selected modes: [0, 1, 2, 3, 4, 5, 6, 7, 8, 9, 10, 11, 12, 13, 14, 15, 16, 17, 18, 19, 20, 21, 22, 23, 24, 25, 26, 27, 28, 29, 30, 31, 32, 33, 34, 35, 36, 37, 38, 39, 40, 41, 42, 43, 44, 45, 46, 47, 48, 49, 50, 51, 52, 53, 54, 55, 56, 57, 58, 59, 60, 61, 62, 63, 64, 65, 66, 67, 68, 69, 70, 71]

-- Path iteration 41, λ = 5.101e+00
  λ=5.000e+00 | Epoch   1 | lr=1.0000e-03 | Recon MSE=9.161385e-04 | ‖ω‖₁=5.120148e-01 | Non-zero modes: 72
  λ=5.000e+00 | Epoch  10 | lr=1.0000e-03 | Recon MSE=9.380917e-04 | ‖ω‖₁=5.077645e-01 | Non-zero modes: 72
  λ=5.000e+00 | Epoch  20 | lr=1.0000e-03 | Recon MSE=9.518276e-04 | ‖ω‖₁=5.079067e-01 | Non-zero modes: 72
  λ=5.000e+00 | Epoch  30 | lr=1.0000e-03 | Recon MSE=9.307403e-04 | ‖ω‖₁=5.075670e-01 | Non-zero modes: 72
  λ=5.000e+00 | Epoch  40 | lr=1.0000e-03 | Recon MSE=8.826338e-04 | ‖ω‖₁=5.081478e-01 | Non-zero modes: 72
  λ=5.000e+00 | Epoch  50 | lr=1.0000e-03 | Recon MSE=9.463054e-04 | ‖ω‖₁=5.067302e-01 | Non-zero modes: 72
  λ=5.000e+00 | Epoch  60 | lr=1.0000e-03 | Recon MSE=8.956300e-04 | ‖ω‖₁=5.069980e-01 | Non-zero modes: 72
  λ=5.000e+00 | Epoch  70 | lr=1.0000e-03 | Recon MSE=9.105028e-04 | ‖ω‖₁=5.080358e-01 | Non-zero modes: 72
  λ=5.000e+00 | Epoch  80 | lr=1.0000e-03 | Recon MSE=9.327337e-04 | ‖ω‖₁=5.062672e-01 | Non-zero modes: 72
  λ=5.000e+00 | Epoch  90 | lr=1.0000e-03 | Recon MSE=9.003760e-04 | ‖ω‖₁=5.058627e-01 | Non-zero modes: 72
  λ=5.000e+00 | Epoch 100 | lr=1.0000e-03 | Recon MSE=8.910948e-04 | ‖ω‖₁=5.058555e-01 | Non-zero modes: 72
Number of selected modes unchanged for 9 consecutive iterations.
  → at λ=5.101e+00: r(λ)=72
  → selected modes: [0, 1, 2, 3, 4, 5, 6, 7, 8, 9, 10, 11, 12, 13, 14, 15, 16, 17, 18, 19, 20, 21, 22, 23, 24, 25, 26, 27, 28, 29, 30, 31, 32, 33, 34, 35, 36, 37, 38, 39, 40, 41, 42, 43, 44, 45, 46, 47, 48, 49, 50, 51, 52, 53, 54, 55, 56, 57, 58, 59, 60, 61, 62, 63, 64, 65, 66, 67, 68, 69, 70, 71]

-- Path iteration 42, λ = 5.104e+00
  λ=5.000e+00 | Epoch   1 | lr=1.0000e-03 | Recon MSE=9.287755e-04 | ‖ω‖₁=5.098067e-01 | Non-zero modes: 72
  λ=5.000e+00 | Epoch  10 | lr=1.0000e-03 | Recon MSE=9.030382e-04 | ‖ω‖₁=5.083582e-01 | Non-zero modes: 72
  λ=5.000e+00 | Epoch  20 | lr=1.0000e-03 | Recon MSE=9.539824e-04 | ‖ω‖₁=5.057229e-01 | Non-zero modes: 72
  λ=5.000e+00 | Epoch  30 | lr=1.0000e-03 | Recon MSE=9.454228e-04 | ‖ω‖₁=5.058979e-01 | Non-zero modes: 72
  λ=5.000e+00 | Epoch  40 | lr=1.0000e-03 | Recon MSE=9.400741e-04 | ‖ω‖₁=5.078976e-01 | Non-zero modes: 72
  λ=5.000e+00 | Epoch  50 | lr=1.0000e-03 | Recon MSE=9.381420e-04 | ‖ω‖₁=5.075968e-01 | Non-zero modes: 72
  λ=5.000e+00 | Epoch  60 | lr=1.0000e-03 | Recon MSE=9.272587e-04 | ‖ω‖₁=5.051389e-01 | Non-zero modes: 72
  λ=5.000e+00 | Epoch  70 | lr=1.0000e-03 | Recon MSE=9.107999e-04 | ‖ω‖₁=5.055909e-01 | Non-zero modes: 72
  λ=5.000e+00 | Epoch  80 | lr=1.0000e-03 | Recon MSE=9.198606e-04 | ‖ω‖₁=5.059425e-01 | Non-zero modes: 72
  λ=5.000e+00 | Epoch  90 | lr=1.0000e-03 | Recon MSE=9.356336e-04 | ‖ω‖₁=5.070033e-01 | Non-zero modes: 72
  λ=5.000e+00 | Epoch 100 | lr=1.0000e-03 | Recon MSE=9.199644e-04 | ‖ω‖₁=5.058511e-01 | Non-zero modes: 72
Number of selected modes unchanged for 10 consecutive iterations.
  → at λ=5.104e+00: r(λ)=72
  → selected modes: [0, 1, 2, 3, 4, 5, 6, 7, 8, 9, 10, 11, 12, 13, 14, 15, 16, 17, 18, 19, 20, 21, 22, 23, 24, 25, 26, 27, 28, 29, 30, 31, 32, 33, 34, 35, 36, 37, 38, 39, 40, 41, 42, 43, 44, 45, 46, 47, 48, 49, 50, 51, 52, 53, 54, 55, 56, 57, 58, 59, 60, 61, 62, 63, 64, 65, 66, 67, 68, 69, 70, 71]

-- Path iteration 43, λ = 5.106e+00
  λ=5.000e+00 | Epoch   1 | lr=1.0000e-03 | Recon MSE=9.353222e-04 | ‖ω‖₁=5.105488e-01 | Non-zero modes: 72
  λ=5.000e+00 | Epoch  10 | lr=1.0000e-03 | Recon MSE=8.946285e-04 | ‖ω‖₁=5.081523e-01 | Non-zero modes: 72
  λ=5.000e+00 | Epoch  20 | lr=1.0000e-03 | Recon MSE=9.284684e-04 | ‖ω‖₁=5.052422e-01 | Non-zero modes: 72
  λ=5.000e+00 | Epoch  30 | lr=1.0000e-03 | Recon MSE=9.179425e-04 | ‖ω‖₁=5.071913e-01 | Non-zero modes: 72
  λ=5.000e+00 | Epoch  40 | lr=1.0000e-03 | Recon MSE=9.049554e-04 | ‖ω‖₁=5.039892e-01 | Non-zero modes: 72
  λ=5.000e+00 | Epoch  50 | lr=1.0000e-03 | Recon MSE=9.322131e-04 | ‖ω‖₁=5.037760e-01 | Non-zero modes: 72
  λ=5.000e+00 | Epoch  60 | lr=1.0000e-03 | Recon MSE=9.318553e-04 | ‖ω‖₁=5.036521e-01 | Non-zero modes: 72
  λ=5.000e+00 | Epoch  70 | lr=1.0000e-03 | Recon MSE=9.716833e-04 | ‖ω‖₁=5.027961e-01 | Non-zero modes: 72
  λ=5.000e+00 | Epoch  80 | lr=1.0000e-03 | Recon MSE=9.611367e-04 | ‖ω‖₁=5.037214e-01 | Non-zero modes: 72
  λ=5.000e+00 | Epoch  90 | lr=1.0000e-03 | Recon MSE=8.720511e-04 | ‖ω‖₁=5.012629e-01 | Non-zero modes: 72
  λ=5.000e+00 | Epoch 100 | lr=1.0000e-03 | Recon MSE=9.419696e-04 | ‖ω‖₁=5.035236e-01 | Non-zero modes: 72
Number of selected modes unchanged for 11 consecutive iterations.
  → at λ=5.106e+00: r(λ)=72
  → selected modes: [0, 1, 2, 3, 4, 5, 6, 7, 8, 9, 10, 11, 12, 13, 14, 15, 16, 17, 18, 19, 20, 21, 22, 23, 24, 25, 26, 27, 28, 29, 30, 31, 32, 33, 34, 35, 36, 37, 38, 39, 40, 41, 42, 43, 44, 45, 46, 47, 48, 49, 50, 51, 52, 53, 54, 55, 56, 57, 58, 59, 60, 61, 62, 63, 64, 65, 66, 67, 68, 69, 70, 71]

-- Path iteration 44, λ = 5.109e+00
  λ=5.000e+00 | Epoch   1 | lr=1.0000e-03 | Recon MSE=9.274907e-04 | ‖ω‖₁=5.081357e-01 | Non-zero modes: 72
  λ=5.000e+00 | Epoch  10 | lr=1.0000e-03 | Recon MSE=9.391765e-04 | ‖ω‖₁=5.046623e-01 | Non-zero modes: 72
  λ=5.000e+00 | Epoch  20 | lr=1.0000e-03 | Recon MSE=9.385302e-04 | ‖ω‖₁=5.035651e-01 | Non-zero modes: 72
  λ=5.000e+00 | Epoch  30 | lr=1.0000e-03 | Recon MSE=9.477348e-04 | ‖ω‖₁=5.013239e-01 | Non-zero modes: 72
  λ=5.000e+00 | Epoch  40 | lr=1.0000e-03 | Recon MSE=9.492983e-04 | ‖ω‖₁=5.029497e-01 | Non-zero modes: 72
  λ=5.000e+00 | Epoch  50 | lr=1.0000e-03 | Recon MSE=9.075833e-04 | ‖ω‖₁=5.021785e-01 | Non-zero modes: 72
  λ=5.000e+00 | Epoch  60 | lr=1.0000e-03 | Recon MSE=9.333799e-04 | ‖ω‖₁=5.020446e-01 | Non-zero modes: 72
  λ=5.000e+00 | Epoch  70 | lr=1.0000e-03 | Recon MSE=9.610524e-04 | ‖ω‖₁=5.036605e-01 | Non-zero modes: 72
  λ=5.000e+00 | Epoch  80 | lr=1.0000e-03 | Recon MSE=9.176470e-04 | ‖ω‖₁=5.028599e-01 | Non-zero modes: 72
  λ=5.000e+00 | Epoch  90 | lr=1.0000e-03 | Recon MSE=9.248821e-04 | ‖ω‖₁=5.028369e-01 | Non-zero modes: 72
  λ=5.000e+00 | Epoch 100 | lr=1.0000e-03 | Recon MSE=9.631322e-04 | ‖ω‖₁=5.018739e-01 | Non-zero modes: 72
Number of selected modes unchanged for 12 consecutive iterations.
  → at λ=5.109e+00: r(λ)=72
  → selected modes: [0, 1, 2, 3, 4, 5, 6, 7, 8, 9, 10, 11, 12, 13, 14, 15, 16, 17, 18, 19, 20, 21, 22, 23, 24, 25, 26, 27, 28, 29, 30, 31, 32, 33, 34, 35, 36, 37, 38, 39, 40, 41, 42, 43, 44, 45, 46, 47, 48, 49, 50, 51, 52, 53, 54, 55, 56, 57, 58, 59, 60, 61, 62, 63, 64, 65, 66, 67, 68, 69, 70, 71]

-- Path iteration 45, λ = 5.111e+00
  λ=5.000e+00 | Epoch   1 | lr=1.0000e-03 | Recon MSE=9.502097e-04 | ‖ω‖₁=5.057272e-01 | Non-zero modes: 72
  λ=5.000e+00 | Epoch  10 | lr=1.0000e-03 | Recon MSE=9.277556e-04 | ‖ω‖₁=5.041988e-01 | Non-zero modes: 72
  λ=5.000e+00 | Epoch  20 | lr=1.0000e-03 | Recon MSE=9.484911e-04 | ‖ω‖₁=5.033641e-01 | Non-zero modes: 72
  λ=5.000e+00 | Epoch  30 | lr=1.0000e-03 | Recon MSE=9.161942e-04 | ‖ω‖₁=5.026545e-01 | Non-zero modes: 72
  λ=5.000e+00 | Epoch  40 | lr=1.0000e-03 | Recon MSE=9.451902e-04 | ‖ω‖₁=5.031309e-01 | Non-zero modes: 72
  λ=5.000e+00 | Epoch  50 | lr=1.0000e-03 | Recon MSE=9.520435e-04 | ‖ω‖₁=5.026362e-01 | Non-zero modes: 72
  λ=5.000e+00 | Epoch  60 | lr=1.0000e-03 | Recon MSE=9.380381e-04 | ‖ω‖₁=5.004454e-01 | Non-zero modes: 72
  λ=5.000e+00 | Epoch  70 | lr=1.0000e-03 | Recon MSE=9.052471e-04 | ‖ω‖₁=4.985886e-01 | Non-zero modes: 72
  λ=5.000e+00 | Epoch  80 | lr=1.0000e-03 | Recon MSE=9.240343e-04 | ‖ω‖₁=4.994216e-01 | Non-zero modes: 72
  λ=5.000e+00 | Epoch  90 | lr=1.0000e-03 | Recon MSE=9.113635e-04 | ‖ω‖₁=4.999472e-01 | Non-zero modes: 72
  λ=5.000e+00 | Epoch 100 | lr=1.0000e-03 | Recon MSE=9.616222e-04 | ‖ω‖₁=5.008040e-01 | Non-zero modes: 72
Number of selected modes unchanged for 13 consecutive iterations.
  → at λ=5.111e+00: r(λ)=72
  → selected modes: [0, 1, 2, 3, 4, 5, 6, 7, 8, 9, 10, 11, 12, 13, 14, 15, 16, 17, 18, 19, 20, 21, 22, 23, 24, 25, 26, 27, 28, 29, 30, 31, 32, 33, 34, 35, 36, 37, 38, 39, 40, 41, 42, 43, 44, 45, 46, 47, 48, 49, 50, 51, 52, 53, 54, 55, 56, 57, 58, 59, 60, 61, 62, 63, 64, 65, 66, 67, 68, 69, 70, 71]

-- Path iteration 46, λ = 5.114e+00
  λ=5.000e+00 | Epoch   1 | lr=1.0000e-03 | Recon MSE=9.954978e-04 | ‖ω‖₁=5.044670e-01 | Non-zero modes: 72
  λ=5.000e+00 | Epoch  10 | lr=1.0000e-03 | Recon MSE=9.379530e-04 | ‖ω‖₁=5.029154e-01 | Non-zero modes: 72
  λ=5.000e+00 | Epoch  20 | lr=1.0000e-03 | Recon MSE=8.857824e-04 | ‖ω‖₁=4.999643e-01 | Non-zero modes: 72
  λ=5.000e+00 | Epoch  30 | lr=1.0000e-03 | Recon MSE=9.082109e-04 | ‖ω‖₁=4.981407e-01 | Non-zero modes: 72
  λ=5.000e+00 | Epoch  40 | lr=1.0000e-03 | Recon MSE=9.257076e-04 | ‖ω‖₁=4.986331e-01 | Non-zero modes: 72
  λ=5.000e+00 | Epoch  50 | lr=1.0000e-03 | Recon MSE=9.361224e-04 | ‖ω‖₁=5.008488e-01 | Non-zero modes: 72
  λ=5.000e+00 | Epoch  60 | lr=1.0000e-03 | Recon MSE=8.888587e-04 | ‖ω‖₁=5.000962e-01 | Non-zero modes: 72
  λ=5.000e+00 | Epoch  70 | lr=1.0000e-03 | Recon MSE=9.321357e-04 | ‖ω‖₁=5.001080e-01 | Non-zero modes: 72
  λ=5.000e+00 | Epoch  80 | lr=1.0000e-03 | Recon MSE=9.369698e-04 | ‖ω‖₁=5.019228e-01 | Non-zero modes: 72
  λ=5.000e+00 | Epoch  90 | lr=1.0000e-03 | Recon MSE=9.357748e-04 | ‖ω‖₁=5.003020e-01 | Non-zero modes: 72
  λ=5.000e+00 | Epoch 100 | lr=1.0000e-03 | Recon MSE=8.811371e-04 | ‖ω‖₁=5.000245e-01 | Non-zero modes: 72
Number of selected modes unchanged for 14 consecutive iterations.
  → at λ=5.114e+00: r(λ)=72
  → selected modes: [0, 1, 2, 3, 4, 5, 6, 7, 8, 9, 10, 11, 12, 13, 14, 15, 16, 17, 18, 19, 20, 21, 22, 23, 24, 25, 26, 27, 28, 29, 30, 31, 32, 33, 34, 35, 36, 37, 38, 39, 40, 41, 42, 43, 44, 45, 46, 47, 48, 49, 50, 51, 52, 53, 54, 55, 56, 57, 58, 59, 60, 61, 62, 63, 64, 65, 66, 67, 68, 69, 70, 71]

-- Path iteration 47, λ = 5.116e+00
  λ=5.000e+00 | Epoch   1 | lr=1.0000e-03 | Recon MSE=9.630286e-04 | ‖ω‖₁=5.050319e-01 | Non-zero modes: 72
  λ=5.000e+00 | Epoch  10 | lr=1.0000e-03 | Recon MSE=9.247372e-04 | ‖ω‖₁=5.023925e-01 | Non-zero modes: 72
  λ=5.000e+00 | Epoch  20 | lr=1.0000e-03 | Recon MSE=9.225374e-04 | ‖ω‖₁=5.013268e-01 | Non-zero modes: 72
  λ=5.000e+00 | Epoch  30 | lr=1.0000e-03 | Recon MSE=9.388724e-04 | ‖ω‖₁=5.024645e-01 | Non-zero modes: 72
  λ=5.000e+00 | Epoch  40 | lr=1.0000e-03 | Recon MSE=9.220736e-04 | ‖ω‖₁=5.000785e-01 | Non-zero modes: 72
  λ=5.000e+00 | Epoch  50 | lr=1.0000e-03 | Recon MSE=9.237830e-04 | ‖ω‖₁=5.006268e-01 | Non-zero modes: 72
  λ=5.000e+00 | Epoch  60 | lr=1.0000e-03 | Recon MSE=9.187924e-04 | ‖ω‖₁=5.027690e-01 | Non-zero modes: 72
  λ=5.000e+00 | Epoch  70 | lr=1.0000e-03 | Recon MSE=9.122260e-04 | ‖ω‖₁=5.002813e-01 | Non-zero modes: 72
  λ=5.000e+00 | Epoch  80 | lr=1.0000e-03 | Recon MSE=8.991862e-04 | ‖ω‖₁=4.999219e-01 | Non-zero modes: 72
  λ=5.000e+00 | Epoch  90 | lr=1.0000e-03 | Recon MSE=9.240919e-04 | ‖ω‖₁=4.984733e-01 | Non-zero modes: 72
  λ=5.000e+00 | Epoch 100 | lr=1.0000e-03 | Recon MSE=9.217355e-04 | ‖ω‖₁=4.981576e-01 | Non-zero modes: 72
Number of selected modes unchanged for 15 consecutive iterations.
  → at λ=5.116e+00: r(λ)=72
  → selected modes: [0, 1, 2, 3, 4, 5, 6, 7, 8, 9, 10, 11, 12, 13, 14, 15, 16, 17, 18, 19, 20, 21, 22, 23, 24, 25, 26, 27, 28, 29, 30, 31, 32, 33, 34, 35, 36, 37, 38, 39, 40, 41, 42, 43, 44, 45, 46, 47, 48, 49, 50, 51, 52, 53, 54, 55, 56, 57, 58, 59, 60, 61, 62, 63, 64, 65, 66, 67, 68, 69, 70, 71]

-- Path iteration 48, λ = 5.119e+00
  λ=5.000e+00 | Epoch   1 | lr=1.0000e-03 | Recon MSE=9.286218e-04 | ‖ω‖₁=5.024990e-01 | Non-zero modes: 72
  λ=5.000e+00 | Epoch  10 | lr=1.0000e-03 | Recon MSE=9.371595e-04 | ‖ω‖₁=4.987310e-01 | Non-zero modes: 72
  λ=5.000e+00 | Epoch  20 | lr=1.0000e-03 | Recon MSE=9.289555e-04 | ‖ω‖₁=4.992884e-01 | Non-zero modes: 72
  λ=5.000e+00 | Epoch  30 | lr=1.0000e-03 | Recon MSE=9.222479e-04 | ‖ω‖₁=4.937184e-01 | Non-zero modes: 72
  λ=5.000e+00 | Epoch  40 | lr=1.0000e-03 | Recon MSE=9.330818e-04 | ‖ω‖₁=4.945777e-01 | Non-zero modes: 72
  λ=5.000e+00 | Epoch  50 | lr=1.0000e-03 | Recon MSE=8.901942e-04 | ‖ω‖₁=4.964244e-01 | Non-zero modes: 72
  λ=5.000e+00 | Epoch  60 | lr=1.0000e-03 | Recon MSE=9.182618e-04 | ‖ω‖₁=4.962493e-01 | Non-zero modes: 72
  λ=5.000e+00 | Epoch  70 | lr=1.0000e-03 | Recon MSE=9.541648e-04 | ‖ω‖₁=4.936317e-01 | Non-zero modes: 72
  λ=5.000e+00 | Epoch  80 | lr=1.0000e-03 | Recon MSE=9.520222e-04 | ‖ω‖₁=4.944968e-01 | Non-zero modes: 72
  λ=5.000e+00 | Epoch  90 | lr=1.0000e-03 | Recon MSE=9.011112e-04 | ‖ω‖₁=4.937108e-01 | Non-zero modes: 72
  λ=5.000e+00 | Epoch 100 | lr=1.0000e-03 | Recon MSE=9.188305e-04 | ‖ω‖₁=4.927076e-01 | Non-zero modes: 72
Number of selected modes unchanged for 16 consecutive iterations.
  → at λ=5.119e+00: r(λ)=72
  → selected modes: [0, 1, 2, 3, 4, 5, 6, 7, 8, 9, 10, 11, 12, 13, 14, 15, 16, 17, 18, 19, 20, 21, 22, 23, 24, 25, 26, 27, 28, 29, 30, 31, 32, 33, 34, 35, 36, 37, 38, 39, 40, 41, 42, 43, 44, 45, 46, 47, 48, 49, 50, 51, 52, 53, 54, 55, 56, 57, 58, 59, 60, 61, 62, 63, 64, 65, 66, 67, 68, 69, 70, 71]

-- Path iteration 49, λ = 5.121e+00
  λ=5.000e+00 | Epoch   1 | lr=1.0000e-03 | Recon MSE=9.666475e-04 | ‖ω‖₁=4.980207e-01 | Non-zero modes: 72
  λ=5.000e+00 | Epoch  10 | lr=1.0000e-03 | Recon MSE=8.831918e-04 | ‖ω‖₁=4.940311e-01 | Non-zero modes: 72
  λ=5.000e+00 | Epoch  20 | lr=1.0000e-03 | Recon MSE=9.229719e-04 | ‖ω‖₁=4.934783e-01 | Non-zero modes: 72
  λ=5.000e+00 | Epoch  30 | lr=1.0000e-03 | Recon MSE=9.832264e-04 | ‖ω‖₁=4.945841e-01 | Non-zero modes: 72
  λ=5.000e+00 | Epoch  40 | lr=1.0000e-03 | Recon MSE=9.139142e-04 | ‖ω‖₁=4.940974e-01 | Non-zero modes: 72
  λ=5.000e+00 | Epoch  50 | lr=1.0000e-03 | Recon MSE=8.869999e-04 | ‖ω‖₁=4.944421e-01 | Non-zero modes: 72
  λ=5.000e+00 | Epoch  60 | lr=1.0000e-03 | Recon MSE=8.852879e-04 | ‖ω‖₁=4.934185e-01 | Non-zero modes: 72
  λ=5.000e+00 | Epoch  70 | lr=1.0000e-03 | Recon MSE=9.546463e-04 | ‖ω‖₁=4.926822e-01 | Non-zero modes: 72
  λ=5.000e+00 | Epoch  80 | lr=1.0000e-03 | Recon MSE=9.086169e-04 | ‖ω‖₁=4.930990e-01 | Non-zero modes: 72
  λ=5.000e+00 | Epoch  90 | lr=1.0000e-03 | Recon MSE=9.326497e-04 | ‖ω‖₁=4.909917e-01 | Non-zero modes: 72
  λ=5.000e+00 | Epoch 100 | lr=1.0000e-03 | Recon MSE=9.068640e-04 | ‖ω‖₁=4.931971e-01 | Non-zero modes: 72
Number of selected modes unchanged for 17 consecutive iterations.
  → at λ=5.121e+00: r(λ)=72
  → selected modes: [0, 1, 2, 3, 4, 5, 6, 7, 8, 9, 10, 11, 12, 13, 14, 15, 16, 17, 18, 19, 20, 21, 22, 23, 24, 25, 26, 27, 28, 29, 30, 31, 32, 33, 34, 35, 36, 37, 38, 39, 40, 41, 42, 43, 44, 45, 46, 47, 48, 49, 50, 51, 52, 53, 54, 55, 56, 57, 58, 59, 60, 61, 62, 63, 64, 65, 66, 67, 68, 69, 70, 71]

-- Path iteration 50, λ = 5.124e+00
  λ=5.000e+00 | Epoch   1 | lr=1.0000e-03 | Recon MSE=9.203422e-04 | ‖ω‖₁=4.970638e-01 | Non-zero modes: 72
  λ=5.000e+00 | Epoch  10 | lr=1.0000e-03 | Recon MSE=9.386485e-04 | ‖ω‖₁=4.944435e-01 | Non-zero modes: 72
  λ=5.000e+00 | Epoch  20 | lr=1.0000e-03 | Recon MSE=9.367903e-04 | ‖ω‖₁=4.960090e-01 | Non-zero modes: 72
  λ=5.000e+00 | Epoch  30 | lr=1.0000e-03 | Recon MSE=9.264423e-04 | ‖ω‖₁=4.928715e-01 | Non-zero modes: 72
  λ=5.000e+00 | Epoch  40 | lr=1.0000e-03 | Recon MSE=9.053616e-04 | ‖ω‖₁=4.936769e-01 | Non-zero modes: 72
  λ=5.000e+00 | Epoch  50 | lr=1.0000e-03 | Recon MSE=8.931040e-04 | ‖ω‖₁=4.923899e-01 | Non-zero modes: 72
  λ=5.000e+00 | Epoch  60 | lr=1.0000e-03 | Recon MSE=9.196718e-04 | ‖ω‖₁=4.930299e-01 | Non-zero modes: 72
  λ=5.000e+00 | Epoch  70 | lr=1.0000e-03 | Recon MSE=9.141176e-04 | ‖ω‖₁=4.938390e-01 | Non-zero modes: 72
  λ=5.000e+00 | Epoch  80 | lr=1.0000e-03 | Recon MSE=9.322327e-04 | ‖ω‖₁=4.968708e-01 | Non-zero modes: 72
  λ=5.000e+00 | Epoch  90 | lr=1.0000e-03 | Recon MSE=9.623504e-04 | ‖ω‖₁=4.940511e-01 | Non-zero modes: 72
  λ=5.000e+00 | Epoch 100 | lr=1.0000e-03 | Recon MSE=8.858003e-04 | ‖ω‖₁=4.931091e-01 | Non-zero modes: 72
Number of selected modes unchanged for 18 consecutive iterations.
  → at λ=5.124e+00: r(λ)=72
  → selected modes: [0, 1, 2, 3, 4, 5, 6, 7, 8, 9, 10, 11, 12, 13, 14, 15, 16, 17, 18, 19, 20, 21, 22, 23, 24, 25, 26, 27, 28, 29, 30, 31, 32, 33, 34, 35, 36, 37, 38, 39, 40, 41, 42, 43, 44, 45, 46, 47, 48, 49, 50, 51, 52, 53, 54, 55, 56, 57, 58, 59, 60, 61, 62, 63, 64, 65, 66, 67, 68, 69, 70, 71]

-- Path iteration 51, λ = 5.127e+00
  λ=5.000e+00 | Epoch   1 | lr=1.0000e-03 | Recon MSE=9.735830e-04 | ‖ω‖₁=4.973925e-01 | Non-zero modes: 72
  λ=5.000e+00 | Epoch  10 | lr=1.0000e-03 | Recon MSE=9.287254e-04 | ‖ω‖₁=4.962089e-01 | Non-zero modes: 72
  λ=5.000e+00 | Epoch  20 | lr=1.0000e-03 | Recon MSE=9.239777e-04 | ‖ω‖₁=4.963799e-01 | Non-zero modes: 72
  λ=5.000e+00 | Epoch  30 | lr=1.0000e-03 | Recon MSE=9.429756e-04 | ‖ω‖₁=4.958161e-01 | Non-zero modes: 72
  λ=5.000e+00 | Epoch  40 | lr=1.0000e-03 | Recon MSE=9.298325e-04 | ‖ω‖₁=4.963334e-01 | Non-zero modes: 72
  λ=5.000e+00 | Epoch  50 | lr=1.0000e-03 | Recon MSE=9.063015e-04 | ‖ω‖₁=4.961383e-01 | Non-zero modes: 72
  λ=5.000e+00 | Epoch  60 | lr=1.0000e-03 | Recon MSE=9.377929e-04 | ‖ω‖₁=4.944897e-01 | Non-zero modes: 72
  λ=5.000e+00 | Epoch  70 | lr=1.0000e-03 | Recon MSE=9.322464e-04 | ‖ω‖₁=4.957967e-01 | Non-zero modes: 72
  λ=5.000e+00 | Epoch  80 | lr=1.0000e-03 | Recon MSE=9.256427e-04 | ‖ω‖₁=4.962831e-01 | Non-zero modes: 72
  λ=5.000e+00 | Epoch  90 | lr=1.0000e-03 | Recon MSE=9.208968e-04 | ‖ω‖₁=4.952656e-01 | Non-zero modes: 72
  λ=5.000e+00 | Epoch 100 | lr=1.0000e-03 | Recon MSE=9.220677e-04 | ‖ω‖₁=4.957629e-01 | Non-zero modes: 72
Number of selected modes unchanged for 19 consecutive iterations.
  → at λ=5.127e+00: r(λ)=72
  → selected modes: [0, 1, 2, 3, 4, 5, 6, 7, 8, 9, 10, 11, 12, 13, 14, 15, 16, 17, 18, 19, 20, 21, 22, 23, 24, 25, 26, 27, 28, 29, 30, 31, 32, 33, 34, 35, 36, 37, 38, 39, 40, 41, 42, 43, 44, 45, 46, 47, 48, 49, 50, 51, 52, 53, 54, 55, 56, 57, 58, 59, 60, 61, 62, 63, 64, 65, 66, 67, 68, 69, 70, 71]

-- Path iteration 52, λ = 5.129e+00
  λ=5.000e+00 | Epoch   1 | lr=1.0000e-03 | Recon MSE=9.838730e-04 | ‖ω‖₁=5.013464e-01 | Non-zero modes: 72
  λ=5.000e+00 | Epoch  10 | lr=1.0000e-03 | Recon MSE=9.543391e-04 | ‖ω‖₁=4.987899e-01 | Non-zero modes: 72
  λ=5.000e+00 | Epoch  20 | lr=1.0000e-03 | Recon MSE=9.300287e-04 | ‖ω‖₁=4.948605e-01 | Non-zero modes: 72
  λ=5.000e+00 | Epoch  30 | lr=1.0000e-03 | Recon MSE=9.004460e-04 | ‖ω‖₁=4.932500e-01 | Non-zero modes: 72
  λ=5.000e+00 | Epoch  40 | lr=1.0000e-03 | Recon MSE=9.288956e-04 | ‖ω‖₁=4.955942e-01 | Non-zero modes: 72
  λ=5.000e+00 | Epoch  50 | lr=1.0000e-03 | Recon MSE=9.274250e-04 | ‖ω‖₁=4.949451e-01 | Non-zero modes: 72
  λ=5.000e+00 | Epoch  60 | lr=1.0000e-03 | Recon MSE=8.973663e-04 | ‖ω‖₁=4.923824e-01 | Non-zero modes: 72
  λ=5.000e+00 | Epoch  70 | lr=1.0000e-03 | Recon MSE=8.997868e-04 | ‖ω‖₁=4.950252e-01 | Non-zero modes: 72
  λ=5.000e+00 | Epoch  80 | lr=1.0000e-03 | Recon MSE=9.270552e-04 | ‖ω‖₁=4.958090e-01 | Non-zero modes: 72
  λ=5.000e+00 | Epoch  90 | lr=1.0000e-03 | Recon MSE=9.280808e-04 | ‖ω‖₁=4.966478e-01 | Non-zero modes: 72
  λ=5.000e+00 | Epoch 100 | lr=1.0000e-03 | Recon MSE=9.638582e-04 | ‖ω‖₁=4.970139e-01 | Non-zero modes: 72
Number of selected modes unchanged for 20 consecutive iterations.
  → at λ=5.129e+00: r(λ)=72
  → selected modes: [0, 1, 2, 3, 4, 5, 6, 7, 8, 9, 10, 11, 12, 13, 14, 15, 16, 17, 18, 19, 20, 21, 22, 23, 24, 25, 26, 27, 28, 29, 30, 31, 32, 33, 34, 35, 36, 37, 38, 39, 40, 41, 42, 43, 44, 45, 46, 47, 48, 49, 50, 51, 52, 53, 54, 55, 56, 57, 58, 59, 60, 61, 62, 63, 64, 65, 66, 67, 68, 69, 70, 71]

-- Path iteration 53, λ = 5.132e+00
  λ=5.000e+00 | Epoch   1 | lr=1.0000e-03 | Recon MSE=9.287295e-04 | ‖ω‖₁=5.018259e-01 | Non-zero modes: 72
  λ=5.000e+00 | Epoch  10 | lr=1.0000e-03 | Recon MSE=9.635069e-04 | ‖ω‖₁=4.952021e-01 | Non-zero modes: 72
  λ=5.000e+00 | Epoch  20 | lr=1.0000e-03 | Recon MSE=9.203517e-04 | ‖ω‖₁=4.924822e-01 | Non-zero modes: 72
  λ=5.000e+00 | Epoch  30 | lr=1.0000e-03 | Recon MSE=9.375602e-04 | ‖ω‖₁=4.931085e-01 | Non-zero modes: 72
  λ=5.000e+00 | Epoch  40 | lr=1.0000e-03 | Recon MSE=9.069600e-04 | ‖ω‖₁=4.933250e-01 | Non-zero modes: 72
  λ=5.000e+00 | Epoch  50 | lr=1.0000e-03 | Recon MSE=9.339086e-04 | ‖ω‖₁=4.931783e-01 | Non-zero modes: 72
  λ=5.000e+00 | Epoch  60 | lr=1.0000e-03 | Recon MSE=8.887477e-04 | ‖ω‖₁=4.947294e-01 | Non-zero modes: 72
  λ=5.000e+00 | Epoch  70 | lr=1.0000e-03 | Recon MSE=8.945449e-04 | ‖ω‖₁=4.924323e-01 | Non-zero modes: 72
  λ=5.000e+00 | Epoch  80 | lr=1.0000e-03 | Recon MSE=9.237023e-04 | ‖ω‖₁=4.918873e-01 | Non-zero modes: 72
  λ=5.000e+00 | Epoch  90 | lr=1.0000e-03 | Recon MSE=9.515327e-04 | ‖ω‖₁=4.916095e-01 | Non-zero modes: 72
  λ=5.000e+00 | Epoch 100 | lr=1.0000e-03 | Recon MSE=9.118982e-04 | ‖ω‖₁=4.931991e-01 | Non-zero modes: 72
Number of selected modes unchanged for 21 consecutive iterations.
  → at λ=5.132e+00: r(λ)=72
  → selected modes: [0, 1, 2, 3, 4, 5, 6, 7, 8, 9, 10, 11, 12, 13, 14, 15, 16, 17, 18, 19, 20, 21, 22, 23, 24, 25, 26, 27, 28, 29, 30, 31, 32, 33, 34, 35, 36, 37, 38, 39, 40, 41, 42, 43, 44, 45, 46, 47, 48, 49, 50, 51, 52, 53, 54, 55, 56, 57, 58, 59, 60, 61, 62, 63, 64, 65, 66, 67, 68, 69, 70, 71]

-- Path iteration 54, λ = 5.134e+00
  λ=5.000e+00 | Epoch   1 | lr=1.0000e-03 | Recon MSE=9.811179e-04 | ‖ω‖₁=4.966283e-01 | Non-zero modes: 72
  λ=5.000e+00 | Epoch  10 | lr=1.0000e-03 | Recon MSE=9.010550e-04 | ‖ω‖₁=4.924866e-01 | Non-zero modes: 72
  λ=5.000e+00 | Epoch  20 | lr=1.0000e-03 | Recon MSE=9.028606e-04 | ‖ω‖₁=4.916819e-01 | Non-zero modes: 72
  λ=5.000e+00 | Epoch  30 | lr=1.0000e-03 | Recon MSE=9.495951e-04 | ‖ω‖₁=4.919226e-01 | Non-zero modes: 72
  λ=5.000e+00 | Epoch  40 | lr=1.0000e-03 | Recon MSE=9.379239e-04 | ‖ω‖₁=4.931351e-01 | Non-zero modes: 72
  λ=5.000e+00 | Epoch  50 | lr=1.0000e-03 | Recon MSE=9.292849e-04 | ‖ω‖₁=4.929660e-01 | Non-zero modes: 72
  λ=5.000e+00 | Epoch  60 | lr=1.0000e-03 | Recon MSE=8.894482e-04 | ‖ω‖₁=4.938868e-01 | Non-zero modes: 72
  λ=5.000e+00 | Epoch  70 | lr=1.0000e-03 | Recon MSE=9.226211e-04 | ‖ω‖₁=4.941956e-01 | Non-zero modes: 72
  λ=5.000e+00 | Epoch  80 | lr=1.0000e-03 | Recon MSE=9.487112e-04 | ‖ω‖₁=4.908627e-01 | Non-zero modes: 72
  λ=5.000e+00 | Epoch  90 | lr=1.0000e-03 | Recon MSE=9.728362e-04 | ‖ω‖₁=4.931635e-01 | Non-zero modes: 72
  λ=5.000e+00 | Epoch 100 | lr=1.0000e-03 | Recon MSE=9.122327e-04 | ‖ω‖₁=4.927976e-01 | Non-zero modes: 72
Number of selected modes unchanged for 22 consecutive iterations.
  → at λ=5.134e+00: r(λ)=72
  → selected modes: [0, 1, 2, 3, 4, 5, 6, 7, 8, 9, 10, 11, 12, 13, 14, 15, 16, 17, 18, 19, 20, 21, 22, 23, 24, 25, 26, 27, 28, 29, 30, 31, 32, 33, 34, 35, 36, 37, 38, 39, 40, 41, 42, 43, 44, 45, 46, 47, 48, 49, 50, 51, 52, 53, 54, 55, 56, 57, 58, 59, 60, 61, 62, 63, 64, 65, 66, 67, 68, 69, 70, 71]

-- Path iteration 55, λ = 5.137e+00
  λ=5.000e+00 | Epoch   1 | lr=1.0000e-03 | Recon MSE=9.221088e-04 | ‖ω‖₁=4.975052e-01 | Non-zero modes: 72
  λ=5.000e+00 | Epoch  10 | lr=1.0000e-03 | Recon MSE=9.139137e-04 | ‖ω‖₁=4.942406e-01 | Non-zero modes: 72
  λ=5.000e+00 | Epoch  20 | lr=1.0000e-03 | Recon MSE=9.187564e-04 | ‖ω‖₁=4.945106e-01 | Non-zero modes: 72
  λ=5.000e+00 | Epoch  30 | lr=1.0000e-03 | Recon MSE=9.761748e-04 | ‖ω‖₁=4.930468e-01 | Non-zero modes: 72
  λ=5.000e+00 | Epoch  40 | lr=1.0000e-03 | Recon MSE=9.413767e-04 | ‖ω‖₁=4.913845e-01 | Non-zero modes: 72
  λ=5.000e+00 | Epoch  50 | lr=1.0000e-03 | Recon MSE=9.150643e-04 | ‖ω‖₁=4.912965e-01 | Non-zero modes: 72
  λ=5.000e+00 | Epoch  60 | lr=1.0000e-03 | Recon MSE=9.137113e-04 | ‖ω‖₁=4.922540e-01 | Non-zero modes: 72
  λ=5.000e+00 | Epoch  70 | lr=1.0000e-03 | Recon MSE=9.071977e-04 | ‖ω‖₁=4.894222e-01 | Non-zero modes: 72
  λ=5.000e+00 | Epoch  80 | lr=1.0000e-03 | Recon MSE=8.893019e-04 | ‖ω‖₁=4.905468e-01 | Non-zero modes: 72
  λ=5.000e+00 | Epoch  90 | lr=1.0000e-03 | Recon MSE=9.196544e-04 | ‖ω‖₁=4.916167e-01 | Non-zero modes: 72
  λ=5.000e+00 | Epoch 100 | lr=1.0000e-03 | Recon MSE=9.138282e-04 | ‖ω‖₁=4.901702e-01 | Non-zero modes: 72
Number of selected modes unchanged for 23 consecutive iterations.
  → at λ=5.137e+00: r(λ)=72
  → selected modes: [0, 1, 2, 3, 4, 5, 6, 7, 8, 9, 10, 11, 12, 13, 14, 15, 16, 17, 18, 19, 20, 21, 22, 23, 24, 25, 26, 27, 28, 29, 30, 31, 32, 33, 34, 35, 36, 37, 38, 39, 40, 41, 42, 43, 44, 45, 46, 47, 48, 49, 50, 51, 52, 53, 54, 55, 56, 57, 58, 59, 60, 61, 62, 63, 64, 65, 66, 67, 68, 69, 70, 71]

-- Path iteration 56, λ = 5.139e+00
  λ=5.000e+00 | Epoch   1 | lr=1.0000e-03 | Recon MSE=9.541594e-04 | ‖ω‖₁=4.948957e-01 | Non-zero modes: 72
  λ=5.000e+00 | Epoch  10 | lr=1.0000e-03 | Recon MSE=9.614717e-04 | ‖ω‖₁=4.927053e-01 | Non-zero modes: 72
  λ=5.000e+00 | Epoch  20 | lr=1.0000e-03 | Recon MSE=9.478418e-04 | ‖ω‖₁=4.914538e-01 | Non-zero modes: 72
  λ=5.000e+00 | Epoch  30 | lr=1.0000e-03 | Recon MSE=9.098039e-04 | ‖ω‖₁=4.899318e-01 | Non-zero modes: 72
  λ=5.000e+00 | Epoch  40 | lr=1.0000e-03 | Recon MSE=9.190070e-04 | ‖ω‖₁=4.908939e-01 | Non-zero modes: 72
  λ=5.000e+00 | Epoch  50 | lr=1.0000e-03 | Recon MSE=9.292775e-04 | ‖ω‖₁=4.896830e-01 | Non-zero modes: 72
  λ=5.000e+00 | Epoch  60 | lr=1.0000e-03 | Recon MSE=9.256317e-04 | ‖ω‖₁=4.881442e-01 | Non-zero modes: 72
  λ=5.000e+00 | Epoch  70 | lr=1.0000e-03 | Recon MSE=9.375507e-04 | ‖ω‖₁=4.901052e-01 | Non-zero modes: 72
  λ=5.000e+00 | Epoch  80 | lr=1.0000e-03 | Recon MSE=9.131954e-04 | ‖ω‖₁=4.893893e-01 | Non-zero modes: 72
  λ=5.000e+00 | Epoch  90 | lr=1.0000e-03 | Recon MSE=9.201618e-04 | ‖ω‖₁=4.897233e-01 | Non-zero modes: 72
  λ=5.000e+00 | Epoch 100 | lr=1.0000e-03 | Recon MSE=9.392521e-04 | ‖ω‖₁=4.901441e-01 | Non-zero modes: 72
Number of selected modes unchanged for 24 consecutive iterations.
  → at λ=5.139e+00: r(λ)=72
  → selected modes: [0, 1, 2, 3, 4, 5, 6, 7, 8, 9, 10, 11, 12, 13, 14, 15, 16, 17, 18, 19, 20, 21, 22, 23, 24, 25, 26, 27, 28, 29, 30, 31, 32, 33, 34, 35, 36, 37, 38, 39, 40, 41, 42, 43, 44, 45, 46, 47, 48, 49, 50, 51, 52, 53, 54, 55, 56, 57, 58, 59, 60, 61, 62, 63, 64, 65, 66, 67, 68, 69, 70, 71]

-- Path iteration 57, λ = 5.142e+00
  λ=5.000e+00 | Epoch   1 | lr=1.0000e-03 | Recon MSE=9.796392e-04 | ‖ω‖₁=4.945890e-01 | Non-zero modes: 72
  λ=5.000e+00 | Epoch  10 | lr=1.0000e-03 | Recon MSE=9.101013e-04 | ‖ω‖₁=4.939309e-01 | Non-zero modes: 72
  λ=5.000e+00 | Epoch  20 | lr=1.0000e-03 | Recon MSE=9.708161e-04 | ‖ω‖₁=4.937252e-01 | Non-zero modes: 72
  λ=5.000e+00 | Epoch  30 | lr=1.0000e-03 | Recon MSE=9.384285e-04 | ‖ω‖₁=4.929404e-01 | Non-zero modes: 72
  λ=5.000e+00 | Epoch  40 | lr=1.0000e-03 | Recon MSE=9.433029e-04 | ‖ω‖₁=4.924095e-01 | Non-zero modes: 72
  λ=5.000e+00 | Epoch  50 | lr=1.0000e-03 | Recon MSE=9.295770e-04 | ‖ω‖₁=4.925067e-01 | Non-zero modes: 72
  λ=5.000e+00 | Epoch  60 | lr=1.0000e-03 | Recon MSE=9.212737e-04 | ‖ω‖₁=4.925643e-01 | Non-zero modes: 72
  λ=5.000e+00 | Epoch  70 | lr=1.0000e-03 | Recon MSE=8.996083e-04 | ‖ω‖₁=4.920285e-01 | Non-zero modes: 72
  λ=5.000e+00 | Epoch  80 | lr=1.0000e-03 | Recon MSE=9.549386e-04 | ‖ω‖₁=4.905263e-01 | Non-zero modes: 72
  λ=5.000e+00 | Epoch  90 | lr=1.0000e-03 | Recon MSE=9.066333e-04 | ‖ω‖₁=4.896179e-01 | Non-zero modes: 72
  λ=5.000e+00 | Epoch 100 | lr=1.0000e-03 | Recon MSE=9.216455e-04 | ‖ω‖₁=4.894651e-01 | Non-zero modes: 72
Number of selected modes unchanged for 25 consecutive iterations.
  → at λ=5.142e+00: r(λ)=72
  → selected modes: [0, 1, 2, 3, 4, 5, 6, 7, 8, 9, 10, 11, 12, 13, 14, 15, 16, 17, 18, 19, 20, 21, 22, 23, 24, 25, 26, 27, 28, 29, 30, 31, 32, 33, 34, 35, 36, 37, 38, 39, 40, 41, 42, 43, 44, 45, 46, 47, 48, 49, 50, 51, 52, 53, 54, 55, 56, 57, 58, 59, 60, 61, 62, 63, 64, 65, 66, 67, 68, 69, 70, 71]

-- Path iteration 58, λ = 5.145e+00
  λ=5.000e+00 | Epoch   1 | lr=1.0000e-03 | Recon MSE=8.845730e-04 | ‖ω‖₁=4.931629e-01 | Non-zero modes: 72
  λ=5.000e+00 | Epoch  10 | lr=1.0000e-03 | Recon MSE=9.281318e-04 | ‖ω‖₁=4.942546e-01 | Non-zero modes: 72
  λ=5.000e+00 | Epoch  20 | lr=1.0000e-03 | Recon MSE=9.236223e-04 | ‖ω‖₁=4.932311e-01 | Non-zero modes: 72
  λ=5.000e+00 | Epoch  30 | lr=1.0000e-03 | Recon MSE=1.000491e-03 | ‖ω‖₁=4.918789e-01 | Non-zero modes: 72
  λ=5.000e+00 | Epoch  40 | lr=1.0000e-03 | Recon MSE=9.227069e-04 | ‖ω‖₁=4.911338e-01 | Non-zero modes: 72
  λ=5.000e+00 | Epoch  50 | lr=1.0000e-03 | Recon MSE=9.461968e-04 | ‖ω‖₁=4.903937e-01 | Non-zero modes: 72
  λ=5.000e+00 | Epoch  60 | lr=1.0000e-03 | Recon MSE=9.436991e-04 | ‖ω‖₁=4.902255e-01 | Non-zero modes: 72
  λ=5.000e+00 | Epoch  70 | lr=1.0000e-03 | Recon MSE=9.171070e-04 | ‖ω‖₁=4.897938e-01 | Non-zero modes: 72
  λ=5.000e+00 | Epoch  80 | lr=1.0000e-03 | Recon MSE=8.677201e-04 | ‖ω‖₁=4.891200e-01 | Non-zero modes: 72
  λ=5.000e+00 | Epoch  90 | lr=1.0000e-03 | Recon MSE=9.706722e-04 | ‖ω‖₁=4.898363e-01 | Non-zero modes: 72
  λ=5.000e+00 | Epoch 100 | lr=1.0000e-03 | Recon MSE=9.174762e-04 | ‖ω‖₁=4.895487e-01 | Non-zero modes: 72
Number of selected modes unchanged for 26 consecutive iterations.
  → at λ=5.145e+00: r(λ)=72
  → selected modes: [0, 1, 2, 3, 4, 5, 6, 7, 8, 9, 10, 11, 12, 13, 14, 15, 16, 17, 18, 19, 20, 21, 22, 23, 24, 25, 26, 27, 28, 29, 30, 31, 32, 33, 34, 35, 36, 37, 38, 39, 40, 41, 42, 43, 44, 45, 46, 47, 48, 49, 50, 51, 52, 53, 54, 55, 56, 57, 58, 59, 60, 61, 62, 63, 64, 65, 66, 67, 68, 69, 70, 71]

-- Path iteration 59, λ = 5.147e+00
  λ=5.000e+00 | Epoch   1 | lr=1.0000e-03 | Recon MSE=9.396024e-04 | ‖ω‖₁=4.937530e-01 | Non-zero modes: 72
  λ=5.000e+00 | Epoch  10 | lr=1.0000e-03 | Recon MSE=9.220708e-04 | ‖ω‖₁=4.920150e-01 | Non-zero modes: 72
  λ=5.000e+00 | Epoch  20 | lr=1.0000e-03 | Recon MSE=9.057634e-04 | ‖ω‖₁=4.900276e-01 | Non-zero modes: 72
  λ=5.000e+00 | Epoch  30 | lr=1.0000e-03 | Recon MSE=9.012123e-04 | ‖ω‖₁=4.904101e-01 | Non-zero modes: 72
  λ=5.000e+00 | Epoch  40 | lr=1.0000e-03 | Recon MSE=9.133203e-04 | ‖ω‖₁=4.899353e-01 | Non-zero modes: 72
  λ=5.000e+00 | Epoch  50 | lr=1.0000e-03 | Recon MSE=9.690908e-04 | ‖ω‖₁=4.892771e-01 | Non-zero modes: 72
  λ=5.000e+00 | Epoch  60 | lr=1.0000e-03 | Recon MSE=9.115864e-04 | ‖ω‖₁=4.934491e-01 | Non-zero modes: 72
  λ=5.000e+00 | Epoch  70 | lr=1.0000e-03 | Recon MSE=9.205565e-04 | ‖ω‖₁=4.914092e-01 | Non-zero modes: 72
  λ=5.000e+00 | Epoch  80 | lr=1.0000e-03 | Recon MSE=9.021264e-04 | ‖ω‖₁=4.928218e-01 | Non-zero modes: 72
  λ=5.000e+00 | Epoch  90 | lr=1.0000e-03 | Recon MSE=9.575300e-04 | ‖ω‖₁=4.955392e-01 | Non-zero modes: 72
  λ=5.000e+00 | Epoch 100 | lr=1.0000e-03 | Recon MSE=9.101822e-04 | ‖ω‖₁=4.939901e-01 | Non-zero modes: 72
Number of selected modes unchanged for 27 consecutive iterations.
  → at λ=5.147e+00: r(λ)=72
  → selected modes: [0, 1, 2, 3, 4, 5, 6, 7, 8, 9, 10, 11, 12, 13, 14, 15, 16, 17, 18, 19, 20, 21, 22, 23, 24, 25, 26, 27, 28, 29, 30, 31, 32, 33, 34, 35, 36, 37, 38, 39, 40, 41, 42, 43, 44, 45, 46, 47, 48, 49, 50, 51, 52, 53, 54, 55, 56, 57, 58, 59, 60, 61, 62, 63, 64, 65, 66, 67, 68, 69, 70, 71]

-- Path iteration 60, λ = 5.150e+00
  λ=5.000e+00 | Epoch   1 | lr=1.0000e-03 | Recon MSE=9.334743e-04 | ‖ω‖₁=4.999479e-01 | Non-zero modes: 72
  λ=5.000e+00 | Epoch  10 | lr=1.0000e-03 | Recon MSE=9.503103e-04 | ‖ω‖₁=4.948430e-01 | Non-zero modes: 72
  λ=5.000e+00 | Epoch  20 | lr=1.0000e-03 | Recon MSE=9.040892e-04 | ‖ω‖₁=4.907067e-01 | Non-zero modes: 72
  λ=5.000e+00 | Epoch  30 | lr=1.0000e-03 | Recon MSE=9.284114e-04 | ‖ω‖₁=4.929171e-01 | Non-zero modes: 72
  λ=5.000e+00 | Epoch  40 | lr=1.0000e-03 | Recon MSE=9.058471e-04 | ‖ω‖₁=4.917299e-01 | Non-zero modes: 72
  λ=5.000e+00 | Epoch  50 | lr=1.0000e-03 | Recon MSE=9.450150e-04 | ‖ω‖₁=4.931961e-01 | Non-zero modes: 72
  λ=5.000e+00 | Epoch  60 | lr=1.0000e-03 | Recon MSE=9.739327e-04 | ‖ω‖₁=4.942274e-01 | Non-zero modes: 72
  λ=5.000e+00 | Epoch  70 | lr=1.0000e-03 | Recon MSE=9.004382e-04 | ‖ω‖₁=4.929583e-01 | Non-zero modes: 72
  λ=5.000e+00 | Epoch  80 | lr=1.0000e-03 | Recon MSE=9.351508e-04 | ‖ω‖₁=4.924606e-01 | Non-zero modes: 72
  λ=5.000e+00 | Epoch  90 | lr=1.0000e-03 | Recon MSE=9.480659e-04 | ‖ω‖₁=4.923573e-01 | Non-zero modes: 72
  λ=5.000e+00 | Epoch 100 | lr=1.0000e-03 | Recon MSE=9.570940e-04 | ‖ω‖₁=4.919897e-01 | Non-zero modes: 72
Number of selected modes unchanged for 28 consecutive iterations.
  → at λ=5.150e+00: r(λ)=72
  → selected modes: [0, 1, 2, 3, 4, 5, 6, 7, 8, 9, 10, 11, 12, 13, 14, 15, 16, 17, 18, 19, 20, 21, 22, 23, 24, 25, 26, 27, 28, 29, 30, 31, 32, 33, 34, 35, 36, 37, 38, 39, 40, 41, 42, 43, 44, 45, 46, 47, 48, 49, 50, 51, 52, 53, 54, 55, 56, 57, 58, 59, 60, 61, 62, 63, 64, 65, 66, 67, 68, 69, 70, 71]

-- Path iteration 61, λ = 5.152e+00
  λ=5.000e+00 | Epoch   1 | lr=1.0000e-03 | Recon MSE=9.465354e-04 | ‖ω‖₁=4.960461e-01 | Non-zero modes: 72
  λ=5.000e+00 | Epoch  10 | lr=1.0000e-03 | Recon MSE=9.134213e-04 | ‖ω‖₁=4.943718e-01 | Non-zero modes: 72
  λ=5.000e+00 | Epoch  20 | lr=1.0000e-03 | Recon MSE=9.375330e-04 | ‖ω‖₁=4.960147e-01 | Non-zero modes: 72
  λ=5.000e+00 | Epoch  30 | lr=1.0000e-03 | Recon MSE=9.578829e-04 | ‖ω‖₁=4.947923e-01 | Non-zero modes: 72
  λ=5.000e+00 | Epoch  40 | lr=1.0000e-03 | Recon MSE=9.201501e-04 | ‖ω‖₁=4.964467e-01 | Non-zero modes: 72
  λ=5.000e+00 | Epoch  50 | lr=1.0000e-03 | Recon MSE=9.076589e-04 | ‖ω‖₁=4.925779e-01 | Non-zero modes: 72
  λ=5.000e+00 | Epoch  60 | lr=1.0000e-03 | Recon MSE=9.421649e-04 | ‖ω‖₁=4.939806e-01 | Non-zero modes: 72
  λ=5.000e+00 | Epoch  70 | lr=1.0000e-03 | Recon MSE=8.978912e-04 | ‖ω‖₁=4.939206e-01 | Non-zero modes: 72
  λ=5.000e+00 | Epoch  80 | lr=1.0000e-03 | Recon MSE=8.980918e-04 | ‖ω‖₁=4.918694e-01 | Non-zero modes: 72
  λ=5.000e+00 | Epoch  90 | lr=1.0000e-03 | Recon MSE=9.202721e-04 | ‖ω‖₁=4.933329e-01 | Non-zero modes: 72
  λ=5.000e+00 | Epoch 100 | lr=1.0000e-03 | Recon MSE=9.386185e-04 | ‖ω‖₁=4.959301e-01 | Non-zero modes: 72
Number of selected modes unchanged for 29 consecutive iterations.
  → at λ=5.152e+00: r(λ)=72
  → selected modes: [0, 1, 2, 3, 4, 5, 6, 7, 8, 9, 10, 11, 12, 13, 14, 15, 16, 17, 18, 19, 20, 21, 22, 23, 24, 25, 26, 27, 28, 29, 30, 31, 32, 33, 34, 35, 36, 37, 38, 39, 40, 41, 42, 43, 44, 45, 46, 47, 48, 49, 50, 51, 52, 53, 54, 55, 56, 57, 58, 59, 60, 61, 62, 63, 64, 65, 66, 67, 68, 69, 70, 71]

-- Path iteration 62, λ = 5.155e+00
  λ=5.000e+00 | Epoch   1 | lr=1.0000e-03 | Recon MSE=9.584690e-04 | ‖ω‖₁=4.999296e-01 | Non-zero modes: 72
  λ=5.000e+00 | Epoch  10 | lr=1.0000e-03 | Recon MSE=8.960519e-04 | ‖ω‖₁=4.961837e-01 | Non-zero modes: 72
  λ=5.000e+00 | Epoch  20 | lr=1.0000e-03 | Recon MSE=9.025350e-04 | ‖ω‖₁=4.968116e-01 | Non-zero modes: 72
  λ=5.000e+00 | Epoch  30 | lr=1.0000e-03 | Recon MSE=9.264315e-04 | ‖ω‖₁=4.954368e-01 | Non-zero modes: 72
  λ=5.000e+00 | Epoch  40 | lr=1.0000e-03 | Recon MSE=9.285035e-04 | ‖ω‖₁=4.941662e-01 | Non-zero modes: 72
  λ=5.000e+00 | Epoch  50 | lr=1.0000e-03 | Recon MSE=9.076784e-04 | ‖ω‖₁=4.914909e-01 | Non-zero modes: 72
  λ=5.000e+00 | Epoch  60 | lr=1.0000e-03 | Recon MSE=9.896110e-04 | ‖ω‖₁=4.911727e-01 | Non-zero modes: 72
  λ=5.000e+00 | Epoch  70 | lr=1.0000e-03 | Recon MSE=9.472179e-04 | ‖ω‖₁=4.900946e-01 | Non-zero modes: 72
  λ=5.000e+00 | Epoch  80 | lr=1.0000e-03 | Recon MSE=8.775080e-04 | ‖ω‖₁=4.919783e-01 | Non-zero modes: 72
  λ=5.000e+00 | Epoch  90 | lr=1.0000e-03 | Recon MSE=9.179548e-04 | ‖ω‖₁=4.917400e-01 | Non-zero modes: 72
  λ=5.000e+00 | Epoch 100 | lr=1.0000e-03 | Recon MSE=9.558758e-04 | ‖ω‖₁=4.911632e-01 | Non-zero modes: 72
Number of selected modes unchanged for 30 consecutive iterations.
  → at λ=5.155e+00: r(λ)=72
  → selected modes: [0, 1, 2, 3, 4, 5, 6, 7, 8, 9, 10, 11, 12, 13, 14, 15, 16, 17, 18, 19, 20, 21, 22, 23, 24, 25, 26, 27, 28, 29, 30, 31, 32, 33, 34, 35, 36, 37, 38, 39, 40, 41, 42, 43, 44, 45, 46, 47, 48, 49, 50, 51, 52, 53, 54, 55, 56, 57, 58, 59, 60, 61, 62, 63, 64, 65, 66, 67, 68, 69, 70, 71]

-- Path iteration 63, λ = 5.157e+00
  λ=5.000e+00 | Epoch   1 | lr=1.0000e-03 | Recon MSE=9.424169e-04 | ‖ω‖₁=4.955763e-01 | Non-zero modes: 72
  λ=5.000e+00 | Epoch  10 | lr=1.0000e-03 | Recon MSE=9.246103e-04 | ‖ω‖₁=4.939755e-01 | Non-zero modes: 72
  λ=5.000e+00 | Epoch  20 | lr=1.0000e-03 | Recon MSE=9.270152e-04 | ‖ω‖₁=4.953968e-01 | Non-zero modes: 72
  λ=5.000e+00 | Epoch  30 | lr=1.0000e-03 | Recon MSE=9.284382e-04 | ‖ω‖₁=4.924752e-01 | Non-zero modes: 72
  λ=5.000e+00 | Epoch  40 | lr=1.0000e-03 | Recon MSE=9.638206e-04 | ‖ω‖₁=4.928658e-01 | Non-zero modes: 72
  λ=5.000e+00 | Epoch  50 | lr=1.0000e-03 | Recon MSE=9.419891e-04 | ‖ω‖₁=4.932547e-01 | Non-zero modes: 72
  λ=5.000e+00 | Epoch  60 | lr=1.0000e-03 | Recon MSE=8.710191e-04 | ‖ω‖₁=4.921364e-01 | Non-zero modes: 72
  λ=5.000e+00 | Epoch  70 | lr=1.0000e-03 | Recon MSE=9.269718e-04 | ‖ω‖₁=4.910620e-01 | Non-zero modes: 72
  λ=5.000e+00 | Epoch  80 | lr=1.0000e-03 | Recon MSE=9.576543e-04 | ‖ω‖₁=4.925401e-01 | Non-zero modes: 72
  λ=5.000e+00 | Epoch  90 | lr=1.0000e-03 | Recon MSE=9.550169e-04 | ‖ω‖₁=4.940951e-01 | Non-zero modes: 72
  λ=5.000e+00 | Epoch 100 | lr=1.0000e-03 | Recon MSE=9.194540e-04 | ‖ω‖₁=4.921715e-01 | Non-zero modes: 72
Number of selected modes unchanged for 31 consecutive iterations.
  → at λ=5.157e+00: r(λ)=72
  → selected modes: [0, 1, 2, 3, 4, 5, 6, 7, 8, 9, 10, 11, 12, 13, 14, 15, 16, 17, 18, 19, 20, 21, 22, 23, 24, 25, 26, 27, 28, 29, 30, 31, 32, 33, 34, 35, 36, 37, 38, 39, 40, 41, 42, 43, 44, 45, 46, 47, 48, 49, 50, 51, 52, 53, 54, 55, 56, 57, 58, 59, 60, 61, 62, 63, 64, 65, 66, 67, 68, 69, 70, 71]

-- Path iteration 64, λ = 5.160e+00
  λ=5.000e+00 | Epoch   1 | lr=1.0000e-03 | Recon MSE=9.216689e-04 | ‖ω‖₁=4.967667e-01 | Non-zero modes: 72
  λ=5.000e+00 | Epoch  10 | lr=1.0000e-03 | Recon MSE=9.632798e-04 | ‖ω‖₁=4.949286e-01 | Non-zero modes: 72
  λ=5.000e+00 | Epoch  20 | lr=1.0000e-03 | Recon MSE=8.847184e-04 | ‖ω‖₁=4.925902e-01 | Non-zero modes: 72
  λ=5.000e+00 | Epoch  30 | lr=1.0000e-03 | Recon MSE=9.104846e-04 | ‖ω‖₁=4.897944e-01 | Non-zero modes: 72
  λ=5.000e+00 | Epoch  40 | lr=1.0000e-03 | Recon MSE=9.554892e-04 | ‖ω‖₁=4.894310e-01 | Non-zero modes: 72
  λ=5.000e+00 | Epoch  50 | lr=1.0000e-03 | Recon MSE=9.442847e-04 | ‖ω‖₁=4.910631e-01 | Non-zero modes: 72
  λ=5.000e+00 | Epoch  60 | lr=1.0000e-03 | Recon MSE=8.937291e-04 | ‖ω‖₁=4.898155e-01 | Non-zero modes: 72
  λ=5.000e+00 | Epoch  70 | lr=1.0000e-03 | Recon MSE=9.133411e-04 | ‖ω‖₁=4.908399e-01 | Non-zero modes: 72
  λ=5.000e+00 | Epoch  80 | lr=1.0000e-03 | Recon MSE=9.200906e-04 | ‖ω‖₁=4.906591e-01 | Non-zero modes: 72
  λ=5.000e+00 | Epoch  90 | lr=1.0000e-03 | Recon MSE=8.903860e-04 | ‖ω‖₁=4.890982e-01 | Non-zero modes: 72
  λ=5.000e+00 | Epoch 100 | lr=1.0000e-03 | Recon MSE=9.674339e-04 | ‖ω‖₁=4.889750e-01 | Non-zero modes: 72
Number of selected modes unchanged for 32 consecutive iterations.
  → at λ=5.160e+00: r(λ)=72
  → selected modes: [0, 1, 2, 3, 4, 5, 6, 7, 8, 9, 10, 11, 12, 13, 14, 15, 16, 17, 18, 19, 20, 21, 22, 23, 24, 25, 26, 27, 28, 29, 30, 31, 32, 33, 34, 35, 36, 37, 38, 39, 40, 41, 42, 43, 44, 45, 46, 47, 48, 49, 50, 51, 52, 53, 54, 55, 56, 57, 58, 59, 60, 61, 62, 63, 64, 65, 66, 67, 68, 69, 70, 71]

-- Path iteration 65, λ = 5.163e+00
  λ=5.000e+00 | Epoch   1 | lr=1.0000e-03 | Recon MSE=9.473236e-04 | ‖ω‖₁=4.941648e-01 | Non-zero modes: 72
  λ=5.000e+00 | Epoch  10 | lr=1.0000e-03 | Recon MSE=9.041400e-04 | ‖ω‖₁=4.900082e-01 | Non-zero modes: 72
  λ=5.000e+00 | Epoch  20 | lr=1.0000e-03 | Recon MSE=9.553146e-04 | ‖ω‖₁=4.905378e-01 | Non-zero modes: 72
  λ=5.000e+00 | Epoch  30 | lr=1.0000e-03 | Recon MSE=9.211509e-04 | ‖ω‖₁=4.902681e-01 | Non-zero modes: 72
  λ=5.000e+00 | Epoch  40 | lr=1.0000e-03 | Recon MSE=9.344158e-04 | ‖ω‖₁=4.903562e-01 | Non-zero modes: 72
  λ=5.000e+00 | Epoch  50 | lr=1.0000e-03 | Recon MSE=9.483148e-04 | ‖ω‖₁=4.913300e-01 | Non-zero modes: 72
  λ=5.000e+00 | Epoch  60 | lr=1.0000e-03 | Recon MSE=9.275232e-04 | ‖ω‖₁=4.917108e-01 | Non-zero modes: 72
  λ=5.000e+00 | Epoch  70 | lr=1.0000e-03 | Recon MSE=9.225634e-04 | ‖ω‖₁=4.937763e-01 | Non-zero modes: 72
  λ=5.000e+00 | Epoch  80 | lr=1.0000e-03 | Recon MSE=9.492306e-04 | ‖ω‖₁=4.922330e-01 | Non-zero modes: 72
  λ=5.000e+00 | Epoch  90 | lr=1.0000e-03 | Recon MSE=9.712582e-04 | ‖ω‖₁=4.890753e-01 | Non-zero modes: 72
  λ=5.000e+00 | Epoch 100 | lr=1.0000e-03 | Recon MSE=9.381589e-04 | ‖ω‖₁=4.903737e-01 | Non-zero modes: 72
Number of selected modes unchanged for 33 consecutive iterations.
  → at λ=5.163e+00: r(λ)=72
  → selected modes: [0, 1, 2, 3, 4, 5, 6, 7, 8, 9, 10, 11, 12, 13, 14, 15, 16, 17, 18, 19, 20, 21, 22, 23, 24, 25, 26, 27, 28, 29, 30, 31, 32, 33, 34, 35, 36, 37, 38, 39, 40, 41, 42, 43, 44, 45, 46, 47, 48, 49, 50, 51, 52, 53, 54, 55, 56, 57, 58, 59, 60, 61, 62, 63, 64, 65, 66, 67, 68, 69, 70, 71]

-- Path iteration 66, λ = 5.165e+00
  λ=5.000e+00 | Epoch   1 | lr=1.0000e-03 | Recon MSE=9.283960e-04 | ‖ω‖₁=4.950681e-01 | Non-zero modes: 72
  λ=5.000e+00 | Epoch  10 | lr=1.0000e-03 | Recon MSE=9.282407e-04 | ‖ω‖₁=4.923672e-01 | Non-zero modes: 72
  λ=5.000e+00 | Epoch  20 | lr=1.0000e-03 | Recon MSE=9.161194e-04 | ‖ω‖₁=4.906787e-01 | Non-zero modes: 72
  λ=5.000e+00 | Epoch  30 | lr=1.0000e-03 | Recon MSE=9.400624e-04 | ‖ω‖₁=4.916690e-01 | Non-zero modes: 72
  λ=5.000e+00 | Epoch  40 | lr=1.0000e-03 | Recon MSE=9.471255e-04 | ‖ω‖₁=4.907426e-01 | Non-zero modes: 72
  λ=5.000e+00 | Epoch  50 | lr=1.0000e-03 | Recon MSE=8.922416e-04 | ‖ω‖₁=4.887502e-01 | Non-zero modes: 72
  λ=5.000e+00 | Epoch  60 | lr=1.0000e-03 | Recon MSE=9.199853e-04 | ‖ω‖₁=4.882223e-01 | Non-zero modes: 72
  λ=5.000e+00 | Epoch  70 | lr=1.0000e-03 | Recon MSE=9.548838e-04 | ‖ω‖₁=4.895560e-01 | Non-zero modes: 72
  λ=5.000e+00 | Epoch  80 | lr=1.0000e-03 | Recon MSE=8.720701e-04 | ‖ω‖₁=4.888606e-01 | Non-zero modes: 72
  λ=5.000e+00 | Epoch  90 | lr=1.0000e-03 | Recon MSE=8.970962e-04 | ‖ω‖₁=4.879007e-01 | Non-zero modes: 72
  λ=5.000e+00 | Epoch 100 | lr=1.0000e-03 | Recon MSE=8.960087e-04 | ‖ω‖₁=4.904316e-01 | Non-zero modes: 72
Number of selected modes unchanged for 34 consecutive iterations.
  → at λ=5.165e+00: r(λ)=72
  → selected modes: [0, 1, 2, 3, 4, 5, 6, 7, 8, 9, 10, 11, 12, 13, 14, 15, 16, 17, 18, 19, 20, 21, 22, 23, 24, 25, 26, 27, 28, 29, 30, 31, 32, 33, 34, 35, 36, 37, 38, 39, 40, 41, 42, 43, 44, 45, 46, 47, 48, 49, 50, 51, 52, 53, 54, 55, 56, 57, 58, 59, 60, 61, 62, 63, 64, 65, 66, 67, 68, 69, 70, 71]

-- Path iteration 67, λ = 5.168e+00
  λ=5.000e+00 | Epoch   1 | lr=1.0000e-03 | Recon MSE=9.239253e-04 | ‖ω‖₁=4.932584e-01 | Non-zero modes: 72
  λ=5.000e+00 | Epoch  10 | lr=1.0000e-03 | Recon MSE=9.484245e-04 | ‖ω‖₁=4.892195e-01 | Non-zero modes: 72
  λ=5.000e+00 | Epoch  20 | lr=1.0000e-03 | Recon MSE=9.144879e-04 | ‖ω‖₁=4.896283e-01 | Non-zero modes: 72
  λ=5.000e+00 | Epoch  30 | lr=1.0000e-03 | Recon MSE=9.278939e-04 | ‖ω‖₁=4.880108e-01 | Non-zero modes: 72
  λ=5.000e+00 | Epoch  40 | lr=1.0000e-03 | Recon MSE=9.033808e-04 | ‖ω‖₁=4.895633e-01 | Non-zero modes: 72
  λ=5.000e+00 | Epoch  50 | lr=1.0000e-03 | Recon MSE=9.643340e-04 | ‖ω‖₁=4.899680e-01 | Non-zero modes: 72
  λ=5.000e+00 | Epoch  60 | lr=1.0000e-03 | Recon MSE=9.572424e-04 | ‖ω‖₁=4.885083e-01 | Non-zero modes: 72
  λ=5.000e+00 | Epoch  70 | lr=1.0000e-03 | Recon MSE=9.425014e-04 | ‖ω‖₁=4.874611e-01 | Non-zero modes: 72
  λ=5.000e+00 | Epoch  80 | lr=1.0000e-03 | Recon MSE=9.393314e-04 | ‖ω‖₁=4.884172e-01 | Non-zero modes: 72
  λ=5.000e+00 | Epoch  90 | lr=1.0000e-03 | Recon MSE=9.547570e-04 | ‖ω‖₁=4.880932e-01 | Non-zero modes: 72
  λ=5.000e+00 | Epoch 100 | lr=1.0000e-03 | Recon MSE=8.810895e-04 | ‖ω‖₁=4.865402e-01 | Non-zero modes: 72
Number of selected modes unchanged for 35 consecutive iterations.
  → at λ=5.168e+00: r(λ)=72
  → selected modes: [0, 1, 2, 3, 4, 5, 6, 7, 8, 9, 10, 11, 12, 13, 14, 15, 16, 17, 18, 19, 20, 21, 22, 23, 24, 25, 26, 27, 28, 29, 30, 31, 32, 33, 34, 35, 36, 37, 38, 39, 40, 41, 42, 43, 44, 45, 46, 47, 48, 49, 50, 51, 52, 53, 54, 55, 56, 57, 58, 59, 60, 61, 62, 63, 64, 65, 66, 67, 68, 69, 70, 71]

-- Path iteration 68, λ = 5.170e+00
  λ=5.000e+00 | Epoch   1 | lr=1.0000e-03 | Recon MSE=9.523491e-04 | ‖ω‖₁=4.913780e-01 | Non-zero modes: 72
  λ=5.000e+00 | Epoch  10 | lr=1.0000e-03 | Recon MSE=9.034130e-04 | ‖ω‖₁=4.894022e-01 | Non-zero modes: 72
  λ=5.000e+00 | Epoch  20 | lr=1.0000e-03 | Recon MSE=8.988685e-04 | ‖ω‖₁=4.898425e-01 | Non-zero modes: 72
  λ=5.000e+00 | Epoch  30 | lr=1.0000e-03 | Recon MSE=9.203295e-04 | ‖ω‖₁=4.902838e-01 | Non-zero modes: 72
  λ=5.000e+00 | Epoch  40 | lr=1.0000e-03 | Recon MSE=9.074402e-04 | ‖ω‖₁=4.873720e-01 | Non-zero modes: 72
  λ=5.000e+00 | Epoch  50 | lr=1.0000e-03 | Recon MSE=8.981482e-04 | ‖ω‖₁=4.871004e-01 | Non-zero modes: 72
  λ=5.000e+00 | Epoch  60 | lr=1.0000e-03 | Recon MSE=9.290607e-04 | ‖ω‖₁=4.892058e-01 | Non-zero modes: 72
  λ=5.000e+00 | Epoch  70 | lr=1.0000e-03 | Recon MSE=9.325776e-04 | ‖ω‖₁=4.907476e-01 | Non-zero modes: 72
  λ=5.000e+00 | Epoch  80 | lr=1.0000e-03 | Recon MSE=9.053491e-04 | ‖ω‖₁=4.896011e-01 | Non-zero modes: 72
  λ=5.000e+00 | Epoch  90 | lr=1.0000e-03 | Recon MSE=9.080943e-04 | ‖ω‖₁=4.916604e-01 | Non-zero modes: 72
  λ=5.000e+00 | Epoch 100 | lr=1.0000e-03 | Recon MSE=9.270003e-04 | ‖ω‖₁=4.894524e-01 | Non-zero modes: 72
Number of selected modes unchanged for 36 consecutive iterations.
  → at λ=5.170e+00: r(λ)=72
  → selected modes: [0, 1, 2, 3, 4, 5, 6, 7, 8, 9, 10, 11, 12, 13, 14, 15, 16, 17, 18, 19, 20, 21, 22, 23, 24, 25, 26, 27, 28, 29, 30, 31, 32, 33, 34, 35, 36, 37, 38, 39, 40, 41, 42, 43, 44, 45, 46, 47, 48, 49, 50, 51, 52, 53, 54, 55, 56, 57, 58, 59, 60, 61, 62, 63, 64, 65, 66, 67, 68, 69, 70, 71]

-- Path iteration 69, λ = 5.173e+00
  λ=5.000e+00 | Epoch   1 | lr=1.0000e-03 | Recon MSE=9.773478e-04 | ‖ω‖₁=4.937276e-01 | Non-zero modes: 72
  λ=5.000e+00 | Epoch  10 | lr=1.0000e-03 | Recon MSE=9.472475e-04 | ‖ω‖₁=4.910110e-01 | Non-zero modes: 72
  λ=5.000e+00 | Epoch  20 | lr=1.0000e-03 | Recon MSE=9.255688e-04 | ‖ω‖₁=4.896521e-01 | Non-zero modes: 72
  λ=5.000e+00 | Epoch  30 | lr=1.0000e-03 | Recon MSE=8.923973e-04 | ‖ω‖₁=4.872551e-01 | Non-zero modes: 72
  λ=5.000e+00 | Epoch  40 | lr=1.0000e-03 | Recon MSE=8.829406e-04 | ‖ω‖₁=4.891013e-01 | Non-zero modes: 72
  λ=5.000e+00 | Epoch  50 | lr=1.0000e-03 | Recon MSE=9.355839e-04 | ‖ω‖₁=4.893104e-01 | Non-zero modes: 72
  λ=5.000e+00 | Epoch  60 | lr=1.0000e-03 | Recon MSE=9.246194e-04 | ‖ω‖₁=4.929531e-01 | Non-zero modes: 72
  λ=5.000e+00 | Epoch  70 | lr=1.0000e-03 | Recon MSE=9.040621e-04 | ‖ω‖₁=4.918673e-01 | Non-zero modes: 72
  λ=5.000e+00 | Epoch  80 | lr=1.0000e-03 | Recon MSE=9.249318e-04 | ‖ω‖₁=4.921903e-01 | Non-zero modes: 72
  λ=5.000e+00 | Epoch  90 | lr=1.0000e-03 | Recon MSE=8.961940e-04 | ‖ω‖₁=4.924058e-01 | Non-zero modes: 72
  λ=5.000e+00 | Epoch 100 | lr=1.0000e-03 | Recon MSE=9.262481e-04 | ‖ω‖₁=4.940228e-01 | Non-zero modes: 72
Number of selected modes unchanged for 37 consecutive iterations.
  → at λ=5.173e+00: r(λ)=72
  → selected modes: [0, 1, 2, 3, 4, 5, 6, 7, 8, 9, 10, 11, 12, 13, 14, 15, 16, 17, 18, 19, 20, 21, 22, 23, 24, 25, 26, 27, 28, 29, 30, 31, 32, 33, 34, 35, 36, 37, 38, 39, 40, 41, 42, 43, 44, 45, 46, 47, 48, 49, 50, 51, 52, 53, 54, 55, 56, 57, 58, 59, 60, 61, 62, 63, 64, 65, 66, 67, 68, 69, 70, 71]

-- Path iteration 70, λ = 5.175e+00
  λ=5.000e+00 | Epoch   1 | lr=1.0000e-03 | Recon MSE=9.244439e-04 | ‖ω‖₁=4.986170e-01 | Non-zero modes: 72
  λ=5.000e+00 | Epoch  10 | lr=1.0000e-03 | Recon MSE=9.308576e-04 | ‖ω‖₁=4.973939e-01 | Non-zero modes: 72
  λ=5.000e+00 | Epoch  20 | lr=1.0000e-03 | Recon MSE=9.318036e-04 | ‖ω‖₁=4.930048e-01 | Non-zero modes: 72
  λ=5.000e+00 | Epoch  30 | lr=1.0000e-03 | Recon MSE=9.243820e-04 | ‖ω‖₁=4.942827e-01 | Non-zero modes: 72
  λ=5.000e+00 | Epoch  40 | lr=1.0000e-03 | Recon MSE=9.294378e-04 | ‖ω‖₁=4.924210e-01 | Non-zero modes: 72
  λ=5.000e+00 | Epoch  50 | lr=1.0000e-03 | Recon MSE=8.986566e-04 | ‖ω‖₁=4.896823e-01 | Non-zero modes: 72
  λ=5.000e+00 | Epoch  60 | lr=1.0000e-03 | Recon MSE=8.810536e-04 | ‖ω‖₁=4.905905e-01 | Non-zero modes: 72
  λ=5.000e+00 | Epoch  70 | lr=1.0000e-03 | Recon MSE=9.266886e-04 | ‖ω‖₁=4.916308e-01 | Non-zero modes: 72
  λ=5.000e+00 | Epoch  80 | lr=1.0000e-03 | Recon MSE=8.931751e-04 | ‖ω‖₁=4.902410e-01 | Non-zero modes: 72
  λ=5.000e+00 | Epoch  90 | lr=1.0000e-03 | Recon MSE=8.787650e-04 | ‖ω‖₁=4.904272e-01 | Non-zero modes: 72
  λ=5.000e+00 | Epoch 100 | lr=1.0000e-03 | Recon MSE=9.104641e-04 | ‖ω‖₁=4.912711e-01 | Non-zero modes: 72
Number of selected modes unchanged for 38 consecutive iterations.
  → at λ=5.175e+00: r(λ)=72
  → selected modes: [0, 1, 2, 3, 4, 5, 6, 7, 8, 9, 10, 11, 12, 13, 14, 15, 16, 17, 18, 19, 20, 21, 22, 23, 24, 25, 26, 27, 28, 29, 30, 31, 32, 33, 34, 35, 36, 37, 38, 39, 40, 41, 42, 43, 44, 45, 46, 47, 48, 49, 50, 51, 52, 53, 54, 55, 56, 57, 58, 59, 60, 61, 62, 63, 64, 65, 66, 67, 68, 69, 70, 71]

-- Path iteration 71, λ = 5.178e+00
  λ=5.000e+00 | Epoch   1 | lr=1.0000e-03 | Recon MSE=9.769614e-04 | ‖ω‖₁=4.950466e-01 | Non-zero modes: 72
  λ=5.000e+00 | Epoch  10 | lr=1.0000e-03 | Recon MSE=9.426983e-04 | ‖ω‖₁=4.906533e-01 | Non-zero modes: 72
  λ=5.000e+00 | Epoch  20 | lr=1.0000e-03 | Recon MSE=9.210741e-04 | ‖ω‖₁=4.923843e-01 | Non-zero modes: 72
  λ=5.000e+00 | Epoch  30 | lr=1.0000e-03 | Recon MSE=9.501250e-04 | ‖ω‖₁=4.905193e-01 | Non-zero modes: 72
  λ=5.000e+00 | Epoch  40 | lr=1.0000e-03 | Recon MSE=9.372425e-04 | ‖ω‖₁=4.897406e-01 | Non-zero modes: 72
  λ=5.000e+00 | Epoch  50 | lr=1.0000e-03 | Recon MSE=9.022029e-04 | ‖ω‖₁=4.885764e-01 | Non-zero modes: 72
  λ=5.000e+00 | Epoch  60 | lr=1.0000e-03 | Recon MSE=9.344859e-04 | ‖ω‖₁=4.889847e-01 | Non-zero modes: 72
  λ=5.000e+00 | Epoch  70 | lr=1.0000e-03 | Recon MSE=8.884006e-04 | ‖ω‖₁=4.899847e-01 | Non-zero modes: 72
  λ=5.000e+00 | Epoch  80 | lr=1.0000e-03 | Recon MSE=9.247171e-04 | ‖ω‖₁=4.912563e-01 | Non-zero modes: 72
  λ=5.000e+00 | Epoch  90 | lr=1.0000e-03 | Recon MSE=9.007089e-04 | ‖ω‖₁=4.900030e-01 | Non-zero modes: 72
  λ=5.000e+00 | Epoch 100 | lr=1.0000e-03 | Recon MSE=8.995315e-04 | ‖ω‖₁=4.898263e-01 | Non-zero modes: 72
Number of selected modes unchanged for 39 consecutive iterations.
  → at λ=5.178e+00: r(λ)=72
  → selected modes: [0, 1, 2, 3, 4, 5, 6, 7, 8, 9, 10, 11, 12, 13, 14, 15, 16, 17, 18, 19, 20, 21, 22, 23, 24, 25, 26, 27, 28, 29, 30, 31, 32, 33, 34, 35, 36, 37, 38, 39, 40, 41, 42, 43, 44, 45, 46, 47, 48, 49, 50, 51, 52, 53, 54, 55, 56, 57, 58, 59, 60, 61, 62, 63, 64, 65, 66, 67, 68, 69, 70, 71]

-- Path iteration 72, λ = 5.181e+00
  λ=5.000e+00 | Epoch   1 | lr=1.0000e-03 | Recon MSE=9.225584e-04 | ‖ω‖₁=4.932886e-01 | Non-zero modes: 72
  λ=5.000e+00 | Epoch  10 | lr=1.0000e-03 | Recon MSE=9.430846e-04 | ‖ω‖₁=4.912486e-01 | Non-zero modes: 72
  λ=5.000e+00 | Epoch  20 | lr=1.0000e-03 | Recon MSE=9.346891e-04 | ‖ω‖₁=4.893896e-01 | Non-zero modes: 72
  λ=5.000e+00 | Epoch  30 | lr=1.0000e-03 | Recon MSE=9.391792e-04 | ‖ω‖₁=4.901495e-01 | Non-zero modes: 72
  λ=5.000e+00 | Epoch  40 | lr=1.0000e-03 | Recon MSE=8.963961e-04 | ‖ω‖₁=4.910729e-01 | Non-zero modes: 72
  λ=5.000e+00 | Epoch  50 | lr=1.0000e-03 | Recon MSE=9.085120e-04 | ‖ω‖₁=4.898242e-01 | Non-zero modes: 72
  λ=5.000e+00 | Epoch  60 | lr=1.0000e-03 | Recon MSE=8.938630e-04 | ‖ω‖₁=4.893916e-01 | Non-zero modes: 72
  λ=5.000e+00 | Epoch  70 | lr=1.0000e-03 | Recon MSE=8.734372e-04 | ‖ω‖₁=4.895112e-01 | Non-zero modes: 72
  λ=5.000e+00 | Epoch  80 | lr=1.0000e-03 | Recon MSE=9.295762e-04 | ‖ω‖₁=4.908516e-01 | Non-zero modes: 72
  λ=5.000e+00 | Epoch  90 | lr=1.0000e-03 | Recon MSE=9.671374e-04 | ‖ω‖₁=4.912343e-01 | Non-zero modes: 72
  λ=5.000e+00 | Epoch 100 | lr=1.0000e-03 | Recon MSE=9.041063e-04 | ‖ω‖₁=4.902891e-01 | Non-zero modes: 72
Number of selected modes unchanged for 40 consecutive iterations.
  → at λ=5.181e+00: r(λ)=72
  → selected modes: [0, 1, 2, 3, 4, 5, 6, 7, 8, 9, 10, 11, 12, 13, 14, 15, 16, 17, 18, 19, 20, 21, 22, 23, 24, 25, 26, 27, 28, 29, 30, 31, 32, 33, 34, 35, 36, 37, 38, 39, 40, 41, 42, 43, 44, 45, 46, 47, 48, 49, 50, 51, 52, 53, 54, 55, 56, 57, 58, 59, 60, 61, 62, 63, 64, 65, 66, 67, 68, 69, 70, 71]

-- Path iteration 73, λ = 5.183e+00
  λ=5.000e+00 | Epoch   1 | lr=1.0000e-03 | Recon MSE=9.503811e-04 | ‖ω‖₁=4.943422e-01 | Non-zero modes: 72
  λ=5.000e+00 | Epoch  10 | lr=1.0000e-03 | Recon MSE=9.709398e-04 | ‖ω‖₁=4.942128e-01 | Non-zero modes: 72
  λ=5.000e+00 | Epoch  20 | lr=1.0000e-03 | Recon MSE=9.167350e-04 | ‖ω‖₁=4.903603e-01 | Non-zero modes: 72
  λ=5.000e+00 | Epoch  30 | lr=1.0000e-03 | Recon MSE=8.844057e-04 | ‖ω‖₁=4.901699e-01 | Non-zero modes: 72
  λ=5.000e+00 | Epoch  40 | lr=1.0000e-03 | Recon MSE=9.200282e-04 | ‖ω‖₁=4.905041e-01 | Non-zero modes: 72
  λ=5.000e+00 | Epoch  50 | lr=1.0000e-03 | Recon MSE=9.156377e-04 | ‖ω‖₁=4.880065e-01 | Non-zero modes: 72
  λ=5.000e+00 | Epoch  60 | lr=1.0000e-03 | Recon MSE=8.791542e-04 | ‖ω‖₁=4.908632e-01 | Non-zero modes: 72
  λ=5.000e+00 | Epoch  70 | lr=1.0000e-03 | Recon MSE=8.499295e-04 | ‖ω‖₁=4.900056e-01 | Non-zero modes: 72
  λ=5.000e+00 | Epoch  80 | lr=1.0000e-03 | Recon MSE=9.246035e-04 | ‖ω‖₁=4.899200e-01 | Non-zero modes: 72
  λ=5.000e+00 | Epoch  90 | lr=1.0000e-03 | Recon MSE=9.096889e-04 | ‖ω‖₁=4.896400e-01 | Non-zero modes: 72
  λ=5.000e+00 | Epoch 100 | lr=1.0000e-03 | Recon MSE=9.448054e-04 | ‖ω‖₁=4.885583e-01 | Non-zero modes: 72
Number of selected modes unchanged for 41 consecutive iterations.
  → at λ=5.183e+00: r(λ)=72
  → selected modes: [0, 1, 2, 3, 4, 5, 6, 7, 8, 9, 10, 11, 12, 13, 14, 15, 16, 17, 18, 19, 20, 21, 22, 23, 24, 25, 26, 27, 28, 29, 30, 31, 32, 33, 34, 35, 36, 37, 38, 39, 40, 41, 42, 43, 44, 45, 46, 47, 48, 49, 50, 51, 52, 53, 54, 55, 56, 57, 58, 59, 60, 61, 62, 63, 64, 65, 66, 67, 68, 69, 70, 71]

-- Path iteration 74, λ = 5.186e+00
  λ=5.000e+00 | Epoch   1 | lr=1.0000e-03 | Recon MSE=9.309559e-04 | ‖ω‖₁=4.932654e-01 | Non-zero modes: 72
  λ=5.000e+00 | Epoch  10 | lr=1.0000e-03 | Recon MSE=8.843036e-04 | ‖ω‖₁=4.888847e-01 | Non-zero modes: 72
  λ=5.000e+00 | Epoch  20 | lr=1.0000e-03 | Recon MSE=9.535855e-04 | ‖ω‖₁=4.893276e-01 | Non-zero modes: 72
  λ=5.000e+00 | Epoch  30 | lr=1.0000e-03 | Recon MSE=9.466315e-04 | ‖ω‖₁=4.890381e-01 | Non-zero modes: 72
  λ=5.000e+00 | Epoch  40 | lr=1.0000e-03 | Recon MSE=9.140454e-04 | ‖ω‖₁=4.880493e-01 | Non-zero modes: 72
  λ=5.000e+00 | Epoch  50 | lr=1.0000e-03 | Recon MSE=9.320759e-04 | ‖ω‖₁=4.880702e-01 | Non-zero modes: 72
  λ=5.000e+00 | Epoch  60 | lr=1.0000e-03 | Recon MSE=8.983250e-04 | ‖ω‖₁=4.904133e-01 | Non-zero modes: 72
  λ=5.000e+00 | Epoch  70 | lr=1.0000e-03 | Recon MSE=9.641823e-04 | ‖ω‖₁=4.874493e-01 | Non-zero modes: 72
  λ=5.000e+00 | Epoch  80 | lr=1.0000e-03 | Recon MSE=8.951541e-04 | ‖ω‖₁=4.871191e-01 | Non-zero modes: 72
  λ=5.000e+00 | Epoch  90 | lr=1.0000e-03 | Recon MSE=9.176021e-04 | ‖ω‖₁=4.877262e-01 | Non-zero modes: 72
  λ=5.000e+00 | Epoch 100 | lr=1.0000e-03 | Recon MSE=9.248981e-04 | ‖ω‖₁=4.884483e-01 | Non-zero modes: 72
Number of selected modes unchanged for 42 consecutive iterations.
  → at λ=5.186e+00: r(λ)=72
  → selected modes: [0, 1, 2, 3, 4, 5, 6, 7, 8, 9, 10, 11, 12, 13, 14, 15, 16, 17, 18, 19, 20, 21, 22, 23, 24, 25, 26, 27, 28, 29, 30, 31, 32, 33, 34, 35, 36, 37, 38, 39, 40, 41, 42, 43, 44, 45, 46, 47, 48, 49, 50, 51, 52, 53, 54, 55, 56, 57, 58, 59, 60, 61, 62, 63, 64, 65, 66, 67, 68, 69, 70, 71]

-- Path iteration 75, λ = 5.188e+00
  λ=5.000e+00 | Epoch   1 | lr=1.0000e-03 | Recon MSE=9.562399e-04 | ‖ω‖₁=4.936897e-01 | Non-zero modes: 72
  λ=5.000e+00 | Epoch  10 | lr=1.0000e-03 | Recon MSE=9.629451e-04 | ‖ω‖₁=4.932452e-01 | Non-zero modes: 72
  λ=5.000e+00 | Epoch  20 | lr=1.0000e-03 | Recon MSE=9.204215e-04 | ‖ω‖₁=4.894596e-01 | Non-zero modes: 72
  λ=5.000e+00 | Epoch  30 | lr=1.0000e-03 | Recon MSE=8.927325e-04 | ‖ω‖₁=4.910889e-01 | Non-zero modes: 72
  λ=5.000e+00 | Epoch  40 | lr=1.0000e-03 | Recon MSE=9.088818e-04 | ‖ω‖₁=4.900625e-01 | Non-zero modes: 72
  λ=5.000e+00 | Epoch  50 | lr=1.0000e-03 | Recon MSE=9.486673e-04 | ‖ω‖₁=4.888466e-01 | Non-zero modes: 72
  λ=5.000e+00 | Epoch  60 | lr=1.0000e-03 | Recon MSE=9.066868e-04 | ‖ω‖₁=4.896869e-01 | Non-zero modes: 72
  λ=5.000e+00 | Epoch  70 | lr=1.0000e-03 | Recon MSE=9.317509e-04 | ‖ω‖₁=4.903700e-01 | Non-zero modes: 72
  λ=5.000e+00 | Epoch  80 | lr=1.0000e-03 | Recon MSE=9.402486e-04 | ‖ω‖₁=4.867555e-01 | Non-zero modes: 72
  λ=5.000e+00 | Epoch  90 | lr=1.0000e-03 | Recon MSE=9.233932e-04 | ‖ω‖₁=4.895801e-01 | Non-zero modes: 72
  λ=5.000e+00 | Epoch 100 | lr=1.0000e-03 | Recon MSE=9.519858e-04 | ‖ω‖₁=4.872153e-01 | Non-zero modes: 72
Number of selected modes unchanged for 43 consecutive iterations.
  → at λ=5.188e+00: r(λ)=72
  → selected modes: [0, 1, 2, 3, 4, 5, 6, 7, 8, 9, 10, 11, 12, 13, 14, 15, 16, 17, 18, 19, 20, 21, 22, 23, 24, 25, 26, 27, 28, 29, 30, 31, 32, 33, 34, 35, 36, 37, 38, 39, 40, 41, 42, 43, 44, 45, 46, 47, 48, 49, 50, 51, 52, 53, 54, 55, 56, 57, 58, 59, 60, 61, 62, 63, 64, 65, 66, 67, 68, 69, 70, 71]

-- Path iteration 76, λ = 5.191e+00
  λ=5.000e+00 | Epoch   1 | lr=1.0000e-03 | Recon MSE=9.350450e-04 | ‖ω‖₁=4.913511e-01 | Non-zero modes: 72
  λ=5.000e+00 | Epoch  10 | lr=1.0000e-03 | Recon MSE=9.087411e-04 | ‖ω‖₁=4.902115e-01 | Non-zero modes: 72
  λ=5.000e+00 | Epoch  20 | lr=1.0000e-03 | Recon MSE=9.586354e-04 | ‖ω‖₁=4.878590e-01 | Non-zero modes: 72
  λ=5.000e+00 | Epoch  30 | lr=1.0000e-03 | Recon MSE=9.134786e-04 | ‖ω‖₁=4.852394e-01 | Non-zero modes: 72
  λ=5.000e+00 | Epoch  40 | lr=1.0000e-03 | Recon MSE=9.600207e-04 | ‖ω‖₁=4.874256e-01 | Non-zero modes: 72
  λ=5.000e+00 | Epoch  50 | lr=1.0000e-03 | Recon MSE=9.315680e-04 | ‖ω‖₁=4.865821e-01 | Non-zero modes: 72
  λ=5.000e+00 | Epoch  60 | lr=1.0000e-03 | Recon MSE=9.540690e-04 | ‖ω‖₁=4.869202e-01 | Non-zero modes: 72
  λ=5.000e+00 | Epoch  70 | lr=1.0000e-03 | Recon MSE=9.004778e-04 | ‖ω‖₁=4.859307e-01 | Non-zero modes: 72
  λ=5.000e+00 | Epoch  80 | lr=1.0000e-03 | Recon MSE=9.056060e-04 | ‖ω‖₁=4.861993e-01 | Non-zero modes: 72
  λ=5.000e+00 | Epoch  90 | lr=1.0000e-03 | Recon MSE=8.909927e-04 | ‖ω‖₁=4.847148e-01 | Non-zero modes: 72
  λ=5.000e+00 | Epoch 100 | lr=1.0000e-03 | Recon MSE=8.849640e-04 | ‖ω‖₁=4.855240e-01 | Non-zero modes: 72
Number of selected modes unchanged for 44 consecutive iterations.
  → at λ=5.191e+00: r(λ)=72
  → selected modes: [0, 1, 2, 3, 4, 5, 6, 7, 8, 9, 10, 11, 12, 13, 14, 15, 16, 17, 18, 19, 20, 21, 22, 23, 24, 25, 26, 27, 28, 29, 30, 31, 32, 33, 34, 35, 36, 37, 38, 39, 40, 41, 42, 43, 44, 45, 46, 47, 48, 49, 50, 51, 52, 53, 54, 55, 56, 57, 58, 59, 60, 61, 62, 63, 64, 65, 66, 67, 68, 69, 70, 71]

-- Path iteration 77, λ = 5.194e+00
  λ=5.000e+00 | Epoch   1 | lr=1.0000e-03 | Recon MSE=9.486162e-04 | ‖ω‖₁=4.900949e-01 | Non-zero modes: 72
  λ=5.000e+00 | Epoch  10 | lr=1.0000e-03 | Recon MSE=9.106789e-04 | ‖ω‖₁=4.882371e-01 | Non-zero modes: 72
  λ=5.000e+00 | Epoch  20 | lr=1.0000e-03 | Recon MSE=9.133404e-04 | ‖ω‖₁=4.862842e-01 | Non-zero modes: 72
  λ=5.000e+00 | Epoch  30 | lr=1.0000e-03 | Recon MSE=9.366273e-04 | ‖ω‖₁=4.859437e-01 | Non-zero modes: 72
  λ=5.000e+00 | Epoch  40 | lr=1.0000e-03 | Recon MSE=9.123463e-04 | ‖ω‖₁=4.898458e-01 | Non-zero modes: 72
  λ=5.000e+00 | Epoch  50 | lr=1.0000e-03 | Recon MSE=9.540131e-04 | ‖ω‖₁=4.894584e-01 | Non-zero modes: 72
  λ=5.000e+00 | Epoch  60 | lr=1.0000e-03 | Recon MSE=9.209489e-04 | ‖ω‖₁=4.866654e-01 | Non-zero modes: 72
  λ=5.000e+00 | Epoch  70 | lr=1.0000e-03 | Recon MSE=9.303859e-04 | ‖ω‖₁=4.872171e-01 | Non-zero modes: 72
  λ=5.000e+00 | Epoch  80 | lr=1.0000e-03 | Recon MSE=9.298760e-04 | ‖ω‖₁=4.861390e-01 | Non-zero modes: 72
  λ=5.000e+00 | Epoch  90 | lr=1.0000e-03 | Recon MSE=8.987671e-04 | ‖ω‖₁=4.879006e-01 | Non-zero modes: 72
  λ=5.000e+00 | Epoch 100 | lr=1.0000e-03 | Recon MSE=8.861898e-04 | ‖ω‖₁=4.869242e-01 | Non-zero modes: 72
Number of selected modes unchanged for 45 consecutive iterations.
  → at λ=5.194e+00: r(λ)=72
  → selected modes: [0, 1, 2, 3, 4, 5, 6, 7, 8, 9, 10, 11, 12, 13, 14, 15, 16, 17, 18, 19, 20, 21, 22, 23, 24, 25, 26, 27, 28, 29, 30, 31, 32, 33, 34, 35, 36, 37, 38, 39, 40, 41, 42, 43, 44, 45, 46, 47, 48, 49, 50, 51, 52, 53, 54, 55, 56, 57, 58, 59, 60, 61, 62, 63, 64, 65, 66, 67, 68, 69, 70, 71]

-- Path iteration 78, λ = 5.196e+00
  λ=5.000e+00 | Epoch   1 | lr=1.0000e-03 | Recon MSE=9.539789e-04 | ‖ω‖₁=4.914428e-01 | Non-zero modes: 72
  λ=5.000e+00 | Epoch  10 | lr=1.0000e-03 | Recon MSE=9.380304e-04 | ‖ω‖₁=4.881973e-01 | Non-zero modes: 72
  λ=5.000e+00 | Epoch  20 | lr=1.0000e-03 | Recon MSE=9.279586e-04 | ‖ω‖₁=4.880937e-01 | Non-zero modes: 72
  λ=5.000e+00 | Epoch  30 | lr=1.0000e-03 | Recon MSE=8.996923e-04 | ‖ω‖₁=4.882824e-01 | Non-zero modes: 72
  λ=5.000e+00 | Epoch  40 | lr=1.0000e-03 | Recon MSE=9.036463e-04 | ‖ω‖₁=4.866521e-01 | Non-zero modes: 72
  λ=5.000e+00 | Epoch  50 | lr=1.0000e-03 | Recon MSE=9.378923e-04 | ‖ω‖₁=4.854402e-01 | Non-zero modes: 72
  λ=5.000e+00 | Epoch  60 | lr=1.0000e-03 | Recon MSE=9.062192e-04 | ‖ω‖₁=4.850256e-01 | Non-zero modes: 72
  λ=5.000e+00 | Epoch  70 | lr=1.0000e-03 | Recon MSE=9.386193e-04 | ‖ω‖₁=4.849263e-01 | Non-zero modes: 72
  λ=5.000e+00 | Epoch  80 | lr=1.0000e-03 | Recon MSE=9.227540e-04 | ‖ω‖₁=4.860972e-01 | Non-zero modes: 72
  λ=5.000e+00 | Epoch  90 | lr=1.0000e-03 | Recon MSE=9.192874e-04 | ‖ω‖₁=4.861198e-01 | Non-zero modes: 72
  λ=5.000e+00 | Epoch 100 | lr=1.0000e-03 | Recon MSE=9.058112e-04 | ‖ω‖₁=4.868453e-01 | Non-zero modes: 72
Number of selected modes unchanged for 46 consecutive iterations.
  → at λ=5.196e+00: r(λ)=72
  → selected modes: [0, 1, 2, 3, 4, 5, 6, 7, 8, 9, 10, 11, 12, 13, 14, 15, 16, 17, 18, 19, 20, 21, 22, 23, 24, 25, 26, 27, 28, 29, 30, 31, 32, 33, 34, 35, 36, 37, 38, 39, 40, 41, 42, 43, 44, 45, 46, 47, 48, 49, 50, 51, 52, 53, 54, 55, 56, 57, 58, 59, 60, 61, 62, 63, 64, 65, 66, 67, 68, 69, 70, 71]

-- Path iteration 79, λ = 5.199e+00
  λ=5.000e+00 | Epoch   1 | lr=1.0000e-03 | Recon MSE=9.267493e-04 | ‖ω‖₁=4.908493e-01 | Non-zero modes: 72
  λ=5.000e+00 | Epoch  10 | lr=1.0000e-03 | Recon MSE=9.552838e-04 | ‖ω‖₁=4.899029e-01 | Non-zero modes: 72
  λ=5.000e+00 | Epoch  20 | lr=1.0000e-03 | Recon MSE=8.927534e-04 | ‖ω‖₁=4.851787e-01 | Non-zero modes: 72
  λ=5.000e+00 | Epoch  30 | lr=1.0000e-03 | Recon MSE=9.507274e-04 | ‖ω‖₁=4.844596e-01 | Non-zero modes: 72
  λ=5.000e+00 | Epoch  40 | lr=1.0000e-03 | Recon MSE=8.966733e-04 | ‖ω‖₁=4.865089e-01 | Non-zero modes: 72
  λ=5.000e+00 | Epoch  50 | lr=1.0000e-03 | Recon MSE=9.449370e-04 | ‖ω‖₁=4.863356e-01 | Non-zero modes: 72
  λ=5.000e+00 | Epoch  60 | lr=1.0000e-03 | Recon MSE=9.164583e-04 | ‖ω‖₁=4.850931e-01 | Non-zero modes: 72
  λ=5.000e+00 | Epoch  70 | lr=1.0000e-03 | Recon MSE=9.212651e-04 | ‖ω‖₁=4.850313e-01 | Non-zero modes: 72
  λ=5.000e+00 | Epoch  80 | lr=1.0000e-03 | Recon MSE=9.395846e-04 | ‖ω‖₁=4.836352e-01 | Non-zero modes: 72
  λ=5.000e+00 | Epoch  90 | lr=1.0000e-03 | Recon MSE=8.872183e-04 | ‖ω‖₁=4.812067e-01 | Non-zero modes: 72
  λ=5.000e+00 | Epoch 100 | lr=1.0000e-03 | Recon MSE=9.599830e-04 | ‖ω‖₁=4.789038e-01 | Non-zero modes: 72
Number of selected modes unchanged for 47 consecutive iterations.
  → at λ=5.199e+00: r(λ)=72
  → selected modes: [0, 1, 2, 3, 4, 5, 6, 7, 8, 9, 10, 11, 12, 13, 14, 15, 16, 17, 18, 19, 20, 21, 22, 23, 24, 25, 26, 27, 28, 29, 30, 31, 32, 33, 34, 35, 36, 37, 38, 39, 40, 41, 42, 43, 44, 45, 46, 47, 48, 49, 50, 51, 52, 53, 54, 55, 56, 57, 58, 59, 60, 61, 62, 63, 64, 65, 66, 67, 68, 69, 70, 71]

-- Path iteration 80, λ = 5.201e+00
  λ=5.000e+00 | Epoch   1 | lr=1.0000e-03 | Recon MSE=9.468914e-04 | ‖ω‖₁=4.835619e-01 | Non-zero modes: 72
  λ=5.000e+00 | Epoch  10 | lr=1.0000e-03 | Recon MSE=9.145940e-04 | ‖ω‖₁=4.829987e-01 | Non-zero modes: 72
  λ=5.000e+00 | Epoch  20 | lr=1.0000e-03 | Recon MSE=8.825820e-04 | ‖ω‖₁=4.821023e-01 | Non-zero modes: 72
  λ=5.000e+00 | Epoch  30 | lr=1.0000e-03 | Recon MSE=9.023368e-04 | ‖ω‖₁=4.837446e-01 | Non-zero modes: 72
  λ=5.000e+00 | Epoch  40 | lr=1.0000e-03 | Recon MSE=9.269198e-04 | ‖ω‖₁=4.833260e-01 | Non-zero modes: 72
  λ=5.000e+00 | Epoch  50 | lr=1.0000e-03 | Recon MSE=9.248905e-04 | ‖ω‖₁=4.857089e-01 | Non-zero modes: 72
  λ=5.000e+00 | Epoch  60 | lr=1.0000e-03 | Recon MSE=9.168428e-04 | ‖ω‖₁=4.876042e-01 | Non-zero modes: 72
  λ=5.000e+00 | Epoch  70 | lr=1.0000e-03 | Recon MSE=9.295481e-04 | ‖ω‖₁=4.844759e-01 | Non-zero modes: 72
  λ=5.000e+00 | Epoch  80 | lr=1.0000e-03 | Recon MSE=9.381226e-04 | ‖ω‖₁=4.842873e-01 | Non-zero modes: 72
  λ=5.000e+00 | Epoch  90 | lr=1.0000e-03 | Recon MSE=9.264544e-04 | ‖ω‖₁=4.838696e-01 | Non-zero modes: 72
  λ=5.000e+00 | Epoch 100 | lr=1.0000e-03 | Recon MSE=9.083577e-04 | ‖ω‖₁=4.819793e-01 | Non-zero modes: 72
Number of selected modes unchanged for 48 consecutive iterations.
  → at λ=5.201e+00: r(λ)=72
  → selected modes: [0, 1, 2, 3, 4, 5, 6, 7, 8, 9, 10, 11, 12, 13, 14, 15, 16, 17, 18, 19, 20, 21, 22, 23, 24, 25, 26, 27, 28, 29, 30, 31, 32, 33, 34, 35, 36, 37, 38, 39, 40, 41, 42, 43, 44, 45, 46, 47, 48, 49, 50, 51, 52, 53, 54, 55, 56, 57, 58, 59, 60, 61, 62, 63, 64, 65, 66, 67, 68, 69, 70, 71]

-- Path iteration 81, λ = 5.204e+00
  λ=5.000e+00 | Epoch   1 | lr=1.0000e-03 | Recon MSE=9.340302e-04 | ‖ω‖₁=4.866406e-01 | Non-zero modes: 72
  λ=5.000e+00 | Epoch  10 | lr=1.0000e-03 | Recon MSE=9.131947e-04 | ‖ω‖₁=4.855108e-01 | Non-zero modes: 72
  λ=5.000e+00 | Epoch  20 | lr=1.0000e-03 | Recon MSE=8.794297e-04 | ‖ω‖₁=4.842056e-01 | Non-zero modes: 72
  λ=5.000e+00 | Epoch  30 | lr=1.0000e-03 | Recon MSE=9.517224e-04 | ‖ω‖₁=4.846025e-01 | Non-zero modes: 72
  λ=5.000e+00 | Epoch  40 | lr=1.0000e-03 | Recon MSE=9.493823e-04 | ‖ω‖₁=4.858027e-01 | Non-zero modes: 72
  λ=5.000e+00 | Epoch  50 | lr=1.0000e-03 | Recon MSE=9.399292e-04 | ‖ω‖₁=4.860997e-01 | Non-zero modes: 72
  λ=5.000e+00 | Epoch  60 | lr=1.0000e-03 | Recon MSE=9.254462e-04 | ‖ω‖₁=4.861888e-01 | Non-zero modes: 72
  λ=5.000e+00 | Epoch  70 | lr=1.0000e-03 | Recon MSE=9.092756e-04 | ‖ω‖₁=4.845821e-01 | Non-zero modes: 72
  λ=5.000e+00 | Epoch  80 | lr=1.0000e-03 | Recon MSE=9.316016e-04 | ‖ω‖₁=4.836280e-01 | Non-zero modes: 72
  λ=5.000e+00 | Epoch  90 | lr=1.0000e-03 | Recon MSE=9.291635e-04 | ‖ω‖₁=4.850242e-01 | Non-zero modes: 72
  λ=5.000e+00 | Epoch 100 | lr=1.0000e-03 | Recon MSE=9.296740e-04 | ‖ω‖₁=4.834656e-01 | Non-zero modes: 72
Number of selected modes unchanged for 49 consecutive iterations.
  → at λ=5.204e+00: r(λ)=72
  → selected modes: [0, 1, 2, 3, 4, 5, 6, 7, 8, 9, 10, 11, 12, 13, 14, 15, 16, 17, 18, 19, 20, 21, 22, 23, 24, 25, 26, 27, 28, 29, 30, 31, 32, 33, 34, 35, 36, 37, 38, 39, 40, 41, 42, 43, 44, 45, 46, 47, 48, 49, 50, 51, 52, 53, 54, 55, 56, 57, 58, 59, 60, 61, 62, 63, 64, 65, 66, 67, 68, 69, 70, 71]

-- Path iteration 82, λ = 5.207e+00
  λ=5.000e+00 | Epoch   1 | lr=1.0000e-03 | Recon MSE=9.627677e-04 | ‖ω‖₁=4.876412e-01 | Non-zero modes: 72
  λ=5.000e+00 | Epoch  10 | lr=1.0000e-03 | Recon MSE=9.078844e-04 | ‖ω‖₁=4.843994e-01 | Non-zero modes: 72
  λ=5.000e+00 | Epoch  20 | lr=1.0000e-03 | Recon MSE=8.895664e-04 | ‖ω‖₁=4.822308e-01 | Non-zero modes: 72
  λ=5.000e+00 | Epoch  30 | lr=1.0000e-03 | Recon MSE=8.835302e-04 | ‖ω‖₁=4.814831e-01 | Non-zero modes: 72
  λ=5.000e+00 | Epoch  40 | lr=1.0000e-03 | Recon MSE=9.272614e-04 | ‖ω‖₁=4.803363e-01 | Non-zero modes: 72
  λ=5.000e+00 | Epoch  50 | lr=1.0000e-03 | Recon MSE=9.485569e-04 | ‖ω‖₁=4.818504e-01 | Non-zero modes: 72
  λ=5.000e+00 | Epoch  60 | lr=1.0000e-03 | Recon MSE=9.014518e-04 | ‖ω‖₁=4.805460e-01 | Non-zero modes: 72
  λ=5.000e+00 | Epoch  70 | lr=1.0000e-03 | Recon MSE=9.426227e-04 | ‖ω‖₁=4.828269e-01 | Non-zero modes: 72
  λ=5.000e+00 | Epoch  80 | lr=1.0000e-03 | Recon MSE=8.809781e-04 | ‖ω‖₁=4.811680e-01 | Non-zero modes: 72
  λ=5.000e+00 | Epoch  90 | lr=1.0000e-03 | Recon MSE=8.897825e-04 | ‖ω‖₁=4.817381e-01 | Non-zero modes: 72
  λ=5.000e+00 | Epoch 100 | lr=1.0000e-03 | Recon MSE=8.737085e-04 | ‖ω‖₁=4.827273e-01 | Non-zero modes: 72
Number of selected modes unchanged for 50 consecutive iterations.
  → at λ=5.207e+00: r(λ)=72
  → selected modes: [0, 1, 2, 3, 4, 5, 6, 7, 8, 9, 10, 11, 12, 13, 14, 15, 16, 17, 18, 19, 20, 21, 22, 23, 24, 25, 26, 27, 28, 29, 30, 31, 32, 33, 34, 35, 36, 37, 38, 39, 40, 41, 42, 43, 44, 45, 46, 47, 48, 49, 50, 51, 52, 53, 54, 55, 56, 57, 58, 59, 60, 61, 62, 63, 64, 65, 66, 67, 68, 69, 70, 71]

-- Path iteration 83, λ = 5.209e+00
  λ=5.000e+00 | Epoch   1 | lr=1.0000e-03 | Recon MSE=9.633057e-04 | ‖ω‖₁=4.872534e-01 | Non-zero modes: 72
  λ=5.000e+00 | Epoch  10 | lr=1.0000e-03 | Recon MSE=9.342246e-04 | ‖ω‖₁=4.864255e-01 | Non-zero modes: 72
  λ=5.000e+00 | Epoch  20 | lr=1.0000e-03 | Recon MSE=9.267931e-04 | ‖ω‖₁=4.840637e-01 | Non-zero modes: 72
  λ=5.000e+00 | Epoch  30 | lr=1.0000e-03 | Recon MSE=9.179439e-04 | ‖ω‖₁=4.857700e-01 | Non-zero modes: 72
  λ=5.000e+00 | Epoch  40 | lr=1.0000e-03 | Recon MSE=9.740102e-04 | ‖ω‖₁=4.877546e-01 | Non-zero modes: 72
  λ=5.000e+00 | Epoch  50 | lr=1.0000e-03 | Recon MSE=9.444240e-04 | ‖ω‖₁=4.867481e-01 | Non-zero modes: 72
  λ=5.000e+00 | Epoch  60 | lr=1.0000e-03 | Recon MSE=9.415520e-04 | ‖ω‖₁=4.849177e-01 | Non-zero modes: 72
  λ=5.000e+00 | Epoch  70 | lr=1.0000e-03 | Recon MSE=9.380025e-04 | ‖ω‖₁=4.851078e-01 | Non-zero modes: 72
  λ=5.000e+00 | Epoch  80 | lr=1.0000e-03 | Recon MSE=9.365723e-04 | ‖ω‖₁=4.842830e-01 | Non-zero modes: 72
  λ=5.000e+00 | Epoch  90 | lr=1.0000e-03 | Recon MSE=9.101737e-04 | ‖ω‖₁=4.846664e-01 | Non-zero modes: 72
  λ=5.000e+00 | Epoch 100 | lr=1.0000e-03 | Recon MSE=9.406589e-04 | ‖ω‖₁=4.849321e-01 | Non-zero modes: 72
Number of selected modes unchanged for 51 consecutive iterations.
  → at λ=5.209e+00: r(λ)=72
  → selected modes: [0, 1, 2, 3, 4, 5, 6, 7, 8, 9, 10, 11, 12, 13, 14, 15, 16, 17, 18, 19, 20, 21, 22, 23, 24, 25, 26, 27, 28, 29, 30, 31, 32, 33, 34, 35, 36, 37, 38, 39, 40, 41, 42, 43, 44, 45, 46, 47, 48, 49, 50, 51, 52, 53, 54, 55, 56, 57, 58, 59, 60, 61, 62, 63, 64, 65, 66, 67, 68, 69, 70, 71]

-- Path iteration 84, λ = 5.212e+00
  λ=5.000e+00 | Epoch   1 | lr=1.0000e-03 | Recon MSE=9.464301e-04 | ‖ω‖₁=4.895324e-01 | Non-zero modes: 72
  λ=5.000e+00 | Epoch  10 | lr=1.0000e-03 | Recon MSE=9.052049e-04 | ‖ω‖₁=4.892174e-01 | Non-zero modes: 72
  λ=5.000e+00 | Epoch  20 | lr=1.0000e-03 | Recon MSE=9.153434e-04 | ‖ω‖₁=4.856559e-01 | Non-zero modes: 72
  λ=5.000e+00 | Epoch  30 | lr=1.0000e-03 | Recon MSE=9.514229e-04 | ‖ω‖₁=4.872070e-01 | Non-zero modes: 72
  λ=5.000e+00 | Epoch  40 | lr=1.0000e-03 | Recon MSE=9.637797e-04 | ‖ω‖₁=4.839237e-01 | Non-zero modes: 72
  λ=5.000e+00 | Epoch  50 | lr=1.0000e-03 | Recon MSE=9.272956e-04 | ‖ω‖₁=4.831516e-01 | Non-zero modes: 72
  λ=5.000e+00 | Epoch  60 | lr=1.0000e-03 | Recon MSE=8.415490e-04 | ‖ω‖₁=4.840363e-01 | Non-zero modes: 72
  λ=5.000e+00 | Epoch  70 | lr=1.0000e-03 | Recon MSE=9.042209e-04 | ‖ω‖₁=4.833787e-01 | Non-zero modes: 72
  λ=5.000e+00 | Epoch  80 | lr=1.0000e-03 | Recon MSE=9.030182e-04 | ‖ω‖₁=4.806122e-01 | Non-zero modes: 72
  λ=5.000e+00 | Epoch  90 | lr=1.0000e-03 | Recon MSE=9.112785e-04 | ‖ω‖₁=4.820794e-01 | Non-zero modes: 72
  λ=5.000e+00 | Epoch 100 | lr=1.0000e-03 | Recon MSE=9.250718e-04 | ‖ω‖₁=4.815129e-01 | Non-zero modes: 72
Number of selected modes unchanged for 52 consecutive iterations.
  → at λ=5.212e+00: r(λ)=72
  → selected modes: [0, 1, 2, 3, 4, 5, 6, 7, 8, 9, 10, 11, 12, 13, 14, 15, 16, 17, 18, 19, 20, 21, 22, 23, 24, 25, 26, 27, 28, 29, 30, 31, 32, 33, 34, 35, 36, 37, 38, 39, 40, 41, 42, 43, 44, 45, 46, 47, 48, 49, 50, 51, 52, 53, 54, 55, 56, 57, 58, 59, 60, 61, 62, 63, 64, 65, 66, 67, 68, 69, 70, 71]

-- Path iteration 85, λ = 5.214e+00
  λ=5.000e+00 | Epoch   1 | lr=1.0000e-03 | Recon MSE=9.682184e-04 | ‖ω‖₁=4.862694e-01 | Non-zero modes: 72
  λ=5.000e+00 | Epoch  10 | lr=1.0000e-03 | Recon MSE=9.607055e-04 | ‖ω‖₁=4.848650e-01 | Non-zero modes: 72
  λ=5.000e+00 | Epoch  20 | lr=1.0000e-03 | Recon MSE=9.926516e-04 | ‖ω‖₁=4.854521e-01 | Non-zero modes: 72
  λ=5.000e+00 | Epoch  30 | lr=1.0000e-03 | Recon MSE=9.476012e-04 | ‖ω‖₁=4.851116e-01 | Non-zero modes: 72
  λ=5.000e+00 | Epoch  40 | lr=1.0000e-03 | Recon MSE=9.629816e-04 | ‖ω‖₁=4.839577e-01 | Non-zero modes: 72
  λ=5.000e+00 | Epoch  50 | lr=1.0000e-03 | Recon MSE=8.893332e-04 | ‖ω‖₁=4.852687e-01 | Non-zero modes: 72
  λ=5.000e+00 | Epoch  60 | lr=1.0000e-03 | Recon MSE=8.798989e-04 | ‖ω‖₁=4.864117e-01 | Non-zero modes: 72
  λ=5.000e+00 | Epoch  70 | lr=1.0000e-03 | Recon MSE=1.006028e-03 | ‖ω‖₁=4.829813e-01 | Non-zero modes: 72
  λ=5.000e+00 | Epoch  80 | lr=1.0000e-03 | Recon MSE=9.288490e-04 | ‖ω‖₁=4.831576e-01 | Non-zero modes: 72
  λ=5.000e+00 | Epoch  90 | lr=1.0000e-03 | Recon MSE=8.983144e-04 | ‖ω‖₁=4.828286e-01 | Non-zero modes: 72
  λ=5.000e+00 | Epoch 100 | lr=1.0000e-03 | Recon MSE=8.855727e-04 | ‖ω‖₁=4.832764e-01 | Non-zero modes: 72
Number of selected modes unchanged for 53 consecutive iterations.
  → at λ=5.214e+00: r(λ)=72
  → selected modes: [0, 1, 2, 3, 4, 5, 6, 7, 8, 9, 10, 11, 12, 13, 14, 15, 16, 17, 18, 19, 20, 21, 22, 23, 24, 25, 26, 27, 28, 29, 30, 31, 32, 33, 34, 35, 36, 37, 38, 39, 40, 41, 42, 43, 44, 45, 46, 47, 48, 49, 50, 51, 52, 53, 54, 55, 56, 57, 58, 59, 60, 61, 62, 63, 64, 65, 66, 67, 68, 69, 70, 71]

-- Path iteration 86, λ = 5.217e+00
  λ=5.000e+00 | Epoch   1 | lr=1.0000e-03 | Recon MSE=9.673000e-04 | ‖ω‖₁=4.888158e-01 | Non-zero modes: 72
  λ=5.000e+00 | Epoch  10 | lr=1.0000e-03 | Recon MSE=9.321988e-04 | ‖ω‖₁=4.857265e-01 | Non-zero modes: 72
  λ=5.000e+00 | Epoch  20 | lr=1.0000e-03 | Recon MSE=9.304219e-04 | ‖ω‖₁=4.859350e-01 | Non-zero modes: 72
  λ=5.000e+00 | Epoch  30 | lr=1.0000e-03 | Recon MSE=9.089788e-04 | ‖ω‖₁=4.858704e-01 | Non-zero modes: 72
  λ=5.000e+00 | Epoch  40 | lr=1.0000e-03 | Recon MSE=9.335544e-04 | ‖ω‖₁=4.866633e-01 | Non-zero modes: 72
  λ=5.000e+00 | Epoch  50 | lr=1.0000e-03 | Recon MSE=9.237961e-04 | ‖ω‖₁=4.873051e-01 | Non-zero modes: 72
  λ=5.000e+00 | Epoch  60 | lr=1.0000e-03 | Recon MSE=9.337374e-04 | ‖ω‖₁=4.850428e-01 | Non-zero modes: 72
  λ=5.000e+00 | Epoch  70 | lr=1.0000e-03 | Recon MSE=9.061261e-04 | ‖ω‖₁=4.834927e-01 | Non-zero modes: 72
  λ=5.000e+00 | Epoch  80 | lr=1.0000e-03 | Recon MSE=8.846582e-04 | ‖ω‖₁=4.828757e-01 | Non-zero modes: 72
  λ=5.000e+00 | Epoch  90 | lr=1.0000e-03 | Recon MSE=9.251094e-04 | ‖ω‖₁=4.820378e-01 | Non-zero modes: 72
  λ=5.000e+00 | Epoch 100 | lr=1.0000e-03 | Recon MSE=9.061971e-04 | ‖ω‖₁=4.839461e-01 | Non-zero modes: 72
Number of selected modes unchanged for 54 consecutive iterations.
  → at λ=5.217e+00: r(λ)=72
  → selected modes: [0, 1, 2, 3, 4, 5, 6, 7, 8, 9, 10, 11, 12, 13, 14, 15, 16, 17, 18, 19, 20, 21, 22, 23, 24, 25, 26, 27, 28, 29, 30, 31, 32, 33, 34, 35, 36, 37, 38, 39, 40, 41, 42, 43, 44, 45, 46, 47, 48, 49, 50, 51, 52, 53, 54, 55, 56, 57, 58, 59, 60, 61, 62, 63, 64, 65, 66, 67, 68, 69, 70, 71]

-- Path iteration 87, λ = 5.220e+00
  λ=5.000e+00 | Epoch   1 | lr=1.0000e-03 | Recon MSE=9.358322e-04 | ‖ω‖₁=4.879773e-01 | Non-zero modes: 72
  λ=5.000e+00 | Epoch  10 | lr=1.0000e-03 | Recon MSE=8.977647e-04 | ‖ω‖₁=4.850008e-01 | Non-zero modes: 72
  λ=5.000e+00 | Epoch  20 | lr=1.0000e-03 | Recon MSE=9.331150e-04 | ‖ω‖₁=4.873107e-01 | Non-zero modes: 72
  λ=5.000e+00 | Epoch  30 | lr=1.0000e-03 | Recon MSE=9.279962e-04 | ‖ω‖₁=4.886756e-01 | Non-zero modes: 72
  λ=5.000e+00 | Epoch  40 | lr=1.0000e-03 | Recon MSE=9.226929e-04 | ‖ω‖₁=4.860335e-01 | Non-zero modes: 72
  λ=5.000e+00 | Epoch  50 | lr=1.0000e-03 | Recon MSE=9.210756e-04 | ‖ω‖₁=4.870427e-01 | Non-zero modes: 72
  λ=5.000e+00 | Epoch  60 | lr=1.0000e-03 | Recon MSE=9.110471e-04 | ‖ω‖₁=4.856964e-01 | Non-zero modes: 72
  λ=5.000e+00 | Epoch  70 | lr=1.0000e-03 | Recon MSE=9.324196e-04 | ‖ω‖₁=4.815569e-01 | Non-zero modes: 72
  λ=5.000e+00 | Epoch  80 | lr=1.0000e-03 | Recon MSE=9.181120e-04 | ‖ω‖₁=4.818428e-01 | Non-zero modes: 72
  λ=5.000e+00 | Epoch  90 | lr=1.0000e-03 | Recon MSE=9.253292e-04 | ‖ω‖₁=4.823247e-01 | Non-zero modes: 72
  λ=5.000e+00 | Epoch 100 | lr=1.0000e-03 | Recon MSE=9.589089e-04 | ‖ω‖₁=4.823336e-01 | Non-zero modes: 72
Number of selected modes unchanged for 55 consecutive iterations.
  → at λ=5.220e+00: r(λ)=72
  → selected modes: [0, 1, 2, 3, 4, 5, 6, 7, 8, 9, 10, 11, 12, 13, 14, 15, 16, 17, 18, 19, 20, 21, 22, 23, 24, 25, 26, 27, 28, 29, 30, 31, 32, 33, 34, 35, 36, 37, 38, 39, 40, 41, 42, 43, 44, 45, 46, 47, 48, 49, 50, 51, 52, 53, 54, 55, 56, 57, 58, 59, 60, 61, 62, 63, 64, 65, 66, 67, 68, 69, 70, 71]

-- Path iteration 88, λ = 5.222e+00
  λ=5.000e+00 | Epoch   1 | lr=1.0000e-03 | Recon MSE=9.225132e-04 | ‖ω‖₁=4.858275e-01 | Non-zero modes: 72
  λ=5.000e+00 | Epoch  10 | lr=1.0000e-03 | Recon MSE=9.119682e-04 | ‖ω‖₁=4.864595e-01 | Non-zero modes: 72
  λ=5.000e+00 | Epoch  20 | lr=1.0000e-03 | Recon MSE=8.909576e-04 | ‖ω‖₁=4.843342e-01 | Non-zero modes: 72
  λ=5.000e+00 | Epoch  30 | lr=1.0000e-03 | Recon MSE=8.943129e-04 | ‖ω‖₁=4.824037e-01 | Non-zero modes: 72
  λ=5.000e+00 | Epoch  40 | lr=1.0000e-03 | Recon MSE=8.970037e-04 | ‖ω‖₁=4.817914e-01 | Non-zero modes: 72
  λ=5.000e+00 | Epoch  50 | lr=1.0000e-03 | Recon MSE=9.158388e-04 | ‖ω‖₁=4.826843e-01 | Non-zero modes: 72
  λ=5.000e+00 | Epoch  60 | lr=1.0000e-03 | Recon MSE=9.057871e-04 | ‖ω‖₁=4.831884e-01 | Non-zero modes: 72
  λ=5.000e+00 | Epoch  70 | lr=1.0000e-03 | Recon MSE=9.150925e-04 | ‖ω‖₁=4.846134e-01 | Non-zero modes: 72
  λ=5.000e+00 | Epoch  80 | lr=1.0000e-03 | Recon MSE=9.362841e-04 | ‖ω‖₁=4.865750e-01 | Non-zero modes: 72
  λ=5.000e+00 | Epoch  90 | lr=1.0000e-03 | Recon MSE=9.297249e-04 | ‖ω‖₁=4.854196e-01 | Non-zero modes: 72
  λ=5.000e+00 | Epoch 100 | lr=1.0000e-03 | Recon MSE=8.986237e-04 | ‖ω‖₁=4.868272e-01 | Non-zero modes: 72
Number of selected modes unchanged for 56 consecutive iterations.
  → at λ=5.222e+00: r(λ)=72
  → selected modes: [0, 1, 2, 3, 4, 5, 6, 7, 8, 9, 10, 11, 12, 13, 14, 15, 16, 17, 18, 19, 20, 21, 22, 23, 24, 25, 26, 27, 28, 29, 30, 31, 32, 33, 34, 35, 36, 37, 38, 39, 40, 41, 42, 43, 44, 45, 46, 47, 48, 49, 50, 51, 52, 53, 54, 55, 56, 57, 58, 59, 60, 61, 62, 63, 64, 65, 66, 67, 68, 69, 70, 71]

-- Path iteration 89, λ = 5.225e+00
  λ=5.000e+00 | Epoch   1 | lr=1.0000e-03 | Recon MSE=9.661483e-04 | ‖ω‖₁=4.911835e-01 | Non-zero modes: 72
  λ=5.000e+00 | Epoch  10 | lr=1.0000e-03 | Recon MSE=9.365021e-04 | ‖ω‖₁=4.859871e-01 | Non-zero modes: 72
  λ=5.000e+00 | Epoch  20 | lr=1.0000e-03 | Recon MSE=9.375631e-04 | ‖ω‖₁=4.845375e-01 | Non-zero modes: 72
  λ=5.000e+00 | Epoch  30 | lr=1.0000e-03 | Recon MSE=8.976132e-04 | ‖ω‖₁=4.852706e-01 | Non-zero modes: 72
  λ=5.000e+00 | Epoch  40 | lr=1.0000e-03 | Recon MSE=9.037602e-04 | ‖ω‖₁=4.846444e-01 | Non-zero modes: 72
  λ=5.000e+00 | Epoch  50 | lr=1.0000e-03 | Recon MSE=9.166302e-04 | ‖ω‖₁=4.861265e-01 | Non-zero modes: 72
  λ=5.000e+00 | Epoch  60 | lr=1.0000e-03 | Recon MSE=9.167071e-04 | ‖ω‖₁=4.824365e-01 | Non-zero modes: 72
  λ=5.000e+00 | Epoch  70 | lr=1.0000e-03 | Recon MSE=9.039611e-04 | ‖ω‖₁=4.802659e-01 | Non-zero modes: 72
  λ=5.000e+00 | Epoch  80 | lr=1.0000e-03 | Recon MSE=9.277799e-04 | ‖ω‖₁=4.812560e-01 | Non-zero modes: 72
  λ=5.000e+00 | Epoch  90 | lr=1.0000e-03 | Recon MSE=9.331767e-04 | ‖ω‖₁=4.809147e-01 | Non-zero modes: 72
  λ=5.000e+00 | Epoch 100 | lr=1.0000e-03 | Recon MSE=9.042910e-04 | ‖ω‖₁=4.811125e-01 | Non-zero modes: 72
Number of selected modes unchanged for 57 consecutive iterations.
  → at λ=5.225e+00: r(λ)=72
  → selected modes: [0, 1, 2, 3, 4, 5, 6, 7, 8, 9, 10, 11, 12, 13, 14, 15, 16, 17, 18, 19, 20, 21, 22, 23, 24, 25, 26, 27, 28, 29, 30, 31, 32, 33, 34, 35, 36, 37, 38, 39, 40, 41, 42, 43, 44, 45, 46, 47, 48, 49, 50, 51, 52, 53, 54, 55, 56, 57, 58, 59, 60, 61, 62, 63, 64, 65, 66, 67, 68, 69, 70, 71]

-- Path iteration 90, λ = 5.227e+00
  λ=5.000e+00 | Epoch   1 | lr=1.0000e-03 | Recon MSE=9.537641e-04 | ‖ω‖₁=4.856879e-01 | Non-zero modes: 72
  λ=5.000e+00 | Epoch  10 | lr=1.0000e-03 | Recon MSE=9.258240e-04 | ‖ω‖₁=4.856390e-01 | Non-zero modes: 72
  λ=5.000e+00 | Epoch  20 | lr=1.0000e-03 | Recon MSE=8.889424e-04 | ‖ω‖₁=4.847221e-01 | Non-zero modes: 72
  λ=5.000e+00 | Epoch  30 | lr=1.0000e-03 | Recon MSE=9.405330e-04 | ‖ω‖₁=4.841446e-01 | Non-zero modes: 72
  λ=5.000e+00 | Epoch  40 | lr=1.0000e-03 | Recon MSE=9.638558e-04 | ‖ω‖₁=4.854545e-01 | Non-zero modes: 72
  λ=5.000e+00 | Epoch  50 | lr=1.0000e-03 | Recon MSE=9.202483e-04 | ‖ω‖₁=4.843364e-01 | Non-zero modes: 72
  λ=5.000e+00 | Epoch  60 | lr=1.0000e-03 | Recon MSE=9.547015e-04 | ‖ω‖₁=4.851806e-01 | Non-zero modes: 72
  λ=5.000e+00 | Epoch  70 | lr=1.0000e-03 | Recon MSE=9.357732e-04 | ‖ω‖₁=4.835672e-01 | Non-zero modes: 72
  λ=5.000e+00 | Epoch  80 | lr=1.0000e-03 | Recon MSE=9.083217e-04 | ‖ω‖₁=4.844918e-01 | Non-zero modes: 72
  λ=5.000e+00 | Epoch  90 | lr=1.0000e-03 | Recon MSE=8.795672e-04 | ‖ω‖₁=4.827819e-01 | Non-zero modes: 72
  λ=5.000e+00 | Epoch 100 | lr=1.0000e-03 | Recon MSE=9.170215e-04 | ‖ω‖₁=4.827876e-01 | Non-zero modes: 72
Number of selected modes unchanged for 58 consecutive iterations.
  → at λ=5.227e+00: r(λ)=72
  → selected modes: [0, 1, 2, 3, 4, 5, 6, 7, 8, 9, 10, 11, 12, 13, 14, 15, 16, 17, 18, 19, 20, 21, 22, 23, 24, 25, 26, 27, 28, 29, 30, 31, 32, 33, 34, 35, 36, 37, 38, 39, 40, 41, 42, 43, 44, 45, 46, 47, 48, 49, 50, 51, 52, 53, 54, 55, 56, 57, 58, 59, 60, 61, 62, 63, 64, 65, 66, 67, 68, 69, 70, 71]

-- Path iteration 91, λ = 5.230e+00
  λ=5.000e+00 | Epoch   1 | lr=1.0000e-03 | Recon MSE=9.276171e-04 | ‖ω‖₁=4.868560e-01 | Non-zero modes: 72
  λ=5.000e+00 | Epoch  10 | lr=1.0000e-03 | Recon MSE=9.012264e-04 | ‖ω‖₁=4.850773e-01 | Non-zero modes: 72
  λ=5.000e+00 | Epoch  20 | lr=1.0000e-03 | Recon MSE=9.110190e-04 | ‖ω‖₁=4.833600e-01 | Non-zero modes: 72
  λ=5.000e+00 | Epoch  30 | lr=1.0000e-03 | Recon MSE=8.772771e-04 | ‖ω‖₁=4.824111e-01 | Non-zero modes: 72
  λ=5.000e+00 | Epoch  40 | lr=1.0000e-03 | Recon MSE=9.261867e-04 | ‖ω‖₁=4.820577e-01 | Non-zero modes: 72
  λ=5.000e+00 | Epoch  50 | lr=1.0000e-03 | Recon MSE=9.617570e-04 | ‖ω‖₁=4.838816e-01 | Non-zero modes: 72
  λ=5.000e+00 | Epoch  60 | lr=1.0000e-03 | Recon MSE=9.144939e-04 | ‖ω‖₁=4.809574e-01 | Non-zero modes: 72
  λ=5.000e+00 | Epoch  70 | lr=1.0000e-03 | Recon MSE=9.531900e-04 | ‖ω‖₁=4.818774e-01 | Non-zero modes: 72
  λ=5.000e+00 | Epoch  80 | lr=1.0000e-03 | Recon MSE=9.161668e-04 | ‖ω‖₁=4.806772e-01 | Non-zero modes: 72
  λ=5.000e+00 | Epoch  90 | lr=1.0000e-03 | Recon MSE=9.304416e-04 | ‖ω‖₁=4.802814e-01 | Non-zero modes: 72
  λ=5.000e+00 | Epoch 100 | lr=1.0000e-03 | Recon MSE=8.909661e-04 | ‖ω‖₁=4.794241e-01 | Non-zero modes: 72
Number of selected modes unchanged for 59 consecutive iterations.
  → at λ=5.230e+00: r(λ)=72
  → selected modes: [0, 1, 2, 3, 4, 5, 6, 7, 8, 9, 10, 11, 12, 13, 14, 15, 16, 17, 18, 19, 20, 21, 22, 23, 24, 25, 26, 27, 28, 29, 30, 31, 32, 33, 34, 35, 36, 37, 38, 39, 40, 41, 42, 43, 44, 45, 46, 47, 48, 49, 50, 51, 52, 53, 54, 55, 56, 57, 58, 59, 60, 61, 62, 63, 64, 65, 66, 67, 68, 69, 70, 71]

-- Path iteration 92, λ = 5.233e+00
  λ=5.000e+00 | Epoch   1 | lr=1.0000e-03 | Recon MSE=9.062784e-04 | ‖ω‖₁=4.839614e-01 | Non-zero modes: 72
  λ=5.000e+00 | Epoch  10 | lr=1.0000e-03 | Recon MSE=9.313494e-04 | ‖ω‖₁=4.810335e-01 | Non-zero modes: 72
  λ=5.000e+00 | Epoch  20 | lr=1.0000e-03 | Recon MSE=8.985437e-04 | ‖ω‖₁=4.811747e-01 | Non-zero modes: 72
  λ=5.000e+00 | Epoch  30 | lr=1.0000e-03 | Recon MSE=9.408119e-04 | ‖ω‖₁=4.813477e-01 | Non-zero modes: 72
  λ=5.000e+00 | Epoch  40 | lr=1.0000e-03 | Recon MSE=9.303422e-04 | ‖ω‖₁=4.820463e-01 | Non-zero modes: 72
  λ=5.000e+00 | Epoch  50 | lr=1.0000e-03 | Recon MSE=9.106220e-04 | ‖ω‖₁=4.809530e-01 | Non-zero modes: 72
  λ=5.000e+00 | Epoch  60 | lr=1.0000e-03 | Recon MSE=8.665912e-04 | ‖ω‖₁=4.811916e-01 | Non-zero modes: 72
  λ=5.000e+00 | Epoch  70 | lr=1.0000e-03 | Recon MSE=9.253619e-04 | ‖ω‖₁=4.835308e-01 | Non-zero modes: 72
  λ=5.000e+00 | Epoch  80 | lr=1.0000e-03 | Recon MSE=9.463186e-04 | ‖ω‖₁=4.814916e-01 | Non-zero modes: 72
  λ=5.000e+00 | Epoch  90 | lr=1.0000e-03 | Recon MSE=9.405560e-04 | ‖ω‖₁=4.796820e-01 | Non-zero modes: 72
  λ=5.000e+00 | Epoch 100 | lr=1.0000e-03 | Recon MSE=9.208280e-04 | ‖ω‖₁=4.805730e-01 | Non-zero modes: 72
Number of selected modes unchanged for 60 consecutive iterations.
Number of selected modes unchanged for 60 consecutive iterations. Assuming convergence.

Final selected modes (indices): [70, 69, 68, 71, 66, 65, 67, 63, 64, 62, 61, 60, 59, 58, 57, 56, 54, 55, 52, 40]

→ Training decoder model with 20 selected modes ...
