2025-07-30 10:38:55,500 - sparsemodesnet.advecting_pulse - INFO - Starting advecting_pulse experiment
2025-07-30 10:38:55,501 - sparsemodesnet.advecting_pulse - INFO - Log file: logs/advecting_pulse_20250730_103855.log
2025-07-30 10:38:55,501 - sparsemodesnet.advecting_pulse - INFO - ==================================================
2025-07-30 10:38:55,502 - sparsemodesnet.advecting_pulse - INFO - EXPERIMENT CONFIGURATION
2025-07-30 10:38:55,502 - sparsemodesnet.advecting_pulse - INFO - ==================================================
2025-07-30 10:38:55,502 - sparsemodesnet.advecting_pulse - INFO - Data shape: (1024, 1000)
2025-07-30 10:38:55,503 - sparsemodesnet.advecting_pulse - INFO - Data type: float64
2025-07-30 10:38:55,503 - sparsemodesnet.advecting_pulse - INFO - Data range: [0.000000, 25.231325]
2025-07-30 10:38:55,504 - sparsemodesnet.advecting_pulse - INFO - Data mean: 0.999023
2025-07-30 10:38:55,507 - sparsemodesnet.advecting_pulse - INFO - Data std: 4.101923
2025-07-30 10:38:55,507 - sparsemodesnet.advecting_pulse - INFO - ------------------------------
2025-07-30 10:38:55,507 - sparsemodesnet.advecting_pulse - INFO - CORE PARAMETERS
2025-07-30 10:38:55,508 - sparsemodesnet.advecting_pulse - INFO - ------------------------------
2025-07-30 10:38:55,508 - sparsemodesnet.advecting_pulse - INFO - s (latent dimension): 100
2025-07-30 10:38:55,508 - sparsemodesnet.advecting_pulse - INFO - I_nn provided: False
2025-07-30 10:38:55,509 - sparsemodesnet.advecting_pulse - INFO - ------------------------------
2025-07-30 10:38:55,509 - sparsemodesnet.advecting_pulse - INFO - NETWORK CONFIGURATION
2025-07-30 10:38:55,509 - sparsemodesnet.advecting_pulse - INFO - ------------------------------
2025-07-30 10:38:55,510 - sparsemodesnet.advecting_pulse - INFO - Network type: FF
2025-07-30 10:38:55,510 - sparsemodesnet.advecting_pulse - INFO - Hidden units: [100, 2000, 100]
2025-07-30 10:38:55,510 - sparsemodesnet.advecting_pulse - INFO - Polynomial order: 2
2025-07-30 10:38:55,511 - sparsemodesnet.advecting_pulse - INFO - Number of polynomials: 2
2025-07-30 10:38:55,511 - sparsemodesnet.advecting_pulse - INFO - Drop linear: False
2025-07-30 10:38:55,511 - sparsemodesnet.advecting_pulse - INFO - Drop constant: False
2025-07-30 10:38:55,511 - sparsemodesnet.advecting_pulse - INFO - ------------------------------
2025-07-30 10:38:55,512 - sparsemodesnet.advecting_pulse - INFO - TRAINING CONFIGURATION
2025-07-30 10:38:55,512 - sparsemodesnet.advecting_pulse - INFO - ------------------------------
2025-07-30 10:38:55,512 - sparsemodesnet.advecting_pulse - INFO - Learning rate: 0.001
2025-07-30 10:38:55,512 - sparsemodesnet.advecting_pulse - INFO - Number of epochs: 100
2025-07-30 10:38:55,513 - sparsemodesnet.advecting_pulse - INFO - Batch size: 200
2025-07-30 10:38:55,513 - sparsemodesnet.advecting_pulse - INFO - Optimizer: Adam
2025-07-30 10:38:55,513 - sparsemodesnet.advecting_pulse - INFO - Device: mps
2025-07-30 10:38:55,513 - sparsemodesnet.advecting_pulse - INFO - ------------------------------
2025-07-30 10:38:55,513 - sparsemodesnet.advecting_pulse - INFO - PREPROCESSING CONFIGURATION
2025-07-30 10:38:55,514 - sparsemodesnet.advecting_pulse - INFO - ------------------------------
2025-07-30 10:38:55,514 - sparsemodesnet.advecting_pulse - INFO - Normalize: True
2025-07-30 10:38:55,514 - sparsemodesnet.advecting_pulse - INFO - Center: True
2025-07-30 10:38:55,514 - sparsemodesnet.advecting_pulse - INFO - Whiten: False
2025-07-30 10:38:55,515 - sparsemodesnet.advecting_pulse - INFO - Whitening epsilon: 1e-05
2025-07-30 10:38:55,515 - sparsemodesnet.advecting_pulse - INFO - Lift function provided: False
2025-07-30 10:38:55,515 - sparsemodesnet.advecting_pulse - INFO - Unlift function provided: False
2025-07-30 10:38:55,515 - sparsemodesnet.advecting_pulse - INFO - Mean (mu) provided: False
2025-07-30 10:38:55,515 - sparsemodesnet.advecting_pulse - INFO - Shift provided: False
2025-07-30 10:38:55,516 - sparsemodesnet.advecting_pulse - INFO - Scale provided: False
2025-07-30 10:38:55,516 - sparsemodesnet.advecting_pulse - INFO - ------------------------------
2025-07-30 10:38:55,516 - sparsemodesnet.advecting_pulse - INFO - SPARSITY CONFIGURATION
2025-07-30 10:38:55,516 - sparsemodesnet.advecting_pulse - INFO - ------------------------------
2025-07-30 10:38:55,517 - sparsemodesnet.advecting_pulse - INFO - M (penalty parameter): 12.0
2025-07-30 10:38:55,517 - sparsemodesnet.advecting_pulse - INFO - Nonzero threshold: 1e-06
2025-07-30 10:38:55,517 - sparsemodesnet.advecting_pulse - INFO - Lambda 0: 5.0
2025-07-30 10:38:55,517 - sparsemodesnet.advecting_pulse - INFO - Epsilon: 0.0005
2025-07-30 10:38:55,517 - sparsemodesnet.advecting_pulse - INFO - Max iterations: 1000
2025-07-30 10:38:55,518 - sparsemodesnet.advecting_pulse - INFO - ------------------------------
2025-07-30 10:38:55,518 - sparsemodesnet.advecting_pulse - INFO - EXPERIMENT CONFIGURATION
2025-07-30 10:38:55,518 - sparsemodesnet.advecting_pulse - INFO - ------------------------------
2025-07-30 10:38:55,518 - sparsemodesnet.advecting_pulse - INFO - Label: Advecting Pulse
2025-07-30 10:38:55,519 - sparsemodesnet.advecting_pulse - INFO - Logs directory: ./logs
2025-07-30 10:38:55,519 - sparsemodesnet.advecting_pulse - INFO - ==================================================

=== SparseModesNet (Mode Selection) on Advecting Pulse: d=1024, n=1000, s=100 ===

=== Dense-To-Sparse (default) λ-Path ===

-- Path iteration 1, λ = 5.000e+00 (r(λ) prev = 100)
  λ=5.000e+00 | Epoch   1 | lr=1.0000e-03 | Recon MSE=2.805994e-02 | ‖ω‖₁=8.232462e-01 | Non-zero modes: 100
  λ=5.000e+00 | Epoch  10 | lr=1.0000e-03 | Recon MSE=8.625890e-03 | ‖ω‖₁=8.648472e-01 | Non-zero modes: 100
  λ=5.000e+00 | Epoch  20 | lr=1.0000e-03 | Recon MSE=3.350359e-03 | ‖ω‖₁=8.929993e-01 | Non-zero modes: 100
  λ=5.000e+00 | Epoch  30 | lr=1.0000e-03 | Recon MSE=2.221078e-03 | ‖ω‖₁=9.127730e-01 | Non-zero modes: 100
  λ=5.000e+00 | Epoch  40 | lr=1.0000e-03 | Recon MSE=1.735629e-03 | ‖ω‖₁=9.272738e-01 | Non-zero modes: 100
  λ=5.000e+00 | Epoch  50 | lr=1.0000e-03 | Recon MSE=1.512637e-03 | ‖ω‖₁=9.381608e-01 | Non-zero modes: 100
  λ=5.000e+00 | Epoch  60 | lr=1.0000e-03 | Recon MSE=1.341363e-03 | ‖ω‖₁=9.427531e-01 | Non-zero modes: 100
  λ=5.000e+00 | Epoch  70 | lr=1.0000e-03 | Recon MSE=1.217915e-03 | ‖ω‖₁=9.521311e-01 | Non-zero modes: 100
  λ=5.000e+00 | Epoch  80 | lr=1.0000e-03 | Recon MSE=1.180138e-03 | ‖ω‖₁=9.578087e-01 | Non-zero modes: 100
  λ=5.000e+00 | Epoch  90 | lr=1.0000e-03 | Recon MSE=1.117418e-03 | ‖ω‖₁=9.588906e-01 | Non-zero modes: 100
  λ=5.000e+00 | Epoch 100 | lr=1.0000e-03 | Recon MSE=1.058710e-03 | ‖ω‖₁=9.571623e-01 | Non-zero modes: 100
  → at λ=5.000e+00: r(λ)=100
  → selected modes: [0, 1, 2, 3, 4, 5, 6, 7, 8, 9, 10, 11, 12, 13, 14, 15, 16, 17, 18, 19, 20, 21, 22, 23, 24, 25, 26, 27, 28, 29, 30, 31, 32, 33, 34, 35, 36, 37, 38, 39, 40, 41, 42, 43, 44, 45, 46, 47, 48, 49, 50, 51, 52, 53, 54, 55, 56, 57, 58, 59, 60, 61, 62, 63, 64, 65, 66, 67, 68, 69, 70, 71, 72, 73, 74, 75, 76, 77, 78, 79, 80, 81, 82, 83, 84, 85, 86, 87, 88, 89, 90, 91, 92, 93, 94, 95, 96, 97, 98, 99]

-- Path iteration 2, λ = 5.002e+00 (r(λ) prev = 100)
  λ=5.000e+00 | Epoch   1 | lr=1.0000e-03 | Recon MSE=1.092739e-03 | ‖ω‖₁=9.594348e-01 | Non-zero modes: 100
  λ=5.000e+00 | Epoch  10 | lr=1.0000e-03 | Recon MSE=1.031445e-03 | ‖ω‖₁=9.533228e-01 | Non-zero modes: 100
  λ=5.000e+00 | Epoch  20 | lr=1.0000e-03 | Recon MSE=1.050254e-03 | ‖ω‖₁=9.483415e-01 | Non-zero modes: 100
  λ=5.000e+00 | Epoch  30 | lr=1.0000e-03 | Recon MSE=1.001458e-03 | ‖ω‖₁=9.472354e-01 | Non-zero modes: 100
  λ=5.000e+00 | Epoch  40 | lr=1.0000e-03 | Recon MSE=9.977942e-04 | ‖ω‖₁=9.467155e-01 | Non-zero modes: 100
  λ=5.000e+00 | Epoch  50 | lr=1.0000e-03 | Recon MSE=9.905090e-04 | ‖ω‖₁=9.451556e-01 | Non-zero modes: 100
  λ=5.000e+00 | Epoch  60 | lr=1.0000e-03 | Recon MSE=9.791463e-04 | ‖ω‖₁=9.440044e-01 | Non-zero modes: 100
  λ=5.000e+00 | Epoch  70 | lr=1.0000e-03 | Recon MSE=9.697246e-04 | ‖ω‖₁=9.426844e-01 | Non-zero modes: 100
  λ=5.000e+00 | Epoch  80 | lr=1.0000e-03 | Recon MSE=9.777463e-04 | ‖ω‖₁=9.414889e-01 | Non-zero modes: 100
  λ=5.000e+00 | Epoch  90 | lr=1.0000e-03 | Recon MSE=9.396900e-04 | ‖ω‖₁=9.417104e-01 | Non-zero modes: 100
  λ=5.000e+00 | Epoch 100 | lr=1.0000e-03 | Recon MSE=9.671004e-04 | ‖ω‖₁=9.369683e-01 | Non-zero modes: 100
Number of selected modes unchanged for 1 consecutive iterations.
  → at λ=5.002e+00: r(λ)=100
  → selected modes: [0, 1, 2, 3, 4, 5, 6, 7, 8, 9, 10, 11, 12, 13, 14, 15, 16, 17, 18, 19, 20, 21, 22, 23, 24, 25, 26, 27, 28, 29, 30, 31, 32, 33, 34, 35, 36, 37, 38, 39, 40, 41, 42, 43, 44, 45, 46, 47, 48, 49, 50, 51, 52, 53, 54, 55, 56, 57, 58, 59, 60, 61, 62, 63, 64, 65, 66, 67, 68, 69, 70, 71, 72, 73, 74, 75, 76, 77, 78, 79, 80, 81, 82, 83, 84, 85, 86, 87, 88, 89, 90, 91, 92, 93, 94, 95, 96, 97, 98, 99]

-- Path iteration 3, λ = 5.005e+00 (r(λ) prev = 100)
  λ=5.000e+00 | Epoch   1 | lr=1.0000e-03 | Recon MSE=1.007888e-03 | ‖ω‖₁=9.403710e-01 | Non-zero modes: 100
  λ=5.000e+00 | Epoch  10 | lr=1.0000e-03 | Recon MSE=9.633800e-04 | ‖ω‖₁=9.330222e-01 | Non-zero modes: 100
  λ=5.000e+00 | Epoch  20 | lr=1.0000e-03 | Recon MSE=9.593350e-04 | ‖ω‖₁=9.269953e-01 | Non-zero modes: 100
  λ=5.000e+00 | Epoch  30 | lr=1.0000e-03 | Recon MSE=9.538579e-04 | ‖ω‖₁=9.228019e-01 | Non-zero modes: 100
  λ=5.000e+00 | Epoch  40 | lr=1.0000e-03 | Recon MSE=9.238107e-04 | ‖ω‖₁=9.208482e-01 | Non-zero modes: 100
  λ=5.000e+00 | Epoch  50 | lr=1.0000e-03 | Recon MSE=9.527721e-04 | ‖ω‖₁=9.205660e-01 | Non-zero modes: 100
  λ=5.000e+00 | Epoch  60 | lr=1.0000e-03 | Recon MSE=9.231773e-04 | ‖ω‖₁=9.189953e-01 | Non-zero modes: 100
  λ=5.000e+00 | Epoch  70 | lr=1.0000e-03 | Recon MSE=9.491309e-04 | ‖ω‖₁=9.145916e-01 | Non-zero modes: 100
  λ=5.000e+00 | Epoch  80 | lr=1.0000e-03 | Recon MSE=9.618178e-04 | ‖ω‖₁=9.123175e-01 | Non-zero modes: 100
  λ=5.000e+00 | Epoch  90 | lr=1.0000e-03 | Recon MSE=9.418345e-04 | ‖ω‖₁=9.075663e-01 | Non-zero modes: 100
  λ=5.000e+00 | Epoch 100 | lr=1.0000e-03 | Recon MSE=9.275050e-04 | ‖ω‖₁=9.064703e-01 | Non-zero modes: 100
Number of selected modes unchanged for 2 consecutive iterations.
  → at λ=5.005e+00: r(λ)=100
  → selected modes: [0, 1, 2, 3, 4, 5, 6, 7, 8, 9, 10, 11, 12, 13, 14, 15, 16, 17, 18, 19, 20, 21, 22, 23, 24, 25, 26, 27, 28, 29, 30, 31, 32, 33, 34, 35, 36, 37, 38, 39, 40, 41, 42, 43, 44, 45, 46, 47, 48, 49, 50, 51, 52, 53, 54, 55, 56, 57, 58, 59, 60, 61, 62, 63, 64, 65, 66, 67, 68, 69, 70, 71, 72, 73, 74, 75, 76, 77, 78, 79, 80, 81, 82, 83, 84, 85, 86, 87, 88, 89, 90, 91, 92, 93, 94, 95, 96, 97, 98, 99]

-- Path iteration 4, λ = 5.008e+00 (r(λ) prev = 100)
  λ=5.000e+00 | Epoch   1 | lr=1.0000e-03 | Recon MSE=9.872219e-04 | ‖ω‖₁=9.109203e-01 | Non-zero modes: 100
  λ=5.000e+00 | Epoch  10 | lr=1.0000e-03 | Recon MSE=9.346880e-04 | ‖ω‖₁=9.050109e-01 | Non-zero modes: 100
  λ=5.000e+00 | Epoch  20 | lr=1.0000e-03 | Recon MSE=9.142423e-04 | ‖ω‖₁=9.026787e-01 | Non-zero modes: 100
  λ=5.000e+00 | Epoch  30 | lr=1.0000e-03 | Recon MSE=9.819931e-04 | ‖ω‖₁=8.981405e-01 | Non-zero modes: 100
  λ=5.000e+00 | Epoch  40 | lr=1.0000e-03 | Recon MSE=9.697813e-04 | ‖ω‖₁=8.957114e-01 | Non-zero modes: 100
  λ=5.000e+00 | Epoch  50 | lr=1.0000e-03 | Recon MSE=9.380489e-04 | ‖ω‖₁=8.912614e-01 | Non-zero modes: 100
  λ=5.000e+00 | Epoch  60 | lr=1.0000e-03 | Recon MSE=9.334412e-04 | ‖ω‖₁=8.891223e-01 | Non-zero modes: 100
  λ=5.000e+00 | Epoch  70 | lr=1.0000e-03 | Recon MSE=9.154087e-04 | ‖ω‖₁=8.867949e-01 | Non-zero modes: 100
  λ=5.000e+00 | Epoch  80 | lr=1.0000e-03 | Recon MSE=9.788940e-04 | ‖ω‖₁=8.835177e-01 | Non-zero modes: 100
  λ=5.000e+00 | Epoch  90 | lr=1.0000e-03 | Recon MSE=9.303179e-04 | ‖ω‖₁=8.809839e-01 | Non-zero modes: 100
  λ=5.000e+00 | Epoch 100 | lr=1.0000e-03 | Recon MSE=9.303107e-04 | ‖ω‖₁=8.779654e-01 | Non-zero modes: 100
Number of selected modes unchanged for 3 consecutive iterations.
  → at λ=5.008e+00: r(λ)=100
  → selected modes: [0, 1, 2, 3, 4, 5, 6, 7, 8, 9, 10, 11, 12, 13, 14, 15, 16, 17, 18, 19, 20, 21, 22, 23, 24, 25, 26, 27, 28, 29, 30, 31, 32, 33, 34, 35, 36, 37, 38, 39, 40, 41, 42, 43, 44, 45, 46, 47, 48, 49, 50, 51, 52, 53, 54, 55, 56, 57, 58, 59, 60, 61, 62, 63, 64, 65, 66, 67, 68, 69, 70, 71, 72, 73, 74, 75, 76, 77, 78, 79, 80, 81, 82, 83, 84, 85, 86, 87, 88, 89, 90, 91, 92, 93, 94, 95, 96, 97, 98, 99]

-- Path iteration 5, λ = 5.010e+00 (r(λ) prev = 100)
  λ=5.000e+00 | Epoch   1 | lr=1.0000e-03 | Recon MSE=9.885257e-04 | ‖ω‖₁=8.824822e-01 | Non-zero modes: 100
  λ=5.000e+00 | Epoch  10 | lr=1.0000e-03 | Recon MSE=9.669188e-04 | ‖ω‖₁=8.781420e-01 | Non-zero modes: 100
  λ=5.000e+00 | Epoch  20 | lr=1.0000e-03 | Recon MSE=9.479407e-04 | ‖ω‖₁=8.714804e-01 | Non-zero modes: 100
  λ=5.000e+00 | Epoch  30 | lr=1.0000e-03 | Recon MSE=9.229231e-04 | ‖ω‖₁=8.682419e-01 | Non-zero modes: 100
  λ=5.000e+00 | Epoch  40 | lr=1.0000e-03 | Recon MSE=9.268861e-04 | ‖ω‖₁=8.625547e-01 | Non-zero modes: 100
  λ=5.000e+00 | Epoch  50 | lr=1.0000e-03 | Recon MSE=9.357609e-04 | ‖ω‖₁=8.587023e-01 | Non-zero modes: 100
  λ=5.000e+00 | Epoch  60 | lr=1.0000e-03 | Recon MSE=9.306227e-04 | ‖ω‖₁=8.548504e-01 | Non-zero modes: 100
  λ=5.000e+00 | Epoch  70 | lr=1.0000e-03 | Recon MSE=9.432893e-04 | ‖ω‖₁=8.515036e-01 | Non-zero modes: 100
  λ=5.000e+00 | Epoch  80 | lr=1.0000e-03 | Recon MSE=9.233501e-04 | ‖ω‖₁=8.496530e-01 | Non-zero modes: 100
  λ=5.000e+00 | Epoch  90 | lr=1.0000e-03 | Recon MSE=9.110447e-04 | ‖ω‖₁=8.479774e-01 | Non-zero modes: 100
  λ=5.000e+00 | Epoch 100 | lr=1.0000e-03 | Recon MSE=9.101932e-04 | ‖ω‖₁=8.451483e-01 | Non-zero modes: 100
Number of selected modes unchanged for 4 consecutive iterations.
  → at λ=5.010e+00: r(λ)=100
  → selected modes: [0, 1, 2, 3, 4, 5, 6, 7, 8, 9, 10, 11, 12, 13, 14, 15, 16, 17, 18, 19, 20, 21, 22, 23, 24, 25, 26, 27, 28, 29, 30, 31, 32, 33, 34, 35, 36, 37, 38, 39, 40, 41, 42, 43, 44, 45, 46, 47, 48, 49, 50, 51, 52, 53, 54, 55, 56, 57, 58, 59, 60, 61, 62, 63, 64, 65, 66, 67, 68, 69, 70, 71, 72, 73, 74, 75, 76, 77, 78, 79, 80, 81, 82, 83, 84, 85, 86, 87, 88, 89, 90, 91, 92, 93, 94, 95, 96, 97, 98, 99]

-- Path iteration 6, λ = 5.013e+00 (r(λ) prev = 100)
  λ=5.000e+00 | Epoch   1 | lr=1.0000e-03 | Recon MSE=9.937311e-04 | ‖ω‖₁=8.478989e-01 | Non-zero modes: 100
  λ=5.000e+00 | Epoch  10 | lr=1.0000e-03 | Recon MSE=9.383398e-04 | ‖ω‖₁=8.419462e-01 | Non-zero modes: 100
  λ=5.000e+00 | Epoch  20 | lr=1.0000e-03 | Recon MSE=9.452511e-04 | ‖ω‖₁=8.384446e-01 | Non-zero modes: 100
  λ=5.000e+00 | Epoch  30 | lr=1.0000e-03 | Recon MSE=9.202570e-04 | ‖ω‖₁=8.342299e-01 | Non-zero modes: 100
  λ=5.000e+00 | Epoch  40 | lr=1.0000e-03 | Recon MSE=9.493635e-04 | ‖ω‖₁=8.317542e-01 | Non-zero modes: 100
  λ=5.000e+00 | Epoch  50 | lr=1.0000e-03 | Recon MSE=9.336633e-04 | ‖ω‖₁=8.299474e-01 | Non-zero modes: 100
  λ=5.000e+00 | Epoch  60 | lr=1.0000e-03 | Recon MSE=9.504597e-04 | ‖ω‖₁=8.273802e-01 | Non-zero modes: 100
  λ=5.000e+00 | Epoch  70 | lr=1.0000e-03 | Recon MSE=9.518629e-04 | ‖ω‖₁=8.229934e-01 | Non-zero modes: 100
  λ=5.000e+00 | Epoch  80 | lr=1.0000e-03 | Recon MSE=9.291371e-04 | ‖ω‖₁=8.199587e-01 | Non-zero modes: 100
  λ=5.000e+00 | Epoch  90 | lr=1.0000e-03 | Recon MSE=9.319908e-04 | ‖ω‖₁=8.178076e-01 | Non-zero modes: 100
  λ=5.000e+00 | Epoch 100 | lr=1.0000e-03 | Recon MSE=9.927905e-04 | ‖ω‖₁=8.145467e-01 | Non-zero modes: 100
Number of selected modes unchanged for 5 consecutive iterations.
  → at λ=5.013e+00: r(λ)=100
  → selected modes: [0, 1, 2, 3, 4, 5, 6, 7, 8, 9, 10, 11, 12, 13, 14, 15, 16, 17, 18, 19, 20, 21, 22, 23, 24, 25, 26, 27, 28, 29, 30, 31, 32, 33, 34, 35, 36, 37, 38, 39, 40, 41, 42, 43, 44, 45, 46, 47, 48, 49, 50, 51, 52, 53, 54, 55, 56, 57, 58, 59, 60, 61, 62, 63, 64, 65, 66, 67, 68, 69, 70, 71, 72, 73, 74, 75, 76, 77, 78, 79, 80, 81, 82, 83, 84, 85, 86, 87, 88, 89, 90, 91, 92, 93, 94, 95, 96, 97, 98, 99]

-- Path iteration 7, λ = 5.015e+00 (r(λ) prev = 100)
  λ=5.000e+00 | Epoch   1 | lr=1.0000e-03 | Recon MSE=9.921612e-04 | ‖ω‖₁=8.186435e-01 | Non-zero modes: 100
  λ=5.000e+00 | Epoch  10 | lr=1.0000e-03 | Recon MSE=9.425820e-04 | ‖ω‖₁=8.143597e-01 | Non-zero modes: 100
  λ=5.000e+00 | Epoch  20 | lr=1.0000e-03 | Recon MSE=9.303770e-04 | ‖ω‖₁=8.088178e-01 | Non-zero modes: 100
  λ=5.000e+00 | Epoch  30 | lr=1.0000e-03 | Recon MSE=9.697842e-04 | ‖ω‖₁=8.057000e-01 | Non-zero modes: 100
  λ=5.000e+00 | Epoch  40 | lr=1.0000e-03 | Recon MSE=9.624514e-04 | ‖ω‖₁=8.036193e-01 | Non-zero modes: 100
  λ=5.000e+00 | Epoch  50 | lr=1.0000e-03 | Recon MSE=9.250631e-04 | ‖ω‖₁=8.023078e-01 | Non-zero modes: 100
  λ=5.000e+00 | Epoch  60 | lr=1.0000e-03 | Recon MSE=9.349978e-04 | ‖ω‖₁=7.986724e-01 | Non-zero modes: 100
  λ=5.000e+00 | Epoch  70 | lr=1.0000e-03 | Recon MSE=8.956801e-04 | ‖ω‖₁=7.952451e-01 | Non-zero modes: 100
  λ=5.000e+00 | Epoch  80 | lr=1.0000e-03 | Recon MSE=9.379616e-04 | ‖ω‖₁=7.940965e-01 | Non-zero modes: 100
  λ=5.000e+00 | Epoch  90 | lr=1.0000e-03 | Recon MSE=9.251343e-04 | ‖ω‖₁=7.908866e-01 | Non-zero modes: 100
  λ=5.000e+00 | Epoch 100 | lr=1.0000e-03 | Recon MSE=9.340045e-04 | ‖ω‖₁=7.887992e-01 | Non-zero modes: 100
Number of selected modes unchanged for 6 consecutive iterations.
  → at λ=5.015e+00: r(λ)=100
  → selected modes: [0, 1, 2, 3, 4, 5, 6, 7, 8, 9, 10, 11, 12, 13, 14, 15, 16, 17, 18, 19, 20, 21, 22, 23, 24, 25, 26, 27, 28, 29, 30, 31, 32, 33, 34, 35, 36, 37, 38, 39, 40, 41, 42, 43, 44, 45, 46, 47, 48, 49, 50, 51, 52, 53, 54, 55, 56, 57, 58, 59, 60, 61, 62, 63, 64, 65, 66, 67, 68, 69, 70, 71, 72, 73, 74, 75, 76, 77, 78, 79, 80, 81, 82, 83, 84, 85, 86, 87, 88, 89, 90, 91, 92, 93, 94, 95, 96, 97, 98, 99]

-- Path iteration 8, λ = 5.018e+00 (r(λ) prev = 100)
  λ=5.000e+00 | Epoch   1 | lr=1.0000e-03 | Recon MSE=9.633215e-04 | ‖ω‖₁=7.924835e-01 | Non-zero modes: 100
  λ=5.000e+00 | Epoch  10 | lr=1.0000e-03 | Recon MSE=9.311889e-04 | ‖ω‖₁=7.867850e-01 | Non-zero modes: 100
  λ=5.000e+00 | Epoch  20 | lr=1.0000e-03 | Recon MSE=9.343728e-04 | ‖ω‖₁=7.815038e-01 | Non-zero modes: 100
  λ=5.000e+00 | Epoch  30 | lr=1.0000e-03 | Recon MSE=9.417894e-04 | ‖ω‖₁=7.803806e-01 | Non-zero modes: 100
  λ=5.000e+00 | Epoch  40 | lr=1.0000e-03 | Recon MSE=9.383233e-04 | ‖ω‖₁=7.768888e-01 | Non-zero modes: 100
  λ=5.000e+00 | Epoch  50 | lr=1.0000e-03 | Recon MSE=9.297232e-04 | ‖ω‖₁=7.752813e-01 | Non-zero modes: 100
  λ=5.000e+00 | Epoch  60 | lr=1.0000e-03 | Recon MSE=9.036022e-04 | ‖ω‖₁=7.726082e-01 | Non-zero modes: 100
  λ=5.000e+00 | Epoch  70 | lr=1.0000e-03 | Recon MSE=9.280499e-04 | ‖ω‖₁=7.710269e-01 | Non-zero modes: 100
  λ=5.000e+00 | Epoch  80 | lr=1.0000e-03 | Recon MSE=9.275457e-04 | ‖ω‖₁=7.684919e-01 | Non-zero modes: 100
  λ=5.000e+00 | Epoch  90 | lr=1.0000e-03 | Recon MSE=9.075213e-04 | ‖ω‖₁=7.660842e-01 | Non-zero modes: 100
  λ=5.000e+00 | Epoch 100 | lr=1.0000e-03 | Recon MSE=9.406692e-04 | ‖ω‖₁=7.625766e-01 | Non-zero modes: 100
Number of selected modes unchanged for 7 consecutive iterations.
  → at λ=5.018e+00: r(λ)=100
  → selected modes: [0, 1, 2, 3, 4, 5, 6, 7, 8, 9, 10, 11, 12, 13, 14, 15, 16, 17, 18, 19, 20, 21, 22, 23, 24, 25, 26, 27, 28, 29, 30, 31, 32, 33, 34, 35, 36, 37, 38, 39, 40, 41, 42, 43, 44, 45, 46, 47, 48, 49, 50, 51, 52, 53, 54, 55, 56, 57, 58, 59, 60, 61, 62, 63, 64, 65, 66, 67, 68, 69, 70, 71, 72, 73, 74, 75, 76, 77, 78, 79, 80, 81, 82, 83, 84, 85, 86, 87, 88, 89, 90, 91, 92, 93, 94, 95, 96, 97, 98, 99]

-- Path iteration 9, λ = 5.020e+00 (r(λ) prev = 100)
  λ=5.000e+00 | Epoch   1 | lr=1.0000e-03 | Recon MSE=9.419311e-04 | ‖ω‖₁=7.668000e-01 | Non-zero modes: 100
  λ=5.000e+00 | Epoch  10 | lr=1.0000e-03 | Recon MSE=9.327627e-04 | ‖ω‖₁=7.622569e-01 | Non-zero modes: 100
  λ=5.000e+00 | Epoch  20 | lr=1.0000e-03 | Recon MSE=9.282841e-04 | ‖ω‖₁=7.603382e-01 | Non-zero modes: 100
  λ=5.000e+00 | Epoch  30 | lr=1.0000e-03 | Recon MSE=9.243677e-04 | ‖ω‖₁=7.557219e-01 | Non-zero modes: 100
  λ=5.000e+00 | Epoch  40 | lr=1.0000e-03 | Recon MSE=9.377629e-04 | ‖ω‖₁=7.527718e-01 | Non-zero modes: 100
  λ=5.000e+00 | Epoch  50 | lr=1.0000e-03 | Recon MSE=9.312855e-04 | ‖ω‖₁=7.521579e-01 | Non-zero modes: 100
  λ=5.000e+00 | Epoch  60 | lr=1.0000e-03 | Recon MSE=9.151892e-04 | ‖ω‖₁=7.483081e-01 | Non-zero modes: 100
  λ=5.000e+00 | Epoch  70 | lr=1.0000e-03 | Recon MSE=9.311790e-04 | ‖ω‖₁=7.485949e-01 | Non-zero modes: 100
  λ=5.000e+00 | Epoch  80 | lr=1.0000e-03 | Recon MSE=9.391133e-04 | ‖ω‖₁=7.458140e-01 | Non-zero modes: 100
  λ=5.000e+00 | Epoch  90 | lr=1.0000e-03 | Recon MSE=9.401270e-04 | ‖ω‖₁=7.428267e-01 | Non-zero modes: 100
  λ=5.000e+00 | Epoch 100 | lr=1.0000e-03 | Recon MSE=9.354413e-04 | ‖ω‖₁=7.392424e-01 | Non-zero modes: 100
Number of selected modes unchanged for 8 consecutive iterations.
  → at λ=5.020e+00: r(λ)=100
  → selected modes: [0, 1, 2, 3, 4, 5, 6, 7, 8, 9, 10, 11, 12, 13, 14, 15, 16, 17, 18, 19, 20, 21, 22, 23, 24, 25, 26, 27, 28, 29, 30, 31, 32, 33, 34, 35, 36, 37, 38, 39, 40, 41, 42, 43, 44, 45, 46, 47, 48, 49, 50, 51, 52, 53, 54, 55, 56, 57, 58, 59, 60, 61, 62, 63, 64, 65, 66, 67, 68, 69, 70, 71, 72, 73, 74, 75, 76, 77, 78, 79, 80, 81, 82, 83, 84, 85, 86, 87, 88, 89, 90, 91, 92, 93, 94, 95, 96, 97, 98, 99]

-- Path iteration 10, λ = 5.023e+00 (r(λ) prev = 100)
  λ=5.000e+00 | Epoch   1 | lr=1.0000e-03 | Recon MSE=9.565883e-04 | ‖ω‖₁=7.431886e-01 | Non-zero modes: 100
  λ=5.000e+00 | Epoch  10 | lr=1.0000e-03 | Recon MSE=9.557301e-04 | ‖ω‖₁=7.402990e-01 | Non-zero modes: 100
  λ=5.000e+00 | Epoch  20 | lr=1.0000e-03 | Recon MSE=9.267465e-04 | ‖ω‖₁=7.350921e-01 | Non-zero modes: 100
  λ=5.000e+00 | Epoch  30 | lr=1.0000e-03 | Recon MSE=9.722920e-04 | ‖ω‖₁=7.325813e-01 | Non-zero modes: 100
  λ=5.000e+00 | Epoch  40 | lr=1.0000e-03 | Recon MSE=9.433022e-04 | ‖ω‖₁=7.298055e-01 | Non-zero modes: 100
  λ=5.000e+00 | Epoch  50 | lr=1.0000e-03 | Recon MSE=9.298820e-04 | ‖ω‖₁=7.292454e-01 | Non-zero modes: 100
  λ=5.000e+00 | Epoch  60 | lr=1.0000e-03 | Recon MSE=9.393042e-04 | ‖ω‖₁=7.273099e-01 | Non-zero modes: 100
  λ=5.000e+00 | Epoch  70 | lr=1.0000e-03 | Recon MSE=9.675189e-04 | ‖ω‖₁=7.251105e-01 | Non-zero modes: 100
  λ=5.000e+00 | Epoch  80 | lr=1.0000e-03 | Recon MSE=9.128668e-04 | ‖ω‖₁=7.225194e-01 | Non-zero modes: 100
  λ=5.000e+00 | Epoch  90 | lr=1.0000e-03 | Recon MSE=8.894073e-04 | ‖ω‖₁=7.191146e-01 | Non-zero modes: 100
  λ=5.000e+00 | Epoch 100 | lr=1.0000e-03 | Recon MSE=9.287906e-04 | ‖ω‖₁=7.198677e-01 | Non-zero modes: 100
Number of selected modes unchanged for 9 consecutive iterations.
  → at λ=5.023e+00: r(λ)=100
  → selected modes: [0, 1, 2, 3, 4, 5, 6, 7, 8, 9, 10, 11, 12, 13, 14, 15, 16, 17, 18, 19, 20, 21, 22, 23, 24, 25, 26, 27, 28, 29, 30, 31, 32, 33, 34, 35, 36, 37, 38, 39, 40, 41, 42, 43, 44, 45, 46, 47, 48, 49, 50, 51, 52, 53, 54, 55, 56, 57, 58, 59, 60, 61, 62, 63, 64, 65, 66, 67, 68, 69, 70, 71, 72, 73, 74, 75, 76, 77, 78, 79, 80, 81, 82, 83, 84, 85, 86, 87, 88, 89, 90, 91, 92, 93, 94, 95, 96, 97, 98, 99]

-- Path iteration 11, λ = 5.025e+00 (r(λ) prev = 100)
  λ=5.000e+00 | Epoch   1 | lr=1.0000e-03 | Recon MSE=9.605336e-04 | ‖ω‖₁=7.246414e-01 | Non-zero modes: 100
  λ=5.000e+00 | Epoch  10 | lr=1.0000e-03 | Recon MSE=9.055111e-04 | ‖ω‖₁=7.161309e-01 | Non-zero modes: 100
  λ=5.000e+00 | Epoch  20 | lr=1.0000e-03 | Recon MSE=9.490174e-04 | ‖ω‖₁=7.128800e-01 | Non-zero modes: 100
  λ=5.000e+00 | Epoch  30 | lr=1.0000e-03 | Recon MSE=9.420791e-04 | ‖ω‖₁=7.122574e-01 | Non-zero modes: 100
  λ=5.000e+00 | Epoch  40 | lr=1.0000e-03 | Recon MSE=9.318281e-04 | ‖ω‖₁=7.111963e-01 | Non-zero modes: 100
  λ=5.000e+00 | Epoch  50 | lr=1.0000e-03 | Recon MSE=9.412256e-04 | ‖ω‖₁=7.088857e-01 | Non-zero modes: 100
  λ=5.000e+00 | Epoch  60 | lr=1.0000e-03 | Recon MSE=9.316326e-04 | ‖ω‖₁=7.076865e-01 | Non-zero modes: 100
  λ=5.000e+00 | Epoch  70 | lr=1.0000e-03 | Recon MSE=9.625255e-04 | ‖ω‖₁=7.064648e-01 | Non-zero modes: 100
  λ=5.000e+00 | Epoch  80 | lr=1.0000e-03 | Recon MSE=9.241060e-04 | ‖ω‖₁=7.044893e-01 | Non-zero modes: 100
  λ=5.000e+00 | Epoch  90 | lr=1.0000e-03 | Recon MSE=9.341957e-04 | ‖ω‖₁=7.037410e-01 | Non-zero modes: 100
  λ=5.000e+00 | Epoch 100 | lr=1.0000e-03 | Recon MSE=9.435903e-04 | ‖ω‖₁=7.022100e-01 | Non-zero modes: 100
Number of selected modes unchanged for 10 consecutive iterations.
  → at λ=5.025e+00: r(λ)=100
  → selected modes: [0, 1, 2, 3, 4, 5, 6, 7, 8, 9, 10, 11, 12, 13, 14, 15, 16, 17, 18, 19, 20, 21, 22, 23, 24, 25, 26, 27, 28, 29, 30, 31, 32, 33, 34, 35, 36, 37, 38, 39, 40, 41, 42, 43, 44, 45, 46, 47, 48, 49, 50, 51, 52, 53, 54, 55, 56, 57, 58, 59, 60, 61, 62, 63, 64, 65, 66, 67, 68, 69, 70, 71, 72, 73, 74, 75, 76, 77, 78, 79, 80, 81, 82, 83, 84, 85, 86, 87, 88, 89, 90, 91, 92, 93, 94, 95, 96, 97, 98, 99]

-- Path iteration 12, λ = 5.028e+00 (r(λ) prev = 100)
  λ=5.000e+00 | Epoch   1 | lr=1.0000e-03 | Recon MSE=9.684453e-04 | ‖ω‖₁=7.048269e-01 | Non-zero modes: 100
  λ=5.000e+00 | Epoch  10 | lr=1.0000e-03 | Recon MSE=9.459815e-04 | ‖ω‖₁=6.989824e-01 | Non-zero modes: 100
  λ=5.000e+00 | Epoch  20 | lr=1.0000e-03 | Recon MSE=9.164784e-04 | ‖ω‖₁=6.948121e-01 | Non-zero modes: 100
  λ=5.000e+00 | Epoch  30 | lr=1.0000e-03 | Recon MSE=8.981216e-04 | ‖ω‖₁=6.929445e-01 | Non-zero modes: 100
  λ=5.000e+00 | Epoch  40 | lr=1.0000e-03 | Recon MSE=9.616813e-04 | ‖ω‖₁=6.913183e-01 | Non-zero modes: 100
  λ=5.000e+00 | Epoch  50 | lr=1.0000e-03 | Recon MSE=9.219901e-04 | ‖ω‖₁=6.873751e-01 | Non-zero modes: 100
  λ=5.000e+00 | Epoch  60 | lr=1.0000e-03 | Recon MSE=9.405806e-04 | ‖ω‖₁=6.879812e-01 | Non-zero modes: 100
  λ=5.000e+00 | Epoch  70 | lr=1.0000e-03 | Recon MSE=9.134468e-04 | ‖ω‖₁=6.883677e-01 | Non-zero modes: 100
  λ=5.000e+00 | Epoch  80 | lr=1.0000e-03 | Recon MSE=9.237291e-04 | ‖ω‖₁=6.857808e-01 | Non-zero modes: 100
  λ=5.000e+00 | Epoch  90 | lr=1.0000e-03 | Recon MSE=9.345405e-04 | ‖ω‖₁=6.851010e-01 | Non-zero modes: 100
  λ=5.000e+00 | Epoch 100 | lr=1.0000e-03 | Recon MSE=9.455091e-04 | ‖ω‖₁=6.806397e-01 | Non-zero modes: 100
Number of selected modes unchanged for 11 consecutive iterations.
  → at λ=5.028e+00: r(λ)=100
  → selected modes: [0, 1, 2, 3, 4, 5, 6, 7, 8, 9, 10, 11, 12, 13, 14, 15, 16, 17, 18, 19, 20, 21, 22, 23, 24, 25, 26, 27, 28, 29, 30, 31, 32, 33, 34, 35, 36, 37, 38, 39, 40, 41, 42, 43, 44, 45, 46, 47, 48, 49, 50, 51, 52, 53, 54, 55, 56, 57, 58, 59, 60, 61, 62, 63, 64, 65, 66, 67, 68, 69, 70, 71, 72, 73, 74, 75, 76, 77, 78, 79, 80, 81, 82, 83, 84, 85, 86, 87, 88, 89, 90, 91, 92, 93, 94, 95, 96, 97, 98, 99]

-- Path iteration 13, λ = 5.030e+00 (r(λ) prev = 100)
  λ=5.000e+00 | Epoch   1 | lr=1.0000e-03 | Recon MSE=9.484771e-04 | ‖ω‖₁=6.846329e-01 | Non-zero modes: 100
  λ=5.000e+00 | Epoch  10 | lr=1.0000e-03 | Recon MSE=9.256230e-04 | ‖ω‖₁=6.803392e-01 | Non-zero modes: 100
  λ=5.000e+00 | Epoch  20 | lr=1.0000e-03 | Recon MSE=8.950465e-04 | ‖ω‖₁=6.772170e-01 | Non-zero modes: 100
  λ=5.000e+00 | Epoch  30 | lr=1.0000e-03 | Recon MSE=9.331676e-04 | ‖ω‖₁=6.765281e-01 | Non-zero modes: 100
  λ=5.000e+00 | Epoch  40 | lr=1.0000e-03 | Recon MSE=9.258526e-04 | ‖ω‖₁=6.765211e-01 | Non-zero modes: 100
  λ=5.000e+00 | Epoch  50 | lr=1.0000e-03 | Recon MSE=9.231011e-04 | ‖ω‖₁=6.733162e-01 | Non-zero modes: 100
  λ=5.000e+00 | Epoch  60 | lr=1.0000e-03 | Recon MSE=9.157826e-04 | ‖ω‖₁=6.701625e-01 | Non-zero modes: 100
  λ=5.000e+00 | Epoch  70 | lr=1.0000e-03 | Recon MSE=9.096476e-04 | ‖ω‖₁=6.699042e-01 | Non-zero modes: 100
  λ=5.000e+00 | Epoch  80 | lr=1.0000e-03 | Recon MSE=9.219709e-04 | ‖ω‖₁=6.671054e-01 | Non-zero modes: 100
  λ=5.000e+00 | Epoch  90 | lr=1.0000e-03 | Recon MSE=9.210196e-04 | ‖ω‖₁=6.660573e-01 | Non-zero modes: 100
  λ=5.000e+00 | Epoch 100 | lr=1.0000e-03 | Recon MSE=9.548786e-04 | ‖ω‖₁=6.627045e-01 | Non-zero modes: 100
Number of selected modes unchanged for 12 consecutive iterations.
  → at λ=5.030e+00: r(λ)=100
  → selected modes: [0, 1, 2, 3, 4, 5, 6, 7, 8, 9, 10, 11, 12, 13, 14, 15, 16, 17, 18, 19, 20, 21, 22, 23, 24, 25, 26, 27, 28, 29, 30, 31, 32, 33, 34, 35, 36, 37, 38, 39, 40, 41, 42, 43, 44, 45, 46, 47, 48, 49, 50, 51, 52, 53, 54, 55, 56, 57, 58, 59, 60, 61, 62, 63, 64, 65, 66, 67, 68, 69, 70, 71, 72, 73, 74, 75, 76, 77, 78, 79, 80, 81, 82, 83, 84, 85, 86, 87, 88, 89, 90, 91, 92, 93, 94, 95, 96, 97, 98, 99]

-- Path iteration 14, λ = 5.033e+00 (r(λ) prev = 100)
  λ=5.000e+00 | Epoch   1 | lr=1.0000e-03 | Recon MSE=9.836244e-04 | ‖ω‖₁=6.665115e-01 | Non-zero modes: 100
  λ=5.000e+00 | Epoch  10 | lr=1.0000e-03 | Recon MSE=9.367495e-04 | ‖ω‖₁=6.634329e-01 | Non-zero modes: 100
  λ=5.000e+00 | Epoch  20 | lr=1.0000e-03 | Recon MSE=9.063549e-04 | ‖ω‖₁=6.633399e-01 | Non-zero modes: 100
  λ=5.000e+00 | Epoch  30 | lr=1.0000e-03 | Recon MSE=9.403248e-04 | ‖ω‖₁=6.619777e-01 | Non-zero modes: 100
  λ=5.000e+00 | Epoch  40 | lr=1.0000e-03 | Recon MSE=9.507430e-04 | ‖ω‖₁=6.600521e-01 | Non-zero modes: 100
  λ=5.000e+00 | Epoch  50 | lr=1.0000e-03 | Recon MSE=9.510593e-04 | ‖ω‖₁=6.586327e-01 | Non-zero modes: 100
  λ=5.000e+00 | Epoch  60 | lr=1.0000e-03 | Recon MSE=9.236207e-04 | ‖ω‖₁=6.554086e-01 | Non-zero modes: 100
  λ=5.000e+00 | Epoch  70 | lr=1.0000e-03 | Recon MSE=9.394197e-04 | ‖ω‖₁=6.553478e-01 | Non-zero modes: 100
  λ=5.000e+00 | Epoch  80 | lr=1.0000e-03 | Recon MSE=9.390766e-04 | ‖ω‖₁=6.539273e-01 | Non-zero modes: 100
  λ=5.000e+00 | Epoch  90 | lr=1.0000e-03 | Recon MSE=9.414692e-04 | ‖ω‖₁=6.524680e-01 | Non-zero modes: 100
  λ=5.000e+00 | Epoch 100 | lr=1.0000e-03 | Recon MSE=9.584602e-04 | ‖ω‖₁=6.495400e-01 | Non-zero modes: 100
Number of selected modes unchanged for 13 consecutive iterations.
  → at λ=5.033e+00: r(λ)=100
  → selected modes: [0, 1, 2, 3, 4, 5, 6, 7, 8, 9, 10, 11, 12, 13, 14, 15, 16, 17, 18, 19, 20, 21, 22, 23, 24, 25, 26, 27, 28, 29, 30, 31, 32, 33, 34, 35, 36, 37, 38, 39, 40, 41, 42, 43, 44, 45, 46, 47, 48, 49, 50, 51, 52, 53, 54, 55, 56, 57, 58, 59, 60, 61, 62, 63, 64, 65, 66, 67, 68, 69, 70, 71, 72, 73, 74, 75, 76, 77, 78, 79, 80, 81, 82, 83, 84, 85, 86, 87, 88, 89, 90, 91, 92, 93, 94, 95, 96, 97, 98, 99]

-- Path iteration 15, λ = 5.035e+00 (r(λ) prev = 100)
  λ=5.000e+00 | Epoch   1 | lr=1.0000e-03 | Recon MSE=9.683974e-04 | ‖ω‖₁=6.540761e-01 | Non-zero modes: 100
  λ=5.000e+00 | Epoch  10 | lr=1.0000e-03 | Recon MSE=9.351098e-04 | ‖ω‖₁=6.510379e-01 | Non-zero modes: 100
  λ=5.000e+00 | Epoch  20 | lr=1.0000e-03 | Recon MSE=8.904809e-04 | ‖ω‖₁=6.489504e-01 | Non-zero modes: 100
  λ=5.000e+00 | Epoch  30 | lr=1.0000e-03 | Recon MSE=9.139289e-04 | ‖ω‖₁=6.459426e-01 | Non-zero modes: 100
  λ=5.000e+00 | Epoch  40 | lr=1.0000e-03 | Recon MSE=9.305457e-04 | ‖ω‖₁=6.447243e-01 | Non-zero modes: 100
  λ=5.000e+00 | Epoch  50 | lr=1.0000e-03 | Recon MSE=9.378530e-04 | ‖ω‖₁=6.413033e-01 | Non-zero modes: 100
  λ=5.000e+00 | Epoch  60 | lr=1.0000e-03 | Recon MSE=9.163886e-04 | ‖ω‖₁=6.407969e-01 | Non-zero modes: 100
  λ=5.000e+00 | Epoch  70 | lr=1.0000e-03 | Recon MSE=9.157385e-04 | ‖ω‖₁=6.374505e-01 | Non-zero modes: 100
  λ=5.000e+00 | Epoch  80 | lr=1.0000e-03 | Recon MSE=9.147469e-04 | ‖ω‖₁=6.359683e-01 | Non-zero modes: 100
  λ=5.000e+00 | Epoch  90 | lr=1.0000e-03 | Recon MSE=9.289837e-04 | ‖ω‖₁=6.351604e-01 | Non-zero modes: 100
  λ=5.000e+00 | Epoch 100 | lr=1.0000e-03 | Recon MSE=9.263411e-04 | ‖ω‖₁=6.356754e-01 | Non-zero modes: 100
Number of selected modes unchanged for 14 consecutive iterations.
  → at λ=5.035e+00: r(λ)=100
  → selected modes: [0, 1, 2, 3, 4, 5, 6, 7, 8, 9, 10, 11, 12, 13, 14, 15, 16, 17, 18, 19, 20, 21, 22, 23, 24, 25, 26, 27, 28, 29, 30, 31, 32, 33, 34, 35, 36, 37, 38, 39, 40, 41, 42, 43, 44, 45, 46, 47, 48, 49, 50, 51, 52, 53, 54, 55, 56, 57, 58, 59, 60, 61, 62, 63, 64, 65, 66, 67, 68, 69, 70, 71, 72, 73, 74, 75, 76, 77, 78, 79, 80, 81, 82, 83, 84, 85, 86, 87, 88, 89, 90, 91, 92, 93, 94, 95, 96, 97, 98, 99]

-- Path iteration 16, λ = 5.038e+00 (r(λ) prev = 100)
  λ=5.000e+00 | Epoch   1 | lr=1.0000e-03 | Recon MSE=9.608158e-04 | ‖ω‖₁=6.405941e-01 | Non-zero modes: 100
  λ=5.000e+00 | Epoch  10 | lr=1.0000e-03 | Recon MSE=9.039754e-04 | ‖ω‖₁=6.349538e-01 | Non-zero modes: 100
  λ=5.000e+00 | Epoch  20 | lr=1.0000e-03 | Recon MSE=9.450410e-04 | ‖ω‖₁=6.307592e-01 | Non-zero modes: 100
  λ=5.000e+00 | Epoch  30 | lr=1.0000e-03 | Recon MSE=9.223269e-04 | ‖ω‖₁=6.290288e-01 | Non-zero modes: 100
  λ=5.000e+00 | Epoch  40 | lr=1.0000e-03 | Recon MSE=9.507555e-04 | ‖ω‖₁=6.295660e-01 | Non-zero modes: 100
  λ=5.000e+00 | Epoch  50 | lr=1.0000e-03 | Recon MSE=9.421204e-04 | ‖ω‖₁=6.295047e-01 | Non-zero modes: 100
  λ=5.000e+00 | Epoch  60 | lr=1.0000e-03 | Recon MSE=9.142946e-04 | ‖ω‖₁=6.276719e-01 | Non-zero modes: 100
  λ=5.000e+00 | Epoch  70 | lr=1.0000e-03 | Recon MSE=9.217999e-04 | ‖ω‖₁=6.268055e-01 | Non-zero modes: 100
  λ=5.000e+00 | Epoch  80 | lr=1.0000e-03 | Recon MSE=9.428217e-04 | ‖ω‖₁=6.252534e-01 | Non-zero modes: 100
  λ=5.000e+00 | Epoch  90 | lr=1.0000e-03 | Recon MSE=9.329087e-04 | ‖ω‖₁=6.241977e-01 | Non-zero modes: 100
  λ=5.000e+00 | Epoch 100 | lr=1.0000e-03 | Recon MSE=9.333037e-04 | ‖ω‖₁=6.233367e-01 | Non-zero modes: 100
Number of selected modes unchanged for 15 consecutive iterations.
  → at λ=5.038e+00: r(λ)=100
  → selected modes: [0, 1, 2, 3, 4, 5, 6, 7, 8, 9, 10, 11, 12, 13, 14, 15, 16, 17, 18, 19, 20, 21, 22, 23, 24, 25, 26, 27, 28, 29, 30, 31, 32, 33, 34, 35, 36, 37, 38, 39, 40, 41, 42, 43, 44, 45, 46, 47, 48, 49, 50, 51, 52, 53, 54, 55, 56, 57, 58, 59, 60, 61, 62, 63, 64, 65, 66, 67, 68, 69, 70, 71, 72, 73, 74, 75, 76, 77, 78, 79, 80, 81, 82, 83, 84, 85, 86, 87, 88, 89, 90, 91, 92, 93, 94, 95, 96, 97, 98, 99]

-- Path iteration 17, λ = 5.040e+00 (r(λ) prev = 100)
  λ=5.000e+00 | Epoch   1 | lr=1.0000e-03 | Recon MSE=9.437757e-04 | ‖ω‖₁=6.277991e-01 | Non-zero modes: 100
  λ=5.000e+00 | Epoch  10 | lr=1.0000e-03 | Recon MSE=9.642592e-04 | ‖ω‖₁=6.233281e-01 | Non-zero modes: 100
  λ=5.000e+00 | Epoch  20 | lr=1.0000e-03 | Recon MSE=9.306801e-04 | ‖ω‖₁=6.194291e-01 | Non-zero modes: 100
  λ=5.000e+00 | Epoch  30 | lr=1.0000e-03 | Recon MSE=9.066285e-04 | ‖ω‖₁=6.155875e-01 | Non-zero modes: 100
  λ=5.000e+00 | Epoch  40 | lr=1.0000e-03 | Recon MSE=9.239171e-04 | ‖ω‖₁=6.161055e-01 | Non-zero modes: 100
  λ=5.000e+00 | Epoch  50 | lr=1.0000e-03 | Recon MSE=9.354986e-04 | ‖ω‖₁=6.155793e-01 | Non-zero modes: 100
  λ=5.000e+00 | Epoch  60 | lr=1.0000e-03 | Recon MSE=9.401443e-04 | ‖ω‖₁=6.154047e-01 | Non-zero modes: 100
  λ=5.000e+00 | Epoch  70 | lr=1.0000e-03 | Recon MSE=8.849503e-04 | ‖ω‖₁=6.128844e-01 | Non-zero modes: 100
  λ=5.000e+00 | Epoch  80 | lr=1.0000e-03 | Recon MSE=9.212128e-04 | ‖ω‖₁=6.152914e-01 | Non-zero modes: 100
  λ=5.000e+00 | Epoch  90 | lr=1.0000e-03 | Recon MSE=9.555031e-04 | ‖ω‖₁=6.149951e-01 | Non-zero modes: 100
  λ=5.000e+00 | Epoch 100 | lr=1.0000e-03 | Recon MSE=9.663204e-04 | ‖ω‖₁=6.130455e-01 | Non-zero modes: 100
Number of selected modes unchanged for 16 consecutive iterations.
  → at λ=5.040e+00: r(λ)=100
  → selected modes: [0, 1, 2, 3, 4, 5, 6, 7, 8, 9, 10, 11, 12, 13, 14, 15, 16, 17, 18, 19, 20, 21, 22, 23, 24, 25, 26, 27, 28, 29, 30, 31, 32, 33, 34, 35, 36, 37, 38, 39, 40, 41, 42, 43, 44, 45, 46, 47, 48, 49, 50, 51, 52, 53, 54, 55, 56, 57, 58, 59, 60, 61, 62, 63, 64, 65, 66, 67, 68, 69, 70, 71, 72, 73, 74, 75, 76, 77, 78, 79, 80, 81, 82, 83, 84, 85, 86, 87, 88, 89, 90, 91, 92, 93, 94, 95, 96, 97, 98, 99]

-- Path iteration 18, λ = 5.043e+00 (r(λ) prev = 100)
  λ=5.000e+00 | Epoch   1 | lr=1.0000e-03 | Recon MSE=9.645774e-04 | ‖ω‖₁=6.177491e-01 | Non-zero modes: 100
  λ=5.000e+00 | Epoch  10 | lr=1.0000e-03 | Recon MSE=9.152680e-04 | ‖ω‖₁=6.144228e-01 | Non-zero modes: 100
  λ=5.000e+00 | Epoch  20 | lr=1.0000e-03 | Recon MSE=9.203360e-04 | ‖ω‖₁=6.127620e-01 | Non-zero modes: 100
  λ=5.000e+00 | Epoch  30 | lr=1.0000e-03 | Recon MSE=9.566838e-04 | ‖ω‖₁=6.076728e-01 | Non-zero modes: 100
  λ=5.000e+00 | Epoch  40 | lr=1.0000e-03 | Recon MSE=9.115757e-04 | ‖ω‖₁=6.071903e-01 | Non-zero modes: 100
  λ=5.000e+00 | Epoch  50 | lr=1.0000e-03 | Recon MSE=9.201998e-04 | ‖ω‖₁=6.071569e-01 | Non-zero modes: 100
  λ=5.000e+00 | Epoch  60 | lr=1.0000e-03 | Recon MSE=9.071538e-04 | ‖ω‖₁=6.035923e-01 | Non-zero modes: 100
  λ=5.000e+00 | Epoch  70 | lr=1.0000e-03 | Recon MSE=9.277754e-04 | ‖ω‖₁=6.034990e-01 | Non-zero modes: 100
  λ=5.000e+00 | Epoch  80 | lr=1.0000e-03 | Recon MSE=9.008113e-04 | ‖ω‖₁=6.017957e-01 | Non-zero modes: 100
  λ=5.000e+00 | Epoch  90 | lr=1.0000e-03 | Recon MSE=9.334245e-04 | ‖ω‖₁=6.002495e-01 | Non-zero modes: 100
  λ=5.000e+00 | Epoch 100 | lr=1.0000e-03 | Recon MSE=9.192348e-04 | ‖ω‖₁=5.991818e-01 | Non-zero modes: 100
Number of selected modes unchanged for 17 consecutive iterations.
  → at λ=5.043e+00: r(λ)=100
  → selected modes: [0, 1, 2, 3, 4, 5, 6, 7, 8, 9, 10, 11, 12, 13, 14, 15, 16, 17, 18, 19, 20, 21, 22, 23, 24, 25, 26, 27, 28, 29, 30, 31, 32, 33, 34, 35, 36, 37, 38, 39, 40, 41, 42, 43, 44, 45, 46, 47, 48, 49, 50, 51, 52, 53, 54, 55, 56, 57, 58, 59, 60, 61, 62, 63, 64, 65, 66, 67, 68, 69, 70, 71, 72, 73, 74, 75, 76, 77, 78, 79, 80, 81, 82, 83, 84, 85, 86, 87, 88, 89, 90, 91, 92, 93, 94, 95, 96, 97, 98, 99]

-- Path iteration 19, λ = 5.045e+00 (r(λ) prev = 100)
  λ=5.000e+00 | Epoch   1 | lr=1.0000e-03 | Recon MSE=9.585244e-04 | ‖ω‖₁=6.039415e-01 | Non-zero modes: 100
  λ=5.000e+00 | Epoch  10 | lr=1.0000e-03 | Recon MSE=8.992027e-04 | ‖ω‖₁=6.015894e-01 | Non-zero modes: 100
  λ=5.000e+00 | Epoch  20 | lr=1.0000e-03 | Recon MSE=9.403723e-04 | ‖ω‖₁=5.977547e-01 | Non-zero modes: 100
  λ=5.000e+00 | Epoch  30 | lr=1.0000e-03 | Recon MSE=9.151334e-04 | ‖ω‖₁=5.966948e-01 | Non-zero modes: 100
  λ=5.000e+00 | Epoch  40 | lr=1.0000e-03 | Recon MSE=9.291833e-04 | ‖ω‖₁=5.928968e-01 | Non-zero modes: 100
  λ=5.000e+00 | Epoch  50 | lr=1.0000e-03 | Recon MSE=9.274462e-04 | ‖ω‖₁=5.932161e-01 | Non-zero modes: 100
  λ=5.000e+00 | Epoch  60 | lr=1.0000e-03 | Recon MSE=9.250860e-04 | ‖ω‖₁=5.915891e-01 | Non-zero modes: 100
  λ=5.000e+00 | Epoch  70 | lr=1.0000e-03 | Recon MSE=8.939406e-04 | ‖ω‖₁=5.904876e-01 | Non-zero modes: 100
  λ=5.000e+00 | Epoch  80 | lr=1.0000e-03 | Recon MSE=9.488541e-04 | ‖ω‖₁=5.886397e-01 | Non-zero modes: 100
  λ=5.000e+00 | Epoch  90 | lr=1.0000e-03 | Recon MSE=9.537226e-04 | ‖ω‖₁=5.873401e-01 | Non-zero modes: 100
  λ=5.000e+00 | Epoch 100 | lr=1.0000e-03 | Recon MSE=9.175616e-04 | ‖ω‖₁=5.880578e-01 | Non-zero modes: 100
Number of selected modes unchanged for 18 consecutive iterations.
  → at λ=5.045e+00: r(λ)=100
  → selected modes: [0, 1, 2, 3, 4, 5, 6, 7, 8, 9, 10, 11, 12, 13, 14, 15, 16, 17, 18, 19, 20, 21, 22, 23, 24, 25, 26, 27, 28, 29, 30, 31, 32, 33, 34, 35, 36, 37, 38, 39, 40, 41, 42, 43, 44, 45, 46, 47, 48, 49, 50, 51, 52, 53, 54, 55, 56, 57, 58, 59, 60, 61, 62, 63, 64, 65, 66, 67, 68, 69, 70, 71, 72, 73, 74, 75, 76, 77, 78, 79, 80, 81, 82, 83, 84, 85, 86, 87, 88, 89, 90, 91, 92, 93, 94, 95, 96, 97, 98, 99]

-- Path iteration 20, λ = 5.048e+00 (r(λ) prev = 100)
  λ=5.000e+00 | Epoch   1 | lr=1.0000e-03 | Recon MSE=1.004761e-03 | ‖ω‖₁=5.914182e-01 | Non-zero modes: 100
  λ=5.000e+00 | Epoch  10 | lr=1.0000e-03 | Recon MSE=9.515964e-04 | ‖ω‖₁=5.900016e-01 | Non-zero modes: 100
  λ=5.000e+00 | Epoch  20 | lr=1.0000e-03 | Recon MSE=9.182815e-04 | ‖ω‖₁=5.869023e-01 | Non-zero modes: 100
  λ=5.000e+00 | Epoch  30 | lr=1.0000e-03 | Recon MSE=9.325683e-04 | ‖ω‖₁=5.850729e-01 | Non-zero modes: 100
  λ=5.000e+00 | Epoch  40 | lr=1.0000e-03 | Recon MSE=9.360845e-04 | ‖ω‖₁=5.852441e-01 | Non-zero modes: 100
  λ=5.000e+00 | Epoch  50 | lr=1.0000e-03 | Recon MSE=9.274478e-04 | ‖ω‖₁=5.856129e-01 | Non-zero modes: 100
  λ=5.000e+00 | Epoch  60 | lr=1.0000e-03 | Recon MSE=9.449855e-04 | ‖ω‖₁=5.818879e-01 | Non-zero modes: 100
  λ=5.000e+00 | Epoch  70 | lr=1.0000e-03 | Recon MSE=9.481033e-04 | ‖ω‖₁=5.805227e-01 | Non-zero modes: 100
  λ=5.000e+00 | Epoch  80 | lr=1.0000e-03 | Recon MSE=9.207311e-04 | ‖ω‖₁=5.814409e-01 | Non-zero modes: 100
  λ=5.000e+00 | Epoch  90 | lr=1.0000e-03 | Recon MSE=9.227214e-04 | ‖ω‖₁=5.793491e-01 | Non-zero modes: 100
  λ=5.000e+00 | Epoch 100 | lr=1.0000e-03 | Recon MSE=9.458572e-04 | ‖ω‖₁=5.763367e-01 | Non-zero modes: 100
Number of selected modes unchanged for 19 consecutive iterations.
  → at λ=5.048e+00: r(λ)=100
  → selected modes: [0, 1, 2, 3, 4, 5, 6, 7, 8, 9, 10, 11, 12, 13, 14, 15, 16, 17, 18, 19, 20, 21, 22, 23, 24, 25, 26, 27, 28, 29, 30, 31, 32, 33, 34, 35, 36, 37, 38, 39, 40, 41, 42, 43, 44, 45, 46, 47, 48, 49, 50, 51, 52, 53, 54, 55, 56, 57, 58, 59, 60, 61, 62, 63, 64, 65, 66, 67, 68, 69, 70, 71, 72, 73, 74, 75, 76, 77, 78, 79, 80, 81, 82, 83, 84, 85, 86, 87, 88, 89, 90, 91, 92, 93, 94, 95, 96, 97, 98, 99]

-- Path iteration 21, λ = 5.050e+00 (r(λ) prev = 100)
  λ=5.000e+00 | Epoch   1 | lr=1.0000e-03 | Recon MSE=9.449018e-04 | ‖ω‖₁=5.805975e-01 | Non-zero modes: 100
  λ=5.000e+00 | Epoch  10 | lr=1.0000e-03 | Recon MSE=9.226108e-04 | ‖ω‖₁=5.753762e-01 | Non-zero modes: 100
  λ=5.000e+00 | Epoch  20 | lr=1.0000e-03 | Recon MSE=9.286596e-04 | ‖ω‖₁=5.737347e-01 | Non-zero modes: 100
  λ=5.000e+00 | Epoch  30 | lr=1.0000e-03 | Recon MSE=9.335452e-04 | ‖ω‖₁=5.728032e-01 | Non-zero modes: 100
  λ=5.000e+00 | Epoch  40 | lr=1.0000e-03 | Recon MSE=9.310794e-04 | ‖ω‖₁=5.689133e-01 | Non-zero modes: 100
  λ=5.000e+00 | Epoch  50 | lr=1.0000e-03 | Recon MSE=9.321707e-04 | ‖ω‖₁=5.683573e-01 | Non-zero modes: 100
  λ=5.000e+00 | Epoch  60 | lr=1.0000e-03 | Recon MSE=9.323638e-04 | ‖ω‖₁=5.684886e-01 | Non-zero modes: 100
  λ=5.000e+00 | Epoch  70 | lr=1.0000e-03 | Recon MSE=9.488786e-04 | ‖ω‖₁=5.681973e-01 | Non-zero modes: 100
  λ=5.000e+00 | Epoch  80 | lr=1.0000e-03 | Recon MSE=9.426287e-04 | ‖ω‖₁=5.642546e-01 | Non-zero modes: 100
  λ=5.000e+00 | Epoch  90 | lr=1.0000e-03 | Recon MSE=9.491984e-04 | ‖ω‖₁=5.630781e-01 | Non-zero modes: 100
  λ=5.000e+00 | Epoch 100 | lr=1.0000e-03 | Recon MSE=9.519917e-04 | ‖ω‖₁=5.620963e-01 | Non-zero modes: 100
Number of selected modes unchanged for 20 consecutive iterations.
  → at λ=5.050e+00: r(λ)=100
  → selected modes: [0, 1, 2, 3, 4, 5, 6, 7, 8, 9, 10, 11, 12, 13, 14, 15, 16, 17, 18, 19, 20, 21, 22, 23, 24, 25, 26, 27, 28, 29, 30, 31, 32, 33, 34, 35, 36, 37, 38, 39, 40, 41, 42, 43, 44, 45, 46, 47, 48, 49, 50, 51, 52, 53, 54, 55, 56, 57, 58, 59, 60, 61, 62, 63, 64, 65, 66, 67, 68, 69, 70, 71, 72, 73, 74, 75, 76, 77, 78, 79, 80, 81, 82, 83, 84, 85, 86, 87, 88, 89, 90, 91, 92, 93, 94, 95, 96, 97, 98, 99]

-- Path iteration 22, λ = 5.053e+00 (r(λ) prev = 100)
  λ=5.000e+00 | Epoch   1 | lr=1.0000e-03 | Recon MSE=9.857552e-04 | ‖ω‖₁=5.666312e-01 | Non-zero modes: 100
  λ=5.000e+00 | Epoch  10 | lr=1.0000e-03 | Recon MSE=9.041524e-04 | ‖ω‖₁=5.632933e-01 | Non-zero modes: 100
  λ=5.000e+00 | Epoch  20 | lr=1.0000e-03 | Recon MSE=9.069400e-04 | ‖ω‖₁=5.619974e-01 | Non-zero modes: 100
  λ=5.000e+00 | Epoch  30 | lr=1.0000e-03 | Recon MSE=9.354125e-04 | ‖ω‖₁=5.596940e-01 | Non-zero modes: 100
  λ=5.000e+00 | Epoch  40 | lr=1.0000e-03 | Recon MSE=9.161062e-04 | ‖ω‖₁=5.573911e-01 | Non-zero modes: 100
  λ=5.000e+00 | Epoch  50 | lr=1.0000e-03 | Recon MSE=9.200889e-04 | ‖ω‖₁=5.561685e-01 | Non-zero modes: 100
  λ=5.000e+00 | Epoch  60 | lr=1.0000e-03 | Recon MSE=9.027100e-04 | ‖ω‖₁=5.571573e-01 | Non-zero modes: 100
  λ=5.000e+00 | Epoch  70 | lr=1.0000e-03 | Recon MSE=8.776211e-04 | ‖ω‖₁=5.577644e-01 | Non-zero modes: 100
  λ=5.000e+00 | Epoch  80 | lr=1.0000e-03 | Recon MSE=9.430270e-04 | ‖ω‖₁=5.583781e-01 | Non-zero modes: 100
  λ=5.000e+00 | Epoch  90 | lr=1.0000e-03 | Recon MSE=9.169541e-04 | ‖ω‖₁=5.577037e-01 | Non-zero modes: 100
  λ=5.000e+00 | Epoch 100 | lr=1.0000e-03 | Recon MSE=9.308676e-04 | ‖ω‖₁=5.553138e-01 | Non-zero modes: 99
  → at λ=5.053e+00: r(λ)=99
  → selected modes: [0, 1, 2, 3, 4, 5, 6, 7, 8, 9, 10, 11, 12, 13, 14, 15, 16, 17, 18, 19, 20, 21, 22, 23, 24, 25, 26, 27, 28, 29, 30, 31, 32, 33, 34, 35, 36, 37, 38, 39, 40, 41, 42, 43, 44, 45, 46, 47, 48, 49, 50, 51, 52, 53, 54, 55, 56, 57, 58, 59, 60, 61, 62, 63, 64, 65, 66, 67, 68, 69, 70, 71, 72, 73, 74, 75, 76, 77, 78, 79, 80, 81, 82, 83, 84, 86, 87, 88, 89, 90, 91, 92, 93, 94, 95, 96, 97, 98, 99]

-- Path iteration 23, λ = 5.055e+00 (r(λ) prev = 100)
  λ=5.000e+00 | Epoch   1 | lr=1.0000e-03 | Recon MSE=9.502564e-04 | ‖ω‖₁=5.598426e-01 | Non-zero modes: 99
  λ=5.000e+00 | Epoch  10 | lr=1.0000e-03 | Recon MSE=9.079184e-04 | ‖ω‖₁=5.565518e-01 | Non-zero modes: 99
  λ=5.000e+00 | Epoch  20 | lr=1.0000e-03 | Recon MSE=9.149570e-04 | ‖ω‖₁=5.536735e-01 | Non-zero modes: 99
  λ=5.000e+00 | Epoch  30 | lr=1.0000e-03 | Recon MSE=9.065681e-04 | ‖ω‖₁=5.530076e-01 | Non-zero modes: 97
  λ=5.000e+00 | Epoch  40 | lr=1.0000e-03 | Recon MSE=9.292767e-04 | ‖ω‖₁=5.521252e-01 | Non-zero modes: 95
  λ=5.000e+00 | Epoch  50 | lr=1.0000e-03 | Recon MSE=9.491984e-04 | ‖ω‖₁=5.500180e-01 | Non-zero modes: 95
  λ=5.000e+00 | Epoch  60 | lr=1.0000e-03 | Recon MSE=9.152204e-04 | ‖ω‖₁=5.483562e-01 | Non-zero modes: 94
  λ=5.000e+00 | Epoch  70 | lr=1.0000e-03 | Recon MSE=9.316351e-04 | ‖ω‖₁=5.470919e-01 | Non-zero modes: 93
  λ=5.000e+00 | Epoch  80 | lr=1.0000e-03 | Recon MSE=9.120713e-04 | ‖ω‖₁=5.468983e-01 | Non-zero modes: 93
  λ=5.000e+00 | Epoch  90 | lr=1.0000e-03 | Recon MSE=9.501990e-04 | ‖ω‖₁=5.467108e-01 | Non-zero modes: 93
  λ=5.000e+00 | Epoch 100 | lr=1.0000e-03 | Recon MSE=9.192429e-04 | ‖ω‖₁=5.467302e-01 | Non-zero modes: 93
  → at λ=5.055e+00: r(λ)=93
  → selected modes: [0, 1, 2, 3, 4, 5, 6, 7, 8, 9, 10, 11, 12, 13, 14, 15, 16, 17, 18, 19, 20, 21, 22, 23, 24, 25, 26, 27, 28, 29, 30, 31, 32, 33, 34, 35, 36, 37, 38, 39, 40, 41, 42, 43, 44, 45, 46, 47, 48, 49, 50, 51, 52, 53, 54, 55, 56, 57, 58, 59, 60, 61, 62, 63, 64, 65, 66, 67, 68, 69, 70, 71, 72, 73, 74, 75, 76, 77, 79, 80, 82, 84, 86, 87, 88, 89, 90, 91, 92, 93, 96, 97, 99]

-- Path iteration 24, λ = 5.058e+00 (r(λ) prev = 100)
  λ=5.000e+00 | Epoch   1 | lr=1.0000e-03 | Recon MSE=9.591965e-04 | ‖ω‖₁=5.511765e-01 | Non-zero modes: 93
  λ=5.000e+00 | Epoch  10 | lr=1.0000e-03 | Recon MSE=9.164742e-04 | ‖ω‖₁=5.460534e-01 | Non-zero modes: 93
  λ=5.000e+00 | Epoch  20 | lr=1.0000e-03 | Recon MSE=9.185374e-04 | ‖ω‖₁=5.458783e-01 | Non-zero modes: 90
  λ=5.000e+00 | Epoch  30 | lr=1.0000e-03 | Recon MSE=9.554518e-04 | ‖ω‖₁=5.440365e-01 | Non-zero modes: 90
  λ=5.000e+00 | Epoch  40 | lr=1.0000e-03 | Recon MSE=9.060839e-04 | ‖ω‖₁=5.436830e-01 | Non-zero modes: 89
  λ=5.000e+00 | Epoch  50 | lr=1.0000e-03 | Recon MSE=9.153292e-04 | ‖ω‖₁=5.425363e-01 | Non-zero modes: 89
  λ=5.000e+00 | Epoch  60 | lr=1.0000e-03 | Recon MSE=9.129990e-04 | ‖ω‖₁=5.408019e-01 | Non-zero modes: 89
  λ=5.000e+00 | Epoch  70 | lr=1.0000e-03 | Recon MSE=8.940320e-04 | ‖ω‖₁=5.413439e-01 | Non-zero modes: 89
  λ=5.000e+00 | Epoch  80 | lr=1.0000e-03 | Recon MSE=9.383265e-04 | ‖ω‖₁=5.419235e-01 | Non-zero modes: 88
  λ=5.000e+00 | Epoch  90 | lr=1.0000e-03 | Recon MSE=9.142884e-04 | ‖ω‖₁=5.408068e-01 | Non-zero modes: 88
  λ=5.000e+00 | Epoch 100 | lr=1.0000e-03 | Recon MSE=9.244939e-04 | ‖ω‖₁=5.378658e-01 | Non-zero modes: 88
  → at λ=5.058e+00: r(λ)=88
  → selected modes: [0, 1, 2, 3, 4, 5, 6, 7, 8, 9, 10, 11, 12, 13, 14, 15, 16, 17, 18, 19, 20, 21, 22, 23, 24, 25, 26, 27, 28, 29, 30, 31, 32, 33, 34, 35, 36, 37, 38, 39, 40, 41, 42, 43, 44, 45, 46, 47, 48, 49, 50, 51, 52, 53, 54, 55, 56, 57, 58, 59, 60, 61, 62, 63, 64, 65, 66, 67, 68, 69, 70, 71, 72, 73, 74, 77, 79, 80, 82, 84, 86, 87, 89, 90, 92, 93, 97, 99]

-- Path iteration 25, λ = 5.060e+00 (r(λ) prev = 100)
  λ=5.000e+00 | Epoch   1 | lr=1.0000e-03 | Recon MSE=9.617717e-04 | ‖ω‖₁=5.424832e-01 | Non-zero modes: 88
  λ=5.000e+00 | Epoch  10 | lr=1.0000e-03 | Recon MSE=8.930954e-04 | ‖ω‖₁=5.412278e-01 | Non-zero modes: 88
  λ=5.000e+00 | Epoch  20 | lr=1.0000e-03 | Recon MSE=9.238532e-04 | ‖ω‖₁=5.414591e-01 | Non-zero modes: 86
  λ=5.000e+00 | Epoch  30 | lr=1.0000e-03 | Recon MSE=9.512978e-04 | ‖ω‖₁=5.401283e-01 | Non-zero modes: 86
  λ=5.000e+00 | Epoch  40 | lr=1.0000e-03 | Recon MSE=9.076525e-04 | ‖ω‖₁=5.373566e-01 | Non-zero modes: 85
  λ=5.000e+00 | Epoch  50 | lr=1.0000e-03 | Recon MSE=9.625093e-04 | ‖ω‖₁=5.377440e-01 | Non-zero modes: 85
  λ=5.000e+00 | Epoch  60 | lr=1.0000e-03 | Recon MSE=9.394564e-04 | ‖ω‖₁=5.354159e-01 | Non-zero modes: 84
  λ=5.000e+00 | Epoch  70 | lr=1.0000e-03 | Recon MSE=9.347205e-04 | ‖ω‖₁=5.320756e-01 | Non-zero modes: 84
  λ=5.000e+00 | Epoch  80 | lr=1.0000e-03 | Recon MSE=9.543076e-04 | ‖ω‖₁=5.315945e-01 | Non-zero modes: 83
  λ=5.000e+00 | Epoch  90 | lr=1.0000e-03 | Recon MSE=9.107604e-04 | ‖ω‖₁=5.339395e-01 | Non-zero modes: 82
  λ=5.000e+00 | Epoch 100 | lr=1.0000e-03 | Recon MSE=9.599992e-04 | ‖ω‖₁=5.345672e-01 | Non-zero modes: 81
  → at λ=5.060e+00: r(λ)=81
  → selected modes: [0, 1, 2, 3, 4, 5, 6, 7, 8, 9, 10, 11, 12, 13, 14, 15, 16, 17, 18, 19, 20, 21, 22, 23, 24, 25, 26, 27, 28, 29, 30, 31, 32, 33, 34, 35, 36, 37, 38, 39, 40, 41, 42, 43, 44, 45, 46, 47, 48, 49, 50, 51, 52, 53, 54, 55, 56, 57, 58, 59, 60, 61, 62, 63, 64, 65, 66, 67, 68, 69, 70, 71, 72, 73, 77, 79, 82, 84, 87, 90, 97]

-- Path iteration 26, λ = 5.063e+00 (r(λ) prev = 100)
  λ=5.000e+00 | Epoch   1 | lr=1.0000e-03 | Recon MSE=9.563564e-04 | ‖ω‖₁=5.394454e-01 | Non-zero modes: 81
  λ=5.000e+00 | Epoch  10 | lr=1.0000e-03 | Recon MSE=9.719211e-04 | ‖ω‖₁=5.354296e-01 | Non-zero modes: 81
  λ=5.000e+00 | Epoch  20 | lr=1.0000e-03 | Recon MSE=9.672251e-04 | ‖ω‖₁=5.370013e-01 | Non-zero modes: 79
  λ=5.000e+00 | Epoch  30 | lr=1.0000e-03 | Recon MSE=9.362150e-04 | ‖ω‖₁=5.358198e-01 | Non-zero modes: 79
  λ=5.000e+00 | Epoch  40 | lr=1.0000e-03 | Recon MSE=9.410286e-04 | ‖ω‖₁=5.332206e-01 | Non-zero modes: 79
  λ=5.000e+00 | Epoch  50 | lr=1.0000e-03 | Recon MSE=9.093870e-04 | ‖ω‖₁=5.331095e-01 | Non-zero modes: 79
  λ=5.000e+00 | Epoch  60 | lr=1.0000e-03 | Recon MSE=9.168696e-04 | ‖ω‖₁=5.297396e-01 | Non-zero modes: 78
  λ=5.000e+00 | Epoch  70 | lr=1.0000e-03 | Recon MSE=9.320851e-04 | ‖ω‖₁=5.301467e-01 | Non-zero modes: 78
  λ=5.000e+00 | Epoch  80 | lr=1.0000e-03 | Recon MSE=9.088979e-04 | ‖ω‖₁=5.317482e-01 | Non-zero modes: 77
  λ=5.000e+00 | Epoch  90 | lr=1.0000e-03 | Recon MSE=9.545492e-04 | ‖ω‖₁=5.315537e-01 | Non-zero modes: 77
  λ=5.000e+00 | Epoch 100 | lr=1.0000e-03 | Recon MSE=9.903269e-04 | ‖ω‖₁=5.298211e-01 | Non-zero modes: 77
  → at λ=5.063e+00: r(λ)=77
  → selected modes: [0, 1, 2, 3, 4, 5, 6, 7, 8, 9, 10, 11, 12, 13, 14, 15, 16, 17, 18, 19, 20, 21, 22, 23, 24, 25, 26, 27, 28, 29, 30, 31, 32, 33, 34, 35, 36, 37, 38, 39, 40, 41, 42, 43, 44, 45, 46, 47, 48, 49, 50, 51, 52, 53, 54, 55, 56, 57, 58, 59, 60, 61, 62, 63, 64, 65, 66, 67, 68, 69, 70, 71, 72, 73, 77, 82, 84]

-- Path iteration 27, λ = 5.065e+00 (r(λ) prev = 100)
  λ=5.000e+00 | Epoch   1 | lr=1.0000e-03 | Recon MSE=9.204318e-04 | ‖ω‖₁=5.341623e-01 | Non-zero modes: 77
  λ=5.000e+00 | Epoch  10 | lr=1.0000e-03 | Recon MSE=9.260220e-04 | ‖ω‖₁=5.321908e-01 | Non-zero modes: 76
  λ=5.000e+00 | Epoch  20 | lr=1.0000e-03 | Recon MSE=9.354923e-04 | ‖ω‖₁=5.288225e-01 | Non-zero modes: 76
  λ=5.000e+00 | Epoch  30 | lr=1.0000e-03 | Recon MSE=9.554059e-04 | ‖ω‖₁=5.283110e-01 | Non-zero modes: 76
  λ=5.000e+00 | Epoch  40 | lr=1.0000e-03 | Recon MSE=9.176628e-04 | ‖ω‖₁=5.282159e-01 | Non-zero modes: 76
  λ=5.000e+00 | Epoch  50 | lr=1.0000e-03 | Recon MSE=9.222615e-04 | ‖ω‖₁=5.285740e-01 | Non-zero modes: 76
  λ=5.000e+00 | Epoch  60 | lr=1.0000e-03 | Recon MSE=9.754763e-04 | ‖ω‖₁=5.297926e-01 | Non-zero modes: 76
  λ=5.000e+00 | Epoch  70 | lr=1.0000e-03 | Recon MSE=9.321730e-04 | ‖ω‖₁=5.257301e-01 | Non-zero modes: 76
  λ=5.000e+00 | Epoch  80 | lr=1.0000e-03 | Recon MSE=9.020612e-04 | ‖ω‖₁=5.240126e-01 | Non-zero modes: 76
  λ=5.000e+00 | Epoch  90 | lr=1.0000e-03 | Recon MSE=9.493188e-04 | ‖ω‖₁=5.232953e-01 | Non-zero modes: 76
  λ=5.000e+00 | Epoch 100 | lr=1.0000e-03 | Recon MSE=9.167660e-04 | ‖ω‖₁=5.225611e-01 | Non-zero modes: 76
  → at λ=5.065e+00: r(λ)=76
  → selected modes: [0, 1, 2, 3, 4, 5, 6, 7, 8, 9, 10, 11, 12, 13, 14, 15, 16, 17, 18, 19, 20, 21, 22, 23, 24, 25, 26, 27, 28, 29, 30, 31, 32, 33, 34, 35, 36, 37, 38, 39, 40, 41, 42, 43, 44, 45, 46, 47, 48, 49, 50, 51, 52, 53, 54, 55, 56, 57, 58, 59, 60, 61, 62, 63, 64, 65, 66, 67, 68, 69, 70, 71, 72, 73, 77, 84]

-- Path iteration 28, λ = 5.068e+00 (r(λ) prev = 100)
  λ=5.000e+00 | Epoch   1 | lr=1.0000e-03 | Recon MSE=9.586856e-04 | ‖ω‖₁=5.277248e-01 | Non-zero modes: 76
  λ=5.000e+00 | Epoch  10 | lr=1.0000e-03 | Recon MSE=9.305597e-04 | ‖ω‖₁=5.241105e-01 | Non-zero modes: 76
  λ=5.000e+00 | Epoch  20 | lr=1.0000e-03 | Recon MSE=9.112069e-04 | ‖ω‖₁=5.254248e-01 | Non-zero modes: 76
  λ=5.000e+00 | Epoch  30 | lr=1.0000e-03 | Recon MSE=9.100951e-04 | ‖ω‖₁=5.253375e-01 | Non-zero modes: 75
  λ=5.000e+00 | Epoch  40 | lr=1.0000e-03 | Recon MSE=9.469005e-04 | ‖ω‖₁=5.240987e-01 | Non-zero modes: 75
  λ=5.000e+00 | Epoch  50 | lr=1.0000e-03 | Recon MSE=9.295955e-04 | ‖ω‖₁=5.237402e-01 | Non-zero modes: 75
  λ=5.000e+00 | Epoch  60 | lr=1.0000e-03 | Recon MSE=9.343644e-04 | ‖ω‖₁=5.227074e-01 | Non-zero modes: 74
  λ=5.000e+00 | Epoch  70 | lr=1.0000e-03 | Recon MSE=9.393874e-04 | ‖ω‖₁=5.218737e-01 | Non-zero modes: 74
  λ=5.000e+00 | Epoch  80 | lr=1.0000e-03 | Recon MSE=9.247103e-04 | ‖ω‖₁=5.209371e-01 | Non-zero modes: 74
  λ=5.000e+00 | Epoch  90 | lr=1.0000e-03 | Recon MSE=9.047545e-04 | ‖ω‖₁=5.205593e-01 | Non-zero modes: 74
  λ=5.000e+00 | Epoch 100 | lr=1.0000e-03 | Recon MSE=9.494133e-04 | ‖ω‖₁=5.182594e-01 | Non-zero modes: 74
  → at λ=5.068e+00: r(λ)=74
  → selected modes: [0, 1, 2, 3, 4, 5, 6, 7, 8, 9, 10, 11, 12, 13, 14, 15, 16, 17, 18, 19, 20, 21, 22, 23, 24, 25, 26, 27, 28, 29, 30, 31, 32, 33, 34, 35, 36, 37, 38, 39, 40, 41, 42, 43, 44, 45, 46, 47, 48, 49, 50, 51, 52, 53, 54, 55, 56, 57, 58, 59, 60, 61, 62, 63, 64, 65, 66, 67, 68, 69, 70, 71, 72, 73]

-- Path iteration 29, λ = 5.070e+00 (r(λ) prev = 100)
  λ=5.000e+00 | Epoch   1 | lr=1.0000e-03 | Recon MSE=9.317329e-04 | ‖ω‖₁=5.222416e-01 | Non-zero modes: 74
  λ=5.000e+00 | Epoch  10 | lr=1.0000e-03 | Recon MSE=8.844926e-04 | ‖ω‖₁=5.197190e-01 | Non-zero modes: 74
  λ=5.000e+00 | Epoch  20 | lr=1.0000e-03 | Recon MSE=9.283193e-04 | ‖ω‖₁=5.195809e-01 | Non-zero modes: 74
  λ=5.000e+00 | Epoch  30 | lr=1.0000e-03 | Recon MSE=9.227077e-04 | ‖ω‖₁=5.192626e-01 | Non-zero modes: 74
  λ=5.000e+00 | Epoch  40 | lr=1.0000e-03 | Recon MSE=8.743794e-04 | ‖ω‖₁=5.170581e-01 | Non-zero modes: 73
  λ=5.000e+00 | Epoch  50 | lr=1.0000e-03 | Recon MSE=9.290480e-04 | ‖ω‖₁=5.149817e-01 | Non-zero modes: 73
  λ=5.000e+00 | Epoch  60 | lr=1.0000e-03 | Recon MSE=9.319955e-04 | ‖ω‖₁=5.149025e-01 | Non-zero modes: 73
  λ=5.000e+00 | Epoch  70 | lr=1.0000e-03 | Recon MSE=9.437479e-04 | ‖ω‖₁=5.153823e-01 | Non-zero modes: 73
  λ=5.000e+00 | Epoch  80 | lr=1.0000e-03 | Recon MSE=9.626019e-04 | ‖ω‖₁=5.156432e-01 | Non-zero modes: 73
  λ=5.000e+00 | Epoch  90 | lr=1.0000e-03 | Recon MSE=9.036622e-04 | ‖ω‖₁=5.154147e-01 | Non-zero modes: 73
  λ=5.000e+00 | Epoch 100 | lr=1.0000e-03 | Recon MSE=8.893911e-04 | ‖ω‖₁=5.160814e-01 | Non-zero modes: 73
  → at λ=5.070e+00: r(λ)=73
  → selected modes: [0, 1, 2, 3, 4, 5, 6, 7, 8, 9, 10, 11, 12, 13, 14, 15, 16, 17, 18, 19, 20, 21, 22, 23, 24, 25, 26, 27, 28, 29, 30, 31, 32, 33, 34, 35, 36, 37, 38, 39, 40, 41, 42, 43, 44, 45, 46, 47, 48, 49, 50, 51, 52, 53, 54, 55, 56, 57, 58, 59, 60, 61, 62, 63, 64, 65, 66, 67, 68, 69, 70, 71, 73]

-- Path iteration 30, λ = 5.073e+00 (r(λ) prev = 100)
  λ=5.000e+00 | Epoch   1 | lr=1.0000e-03 | Recon MSE=9.497071e-04 | ‖ω‖₁=5.202082e-01 | Non-zero modes: 73
  λ=5.000e+00 | Epoch  10 | lr=1.0000e-03 | Recon MSE=9.520870e-04 | ‖ω‖₁=5.173602e-01 | Non-zero modes: 73
  λ=5.000e+00 | Epoch  20 | lr=1.0000e-03 | Recon MSE=8.873187e-04 | ‖ω‖₁=5.137915e-01 | Non-zero modes: 73
  λ=5.000e+00 | Epoch  30 | lr=1.0000e-03 | Recon MSE=9.074899e-04 | ‖ω‖₁=5.154036e-01 | Non-zero modes: 73
  λ=5.000e+00 | Epoch  40 | lr=1.0000e-03 | Recon MSE=9.025684e-04 | ‖ω‖₁=5.140957e-01 | Non-zero modes: 73
  λ=5.000e+00 | Epoch  50 | lr=1.0000e-03 | Recon MSE=9.326563e-04 | ‖ω‖₁=5.136200e-01 | Non-zero modes: 73
  λ=5.000e+00 | Epoch  60 | lr=1.0000e-03 | Recon MSE=8.949072e-04 | ‖ω‖₁=5.149975e-01 | Non-zero modes: 73
  λ=5.000e+00 | Epoch  70 | lr=1.0000e-03 | Recon MSE=9.540630e-04 | ‖ω‖₁=5.151436e-01 | Non-zero modes: 73
  λ=5.000e+00 | Epoch  80 | lr=1.0000e-03 | Recon MSE=9.238039e-04 | ‖ω‖₁=5.144773e-01 | Non-zero modes: 73
  λ=5.000e+00 | Epoch  90 | lr=1.0000e-03 | Recon MSE=9.407516e-04 | ‖ω‖₁=5.165080e-01 | Non-zero modes: 73
  λ=5.000e+00 | Epoch 100 | lr=1.0000e-03 | Recon MSE=9.111241e-04 | ‖ω‖₁=5.141447e-01 | Non-zero modes: 73
Number of selected modes unchanged for 1 consecutive iterations.
  → at λ=5.073e+00: r(λ)=73
  → selected modes: [0, 1, 2, 3, 4, 5, 6, 7, 8, 9, 10, 11, 12, 13, 14, 15, 16, 17, 18, 19, 20, 21, 22, 23, 24, 25, 26, 27, 28, 29, 30, 31, 32, 33, 34, 35, 36, 37, 38, 39, 40, 41, 42, 43, 44, 45, 46, 47, 48, 49, 50, 51, 52, 53, 54, 55, 56, 57, 58, 59, 60, 61, 62, 63, 64, 65, 66, 67, 68, 69, 70, 71, 73]

-- Path iteration 31, λ = 5.076e+00 (r(λ) prev = 100)
  λ=5.000e+00 | Epoch   1 | lr=1.0000e-03 | Recon MSE=9.740549e-04 | ‖ω‖₁=5.186498e-01 | Non-zero modes: 73
  λ=5.000e+00 | Epoch  10 | lr=1.0000e-03 | Recon MSE=9.131051e-04 | ‖ω‖₁=5.144855e-01 | Non-zero modes: 73
  λ=5.000e+00 | Epoch  20 | lr=1.0000e-03 | Recon MSE=9.164946e-04 | ‖ω‖₁=5.138276e-01 | Non-zero modes: 73
  λ=5.000e+00 | Epoch  30 | lr=1.0000e-03 | Recon MSE=9.195668e-04 | ‖ω‖₁=5.119412e-01 | Non-zero modes: 73
  λ=5.000e+00 | Epoch  40 | lr=1.0000e-03 | Recon MSE=9.346286e-04 | ‖ω‖₁=5.105873e-01 | Non-zero modes: 73
  λ=5.000e+00 | Epoch  50 | lr=1.0000e-03 | Recon MSE=9.496982e-04 | ‖ω‖₁=5.104152e-01 | Non-zero modes: 73
  λ=5.000e+00 | Epoch  60 | lr=1.0000e-03 | Recon MSE=9.256330e-04 | ‖ω‖₁=5.107450e-01 | Non-zero modes: 73
  λ=5.000e+00 | Epoch  70 | lr=1.0000e-03 | Recon MSE=8.987541e-04 | ‖ω‖₁=5.097327e-01 | Non-zero modes: 73
  λ=5.000e+00 | Epoch  80 | lr=1.0000e-03 | Recon MSE=9.265441e-04 | ‖ω‖₁=5.073488e-01 | Non-zero modes: 73
  λ=5.000e+00 | Epoch  90 | lr=1.0000e-03 | Recon MSE=9.139063e-04 | ‖ω‖₁=5.093946e-01 | Non-zero modes: 73
  λ=5.000e+00 | Epoch 100 | lr=1.0000e-03 | Recon MSE=9.494566e-04 | ‖ω‖₁=5.086677e-01 | Non-zero modes: 73
Number of selected modes unchanged for 2 consecutive iterations.
  → at λ=5.076e+00: r(λ)=73
  → selected modes: [0, 1, 2, 3, 4, 5, 6, 7, 8, 9, 10, 11, 12, 13, 14, 15, 16, 17, 18, 19, 20, 21, 22, 23, 24, 25, 26, 27, 28, 29, 30, 31, 32, 33, 34, 35, 36, 37, 38, 39, 40, 41, 42, 43, 44, 45, 46, 47, 48, 49, 50, 51, 52, 53, 54, 55, 56, 57, 58, 59, 60, 61, 62, 63, 64, 65, 66, 67, 68, 69, 70, 71, 73]

-- Path iteration 32, λ = 5.078e+00 (r(λ) prev = 100)
  λ=5.000e+00 | Epoch   1 | lr=1.0000e-03 | Recon MSE=9.511318e-04 | ‖ω‖₁=5.130761e-01 | Non-zero modes: 73
  λ=5.000e+00 | Epoch  10 | lr=1.0000e-03 | Recon MSE=9.229927e-04 | ‖ω‖₁=5.079843e-01 | Non-zero modes: 72
  λ=5.000e+00 | Epoch  20 | lr=1.0000e-03 | Recon MSE=8.656485e-04 | ‖ω‖₁=5.061177e-01 | Non-zero modes: 72
  λ=5.000e+00 | Epoch  30 | lr=1.0000e-03 | Recon MSE=9.325657e-04 | ‖ω‖₁=5.063300e-01 | Non-zero modes: 72
  λ=5.000e+00 | Epoch  40 | lr=1.0000e-03 | Recon MSE=9.553196e-04 | ‖ω‖₁=5.054989e-01 | Non-zero modes: 72
  λ=5.000e+00 | Epoch  50 | lr=1.0000e-03 | Recon MSE=9.222156e-04 | ‖ω‖₁=5.060368e-01 | Non-zero modes: 72
  λ=5.000e+00 | Epoch  60 | lr=1.0000e-03 | Recon MSE=9.376202e-04 | ‖ω‖₁=5.066971e-01 | Non-zero modes: 72
  λ=5.000e+00 | Epoch  70 | lr=1.0000e-03 | Recon MSE=9.177836e-04 | ‖ω‖₁=5.065441e-01 | Non-zero modes: 72
  λ=5.000e+00 | Epoch  80 | lr=1.0000e-03 | Recon MSE=9.065742e-04 | ‖ω‖₁=5.056303e-01 | Non-zero modes: 72
  λ=5.000e+00 | Epoch  90 | lr=1.0000e-03 | Recon MSE=8.983262e-04 | ‖ω‖₁=5.047116e-01 | Non-zero modes: 72
  λ=5.000e+00 | Epoch 100 | lr=1.0000e-03 | Recon MSE=9.512359e-04 | ‖ω‖₁=5.056105e-01 | Non-zero modes: 72
  → at λ=5.078e+00: r(λ)=72
  → selected modes: [0, 1, 2, 3, 4, 5, 6, 7, 8, 9, 10, 11, 12, 13, 14, 15, 16, 17, 18, 19, 20, 21, 22, 23, 24, 25, 26, 27, 28, 29, 30, 31, 32, 33, 34, 35, 36, 37, 38, 39, 40, 41, 42, 43, 44, 45, 46, 47, 48, 49, 50, 51, 52, 53, 54, 55, 56, 57, 58, 59, 60, 61, 62, 63, 64, 65, 66, 67, 68, 69, 70, 71]

-- Path iteration 33, λ = 5.081e+00 (r(λ) prev = 100)
  λ=5.000e+00 | Epoch   1 | lr=1.0000e-03 | Recon MSE=9.525937e-04 | ‖ω‖₁=5.100281e-01 | Non-zero modes: 72
  λ=5.000e+00 | Epoch  10 | lr=1.0000e-03 | Recon MSE=9.187279e-04 | ‖ω‖₁=5.092612e-01 | Non-zero modes: 72
  λ=5.000e+00 | Epoch  20 | lr=1.0000e-03 | Recon MSE=9.187956e-04 | ‖ω‖₁=5.104374e-01 | Non-zero modes: 72
  λ=5.000e+00 | Epoch  30 | lr=1.0000e-03 | Recon MSE=9.226371e-04 | ‖ω‖₁=5.088172e-01 | Non-zero modes: 72
  λ=5.000e+00 | Epoch  40 | lr=1.0000e-03 | Recon MSE=9.023972e-04 | ‖ω‖₁=5.081765e-01 | Non-zero modes: 72
  λ=5.000e+00 | Epoch  50 | lr=1.0000e-03 | Recon MSE=9.423790e-04 | ‖ω‖₁=5.086919e-01 | Non-zero modes: 72
  λ=5.000e+00 | Epoch  60 | lr=1.0000e-03 | Recon MSE=9.339135e-04 | ‖ω‖₁=5.067947e-01 | Non-zero modes: 72
  λ=5.000e+00 | Epoch  70 | lr=1.0000e-03 | Recon MSE=9.010094e-04 | ‖ω‖₁=5.063737e-01 | Non-zero modes: 72
  λ=5.000e+00 | Epoch  80 | lr=1.0000e-03 | Recon MSE=9.222642e-04 | ‖ω‖₁=5.030034e-01 | Non-zero modes: 72
  λ=5.000e+00 | Epoch  90 | lr=1.0000e-03 | Recon MSE=9.190576e-04 | ‖ω‖₁=5.040981e-01 | Non-zero modes: 72
  λ=5.000e+00 | Epoch 100 | lr=1.0000e-03 | Recon MSE=9.429114e-04 | ‖ω‖₁=5.051406e-01 | Non-zero modes: 72
Number of selected modes unchanged for 1 consecutive iterations.
  → at λ=5.081e+00: r(λ)=72
  → selected modes: [0, 1, 2, 3, 4, 5, 6, 7, 8, 9, 10, 11, 12, 13, 14, 15, 16, 17, 18, 19, 20, 21, 22, 23, 24, 25, 26, 27, 28, 29, 30, 31, 32, 33, 34, 35, 36, 37, 38, 39, 40, 41, 42, 43, 44, 45, 46, 47, 48, 49, 50, 51, 52, 53, 54, 55, 56, 57, 58, 59, 60, 61, 62, 63, 64, 65, 66, 67, 68, 69, 70, 71]

-- Path iteration 34, λ = 5.083e+00 (r(λ) prev = 100)
  λ=5.000e+00 | Epoch   1 | lr=1.0000e-03 | Recon MSE=9.643199e-04 | ‖ω‖₁=5.090757e-01 | Non-zero modes: 72
  λ=5.000e+00 | Epoch  10 | lr=1.0000e-03 | Recon MSE=9.105528e-04 | ‖ω‖₁=5.051296e-01 | Non-zero modes: 72
  λ=5.000e+00 | Epoch  20 | lr=1.0000e-03 | Recon MSE=9.131579e-04 | ‖ω‖₁=5.048010e-01 | Non-zero modes: 72
  λ=5.000e+00 | Epoch  30 | lr=1.0000e-03 | Recon MSE=9.237239e-04 | ‖ω‖₁=5.051043e-01 | Non-zero modes: 72
  λ=5.000e+00 | Epoch  40 | lr=1.0000e-03 | Recon MSE=9.087256e-04 | ‖ω‖₁=5.021225e-01 | Non-zero modes: 72
  λ=5.000e+00 | Epoch  50 | lr=1.0000e-03 | Recon MSE=9.564198e-04 | ‖ω‖₁=5.024147e-01 | Non-zero modes: 72
  λ=5.000e+00 | Epoch  60 | lr=1.0000e-03 | Recon MSE=9.733129e-04 | ‖ω‖₁=5.030081e-01 | Non-zero modes: 72
  λ=5.000e+00 | Epoch  70 | lr=1.0000e-03 | Recon MSE=8.791641e-04 | ‖ω‖₁=5.025529e-01 | Non-zero modes: 72
  λ=5.000e+00 | Epoch  80 | lr=1.0000e-03 | Recon MSE=9.112673e-04 | ‖ω‖₁=5.036968e-01 | Non-zero modes: 72
  λ=5.000e+00 | Epoch  90 | lr=1.0000e-03 | Recon MSE=9.836397e-04 | ‖ω‖₁=5.026124e-01 | Non-zero modes: 72
  λ=5.000e+00 | Epoch 100 | lr=1.0000e-03 | Recon MSE=9.070965e-04 | ‖ω‖₁=5.028419e-01 | Non-zero modes: 72
Number of selected modes unchanged for 2 consecutive iterations.
  → at λ=5.083e+00: r(λ)=72
  → selected modes: [0, 1, 2, 3, 4, 5, 6, 7, 8, 9, 10, 11, 12, 13, 14, 15, 16, 17, 18, 19, 20, 21, 22, 23, 24, 25, 26, 27, 28, 29, 30, 31, 32, 33, 34, 35, 36, 37, 38, 39, 40, 41, 42, 43, 44, 45, 46, 47, 48, 49, 50, 51, 52, 53, 54, 55, 56, 57, 58, 59, 60, 61, 62, 63, 64, 65, 66, 67, 68, 69, 70, 71]

-- Path iteration 35, λ = 5.086e+00 (r(λ) prev = 100)
  λ=5.000e+00 | Epoch   1 | lr=1.0000e-03 | Recon MSE=9.393500e-04 | ‖ω‖₁=5.070275e-01 | Non-zero modes: 72
  λ=5.000e+00 | Epoch  10 | lr=1.0000e-03 | Recon MSE=9.248088e-04 | ‖ω‖₁=5.032250e-01 | Non-zero modes: 72
  λ=5.000e+00 | Epoch  20 | lr=1.0000e-03 | Recon MSE=9.378991e-04 | ‖ω‖₁=5.017181e-01 | Non-zero modes: 72
  λ=5.000e+00 | Epoch  30 | lr=1.0000e-03 | Recon MSE=9.053697e-04 | ‖ω‖₁=5.014688e-01 | Non-zero modes: 72
  λ=5.000e+00 | Epoch  40 | lr=1.0000e-03 | Recon MSE=9.064801e-04 | ‖ω‖₁=5.011161e-01 | Non-zero modes: 72
  λ=5.000e+00 | Epoch  50 | lr=1.0000e-03 | Recon MSE=9.155138e-04 | ‖ω‖₁=5.018812e-01 | Non-zero modes: 72
  λ=5.000e+00 | Epoch  60 | lr=1.0000e-03 | Recon MSE=9.324332e-04 | ‖ω‖₁=5.034085e-01 | Non-zero modes: 72
  λ=5.000e+00 | Epoch  70 | lr=1.0000e-03 | Recon MSE=9.468608e-04 | ‖ω‖₁=5.014516e-01 | Non-zero modes: 72
  λ=5.000e+00 | Epoch  80 | lr=1.0000e-03 | Recon MSE=9.448487e-04 | ‖ω‖₁=5.025144e-01 | Non-zero modes: 72
  λ=5.000e+00 | Epoch  90 | lr=1.0000e-03 | Recon MSE=9.373054e-04 | ‖ω‖₁=5.018519e-01 | Non-zero modes: 72
  λ=5.000e+00 | Epoch 100 | lr=1.0000e-03 | Recon MSE=9.112088e-04 | ‖ω‖₁=5.009430e-01 | Non-zero modes: 72
Number of selected modes unchanged for 3 consecutive iterations.
  → at λ=5.086e+00: r(λ)=72
  → selected modes: [0, 1, 2, 3, 4, 5, 6, 7, 8, 9, 10, 11, 12, 13, 14, 15, 16, 17, 18, 19, 20, 21, 22, 23, 24, 25, 26, 27, 28, 29, 30, 31, 32, 33, 34, 35, 36, 37, 38, 39, 40, 41, 42, 43, 44, 45, 46, 47, 48, 49, 50, 51, 52, 53, 54, 55, 56, 57, 58, 59, 60, 61, 62, 63, 64, 65, 66, 67, 68, 69, 70, 71]

-- Path iteration 36, λ = 5.088e+00 (r(λ) prev = 100)
  λ=5.000e+00 | Epoch   1 | lr=1.0000e-03 | Recon MSE=9.625098e-04 | ‖ω‖₁=5.047484e-01 | Non-zero modes: 72
  λ=5.000e+00 | Epoch  10 | lr=1.0000e-03 | Recon MSE=9.196680e-04 | ‖ω‖₁=5.050245e-01 | Non-zero modes: 72
  λ=5.000e+00 | Epoch  20 | lr=1.0000e-03 | Recon MSE=9.366459e-04 | ‖ω‖₁=5.022099e-01 | Non-zero modes: 72
  λ=5.000e+00 | Epoch  30 | lr=1.0000e-03 | Recon MSE=9.127842e-04 | ‖ω‖₁=5.000251e-01 | Non-zero modes: 72
  λ=5.000e+00 | Epoch  40 | lr=1.0000e-03 | Recon MSE=9.634841e-04 | ‖ω‖₁=5.017870e-01 | Non-zero modes: 72
  λ=5.000e+00 | Epoch  50 | lr=1.0000e-03 | Recon MSE=8.913696e-04 | ‖ω‖₁=5.005709e-01 | Non-zero modes: 72
  λ=5.000e+00 | Epoch  60 | lr=1.0000e-03 | Recon MSE=9.188267e-04 | ‖ω‖₁=5.004364e-01 | Non-zero modes: 72
  λ=5.000e+00 | Epoch  70 | lr=1.0000e-03 | Recon MSE=9.517540e-04 | ‖ω‖₁=4.998414e-01 | Non-zero modes: 72
  λ=5.000e+00 | Epoch  80 | lr=1.0000e-03 | Recon MSE=9.197878e-04 | ‖ω‖₁=5.014248e-01 | Non-zero modes: 72
  λ=5.000e+00 | Epoch  90 | lr=1.0000e-03 | Recon MSE=9.119582e-04 | ‖ω‖₁=5.026552e-01 | Non-zero modes: 72
  λ=5.000e+00 | Epoch 100 | lr=1.0000e-03 | Recon MSE=9.297103e-04 | ‖ω‖₁=5.032713e-01 | Non-zero modes: 72
Number of selected modes unchanged for 4 consecutive iterations.
  → at λ=5.088e+00: r(λ)=72
  → selected modes: [0, 1, 2, 3, 4, 5, 6, 7, 8, 9, 10, 11, 12, 13, 14, 15, 16, 17, 18, 19, 20, 21, 22, 23, 24, 25, 26, 27, 28, 29, 30, 31, 32, 33, 34, 35, 36, 37, 38, 39, 40, 41, 42, 43, 44, 45, 46, 47, 48, 49, 50, 51, 52, 53, 54, 55, 56, 57, 58, 59, 60, 61, 62, 63, 64, 65, 66, 67, 68, 69, 70, 71]

-- Path iteration 37, λ = 5.091e+00 (r(λ) prev = 100)
  λ=5.000e+00 | Epoch   1 | lr=1.0000e-03 | Recon MSE=8.912523e-04 | ‖ω‖₁=5.069690e-01 | Non-zero modes: 72
  λ=5.000e+00 | Epoch  10 | lr=1.0000e-03 | Recon MSE=8.966276e-04 | ‖ω‖₁=5.020817e-01 | Non-zero modes: 72
  λ=5.000e+00 | Epoch  20 | lr=1.0000e-03 | Recon MSE=9.193874e-04 | ‖ω‖₁=5.016663e-01 | Non-zero modes: 72
  λ=5.000e+00 | Epoch  30 | lr=1.0000e-03 | Recon MSE=9.442172e-04 | ‖ω‖₁=4.988974e-01 | Non-zero modes: 72
  λ=5.000e+00 | Epoch  40 | lr=1.0000e-03 | Recon MSE=9.725698e-04 | ‖ω‖₁=5.019804e-01 | Non-zero modes: 72
  λ=5.000e+00 | Epoch  50 | lr=1.0000e-03 | Recon MSE=9.401645e-04 | ‖ω‖₁=4.996330e-01 | Non-zero modes: 72
  λ=5.000e+00 | Epoch  60 | lr=1.0000e-03 | Recon MSE=9.202011e-04 | ‖ω‖₁=4.972809e-01 | Non-zero modes: 72
  λ=5.000e+00 | Epoch  70 | lr=1.0000e-03 | Recon MSE=9.688618e-04 | ‖ω‖₁=4.996031e-01 | Non-zero modes: 72
  λ=5.000e+00 | Epoch  80 | lr=1.0000e-03 | Recon MSE=9.131293e-04 | ‖ω‖₁=5.015028e-01 | Non-zero modes: 72
  λ=5.000e+00 | Epoch  90 | lr=1.0000e-03 | Recon MSE=9.615773e-04 | ‖ω‖₁=4.989362e-01 | Non-zero modes: 72
  λ=5.000e+00 | Epoch 100 | lr=1.0000e-03 | Recon MSE=9.258865e-04 | ‖ω‖₁=5.008173e-01 | Non-zero modes: 72
Number of selected modes unchanged for 5 consecutive iterations.
  → at λ=5.091e+00: r(λ)=72
  → selected modes: [0, 1, 2, 3, 4, 5, 6, 7, 8, 9, 10, 11, 12, 13, 14, 15, 16, 17, 18, 19, 20, 21, 22, 23, 24, 25, 26, 27, 28, 29, 30, 31, 32, 33, 34, 35, 36, 37, 38, 39, 40, 41, 42, 43, 44, 45, 46, 47, 48, 49, 50, 51, 52, 53, 54, 55, 56, 57, 58, 59, 60, 61, 62, 63, 64, 65, 66, 67, 68, 69, 70, 71]

-- Path iteration 38, λ = 5.093e+00 (r(λ) prev = 100)
  λ=5.000e+00 | Epoch   1 | lr=1.0000e-03 | Recon MSE=9.052671e-04 | ‖ω‖₁=5.044583e-01 | Non-zero modes: 72
  λ=5.000e+00 | Epoch  10 | lr=1.0000e-03 | Recon MSE=9.077733e-04 | ‖ω‖₁=5.023514e-01 | Non-zero modes: 72
  λ=5.000e+00 | Epoch  20 | lr=1.0000e-03 | Recon MSE=9.449836e-04 | ‖ω‖₁=4.974093e-01 | Non-zero modes: 72
  λ=5.000e+00 | Epoch  30 | lr=1.0000e-03 | Recon MSE=9.341981e-04 | ‖ω‖₁=4.985083e-01 | Non-zero modes: 72
  λ=5.000e+00 | Epoch  40 | lr=1.0000e-03 | Recon MSE=9.222068e-04 | ‖ω‖₁=4.984540e-01 | Non-zero modes: 72
  λ=5.000e+00 | Epoch  50 | lr=1.0000e-03 | Recon MSE=9.648786e-04 | ‖ω‖₁=4.976460e-01 | Non-zero modes: 72
  λ=5.000e+00 | Epoch  60 | lr=1.0000e-03 | Recon MSE=9.119058e-04 | ‖ω‖₁=4.985919e-01 | Non-zero modes: 72
  λ=5.000e+00 | Epoch  70 | lr=1.0000e-03 | Recon MSE=9.129168e-04 | ‖ω‖₁=4.990726e-01 | Non-zero modes: 72
  λ=5.000e+00 | Epoch  80 | lr=1.0000e-03 | Recon MSE=9.464369e-04 | ‖ω‖₁=4.977208e-01 | Non-zero modes: 72
  λ=5.000e+00 | Epoch  90 | lr=1.0000e-03 | Recon MSE=9.149757e-04 | ‖ω‖₁=4.959985e-01 | Non-zero modes: 72
  λ=5.000e+00 | Epoch 100 | lr=1.0000e-03 | Recon MSE=9.166299e-04 | ‖ω‖₁=4.945873e-01 | Non-zero modes: 72
Number of selected modes unchanged for 6 consecutive iterations.
  → at λ=5.093e+00: r(λ)=72
  → selected modes: [0, 1, 2, 3, 4, 5, 6, 7, 8, 9, 10, 11, 12, 13, 14, 15, 16, 17, 18, 19, 20, 21, 22, 23, 24, 25, 26, 27, 28, 29, 30, 31, 32, 33, 34, 35, 36, 37, 38, 39, 40, 41, 42, 43, 44, 45, 46, 47, 48, 49, 50, 51, 52, 53, 54, 55, 56, 57, 58, 59, 60, 61, 62, 63, 64, 65, 66, 67, 68, 69, 70, 71]

-- Path iteration 39, λ = 5.096e+00 (r(λ) prev = 100)
  λ=5.000e+00 | Epoch   1 | lr=1.0000e-03 | Recon MSE=9.397109e-04 | ‖ω‖₁=4.995082e-01 | Non-zero modes: 72
  λ=5.000e+00 | Epoch  10 | lr=1.0000e-03 | Recon MSE=9.088661e-04 | ‖ω‖₁=4.979415e-01 | Non-zero modes: 72
  λ=5.000e+00 | Epoch  20 | lr=1.0000e-03 | Recon MSE=9.225462e-04 | ‖ω‖₁=4.967096e-01 | Non-zero modes: 72
  λ=5.000e+00 | Epoch  30 | lr=1.0000e-03 | Recon MSE=9.128417e-04 | ‖ω‖₁=4.948402e-01 | Non-zero modes: 72
  λ=5.000e+00 | Epoch  40 | lr=1.0000e-03 | Recon MSE=8.993389e-04 | ‖ω‖₁=4.924062e-01 | Non-zero modes: 72
  λ=5.000e+00 | Epoch  50 | lr=1.0000e-03 | Recon MSE=9.344232e-04 | ‖ω‖₁=4.921831e-01 | Non-zero modes: 72
  λ=5.000e+00 | Epoch  60 | lr=1.0000e-03 | Recon MSE=9.184082e-04 | ‖ω‖₁=4.925991e-01 | Non-zero modes: 72
  λ=5.000e+00 | Epoch  70 | lr=1.0000e-03 | Recon MSE=9.298997e-04 | ‖ω‖₁=4.922366e-01 | Non-zero modes: 72
  λ=5.000e+00 | Epoch  80 | lr=1.0000e-03 | Recon MSE=9.194651e-04 | ‖ω‖₁=4.909502e-01 | Non-zero modes: 72
  λ=5.000e+00 | Epoch  90 | lr=1.0000e-03 | Recon MSE=9.457017e-04 | ‖ω‖₁=4.923818e-01 | Non-zero modes: 72
  λ=5.000e+00 | Epoch 100 | lr=1.0000e-03 | Recon MSE=8.991796e-04 | ‖ω‖₁=4.911958e-01 | Non-zero modes: 72
Number of selected modes unchanged for 7 consecutive iterations.
  → at λ=5.096e+00: r(λ)=72
  → selected modes: [0, 1, 2, 3, 4, 5, 6, 7, 8, 9, 10, 11, 12, 13, 14, 15, 16, 17, 18, 19, 20, 21, 22, 23, 24, 25, 26, 27, 28, 29, 30, 31, 32, 33, 34, 35, 36, 37, 38, 39, 40, 41, 42, 43, 44, 45, 46, 47, 48, 49, 50, 51, 52, 53, 54, 55, 56, 57, 58, 59, 60, 61, 62, 63, 64, 65, 66, 67, 68, 69, 70, 71]

-- Path iteration 40, λ = 5.098e+00 (r(λ) prev = 100)
  λ=5.000e+00 | Epoch   1 | lr=1.0000e-03 | Recon MSE=9.425454e-04 | ‖ω‖₁=4.972836e-01 | Non-zero modes: 72
  λ=5.000e+00 | Epoch  10 | lr=1.0000e-03 | Recon MSE=9.273978e-04 | ‖ω‖₁=4.933142e-01 | Non-zero modes: 72
  λ=5.000e+00 | Epoch  20 | lr=1.0000e-03 | Recon MSE=9.021065e-04 | ‖ω‖₁=4.923605e-01 | Non-zero modes: 72
  λ=5.000e+00 | Epoch  30 | lr=1.0000e-03 | Recon MSE=9.007052e-04 | ‖ω‖₁=4.927109e-01 | Non-zero modes: 72
  λ=5.000e+00 | Epoch  40 | lr=1.0000e-03 | Recon MSE=9.241438e-04 | ‖ω‖₁=4.917380e-01 | Non-zero modes: 72
  λ=5.000e+00 | Epoch  50 | lr=1.0000e-03 | Recon MSE=9.244066e-04 | ‖ω‖₁=4.920790e-01 | Non-zero modes: 72
  λ=5.000e+00 | Epoch  60 | lr=1.0000e-03 | Recon MSE=9.447874e-04 | ‖ω‖₁=4.920885e-01 | Non-zero modes: 72
  λ=5.000e+00 | Epoch  70 | lr=1.0000e-03 | Recon MSE=9.159761e-04 | ‖ω‖₁=4.935648e-01 | Non-zero modes: 72
  λ=5.000e+00 | Epoch  80 | lr=1.0000e-03 | Recon MSE=9.109695e-04 | ‖ω‖₁=4.934334e-01 | Non-zero modes: 72
  λ=5.000e+00 | Epoch  90 | lr=1.0000e-03 | Recon MSE=9.303649e-04 | ‖ω‖₁=4.921134e-01 | Non-zero modes: 72
  λ=5.000e+00 | Epoch 100 | lr=1.0000e-03 | Recon MSE=9.510429e-04 | ‖ω‖₁=4.935753e-01 | Non-zero modes: 72
Number of selected modes unchanged for 8 consecutive iterations.
  → at λ=5.098e+00: r(λ)=72
  → selected modes: [0, 1, 2, 3, 4, 5, 6, 7, 8, 9, 10, 11, 12, 13, 14, 15, 16, 17, 18, 19, 20, 21, 22, 23, 24, 25, 26, 27, 28, 29, 30, 31, 32, 33, 34, 35, 36, 37, 38, 39, 40, 41, 42, 43, 44, 45, 46, 47, 48, 49, 50, 51, 52, 53, 54, 55, 56, 57, 58, 59, 60, 61, 62, 63, 64, 65, 66, 67, 68, 69, 70, 71]

-- Path iteration 41, λ = 5.101e+00 (r(λ) prev = 100)
  λ=5.000e+00 | Epoch   1 | lr=1.0000e-03 | Recon MSE=9.651576e-04 | ‖ω‖₁=4.969917e-01 | Non-zero modes: 72
  λ=5.000e+00 | Epoch  10 | lr=1.0000e-03 | Recon MSE=9.032186e-04 | ‖ω‖₁=4.927194e-01 | Non-zero modes: 72
  λ=5.000e+00 | Epoch  20 | lr=1.0000e-03 | Recon MSE=9.220184e-04 | ‖ω‖₁=4.906199e-01 | Non-zero modes: 72
  λ=5.000e+00 | Epoch  30 | lr=1.0000e-03 | Recon MSE=9.510583e-04 | ‖ω‖₁=4.897992e-01 | Non-zero modes: 72
  λ=5.000e+00 | Epoch  40 | lr=1.0000e-03 | Recon MSE=8.834659e-04 | ‖ω‖₁=4.920957e-01 | Non-zero modes: 72
  λ=5.000e+00 | Epoch  50 | lr=1.0000e-03 | Recon MSE=9.130104e-04 | ‖ω‖₁=4.935263e-01 | Non-zero modes: 72
  λ=5.000e+00 | Epoch  60 | lr=1.0000e-03 | Recon MSE=9.444201e-04 | ‖ω‖₁=4.923991e-01 | Non-zero modes: 72
  λ=5.000e+00 | Epoch  70 | lr=1.0000e-03 | Recon MSE=9.001183e-04 | ‖ω‖₁=4.916127e-01 | Non-zero modes: 72
  λ=5.000e+00 | Epoch  80 | lr=1.0000e-03 | Recon MSE=9.306139e-04 | ‖ω‖₁=4.927824e-01 | Non-zero modes: 72
  λ=5.000e+00 | Epoch  90 | lr=1.0000e-03 | Recon MSE=9.199484e-04 | ‖ω‖₁=4.925465e-01 | Non-zero modes: 72
  λ=5.000e+00 | Epoch 100 | lr=1.0000e-03 | Recon MSE=9.206712e-04 | ‖ω‖₁=4.934573e-01 | Non-zero modes: 72
Number of selected modes unchanged for 9 consecutive iterations.
  → at λ=5.101e+00: r(λ)=72
  → selected modes: [0, 1, 2, 3, 4, 5, 6, 7, 8, 9, 10, 11, 12, 13, 14, 15, 16, 17, 18, 19, 20, 21, 22, 23, 24, 25, 26, 27, 28, 29, 30, 31, 32, 33, 34, 35, 36, 37, 38, 39, 40, 41, 42, 43, 44, 45, 46, 47, 48, 49, 50, 51, 52, 53, 54, 55, 56, 57, 58, 59, 60, 61, 62, 63, 64, 65, 66, 67, 68, 69, 70, 71]

-- Path iteration 42, λ = 5.104e+00 (r(λ) prev = 100)
  λ=5.000e+00 | Epoch   1 | lr=1.0000e-03 | Recon MSE=1.029302e-03 | ‖ω‖₁=4.978440e-01 | Non-zero modes: 72
  λ=5.000e+00 | Epoch  10 | lr=1.0000e-03 | Recon MSE=9.843162e-04 | ‖ω‖₁=4.945455e-01 | Non-zero modes: 72
  λ=5.000e+00 | Epoch  20 | lr=1.0000e-03 | Recon MSE=9.137827e-04 | ‖ω‖₁=4.914723e-01 | Non-zero modes: 72
  λ=5.000e+00 | Epoch  30 | lr=1.0000e-03 | Recon MSE=9.455910e-04 | ‖ω‖₁=4.885778e-01 | Non-zero modes: 72
  λ=5.000e+00 | Epoch  40 | lr=1.0000e-03 | Recon MSE=9.176250e-04 | ‖ω‖₁=4.893149e-01 | Non-zero modes: 72
  λ=5.000e+00 | Epoch  50 | lr=1.0000e-03 | Recon MSE=9.360401e-04 | ‖ω‖₁=4.907421e-01 | Non-zero modes: 72
  λ=5.000e+00 | Epoch  60 | lr=1.0000e-03 | Recon MSE=9.053699e-04 | ‖ω‖₁=4.915627e-01 | Non-zero modes: 72
  λ=5.000e+00 | Epoch  70 | lr=1.0000e-03 | Recon MSE=9.184072e-04 | ‖ω‖₁=4.887463e-01 | Non-zero modes: 72
  λ=5.000e+00 | Epoch  80 | lr=1.0000e-03 | Recon MSE=9.274667e-04 | ‖ω‖₁=4.899739e-01 | Non-zero modes: 72
  λ=5.000e+00 | Epoch  90 | lr=1.0000e-03 | Recon MSE=9.218641e-04 | ‖ω‖₁=4.904652e-01 | Non-zero modes: 72
  λ=5.000e+00 | Epoch 100 | lr=1.0000e-03 | Recon MSE=9.056677e-04 | ‖ω‖₁=4.880254e-01 | Non-zero modes: 72
Number of selected modes unchanged for 10 consecutive iterations.
  → at λ=5.104e+00: r(λ)=72
  → selected modes: [0, 1, 2, 3, 4, 5, 6, 7, 8, 9, 10, 11, 12, 13, 14, 15, 16, 17, 18, 19, 20, 21, 22, 23, 24, 25, 26, 27, 28, 29, 30, 31, 32, 33, 34, 35, 36, 37, 38, 39, 40, 41, 42, 43, 44, 45, 46, 47, 48, 49, 50, 51, 52, 53, 54, 55, 56, 57, 58, 59, 60, 61, 62, 63, 64, 65, 66, 67, 68, 69, 70, 71]

-- Path iteration 43, λ = 5.106e+00 (r(λ) prev = 100)
  λ=5.000e+00 | Epoch   1 | lr=1.0000e-03 | Recon MSE=9.351815e-04 | ‖ω‖₁=4.930572e-01 | Non-zero modes: 72
  λ=5.000e+00 | Epoch  10 | lr=1.0000e-03 | Recon MSE=9.200265e-04 | ‖ω‖₁=4.928538e-01 | Non-zero modes: 72
  λ=5.000e+00 | Epoch  20 | lr=1.0000e-03 | Recon MSE=9.273742e-04 | ‖ω‖₁=4.899423e-01 | Non-zero modes: 72
  λ=5.000e+00 | Epoch  30 | lr=1.0000e-03 | Recon MSE=9.408372e-04 | ‖ω‖₁=4.918187e-01 | Non-zero modes: 72
  λ=5.000e+00 | Epoch  40 | lr=1.0000e-03 | Recon MSE=9.229741e-04 | ‖ω‖₁=4.911243e-01 | Non-zero modes: 72
  λ=5.000e+00 | Epoch  50 | lr=1.0000e-03 | Recon MSE=9.536226e-04 | ‖ω‖₁=4.897267e-01 | Non-zero modes: 72
  λ=5.000e+00 | Epoch  60 | lr=1.0000e-03 | Recon MSE=9.016264e-04 | ‖ω‖₁=4.910853e-01 | Non-zero modes: 72
  λ=5.000e+00 | Epoch  70 | lr=1.0000e-03 | Recon MSE=9.101126e-04 | ‖ω‖₁=4.917019e-01 | Non-zero modes: 72
  λ=5.000e+00 | Epoch  80 | lr=1.0000e-03 | Recon MSE=9.516998e-04 | ‖ω‖₁=4.915345e-01 | Non-zero modes: 72
  λ=5.000e+00 | Epoch  90 | lr=1.0000e-03 | Recon MSE=9.242506e-04 | ‖ω‖₁=4.900347e-01 | Non-zero modes: 72
  λ=5.000e+00 | Epoch 100 | lr=1.0000e-03 | Recon MSE=9.292075e-04 | ‖ω‖₁=4.907309e-01 | Non-zero modes: 72
Number of selected modes unchanged for 11 consecutive iterations.
  → at λ=5.106e+00: r(λ)=72
  → selected modes: [0, 1, 2, 3, 4, 5, 6, 7, 8, 9, 10, 11, 12, 13, 14, 15, 16, 17, 18, 19, 20, 21, 22, 23, 24, 25, 26, 27, 28, 29, 30, 31, 32, 33, 34, 35, 36, 37, 38, 39, 40, 41, 42, 43, 44, 45, 46, 47, 48, 49, 50, 51, 52, 53, 54, 55, 56, 57, 58, 59, 60, 61, 62, 63, 64, 65, 66, 67, 68, 69, 70, 71]

-- Path iteration 44, λ = 5.109e+00 (r(λ) prev = 100)
  λ=5.000e+00 | Epoch   1 | lr=1.0000e-03 | Recon MSE=9.384428e-04 | ‖ω‖₁=4.955905e-01 | Non-zero modes: 72
  λ=5.000e+00 | Epoch  10 | lr=1.0000e-03 | Recon MSE=9.528223e-04 | ‖ω‖₁=4.919717e-01 | Non-zero modes: 72
  λ=5.000e+00 | Epoch  20 | lr=1.0000e-03 | Recon MSE=9.641891e-04 | ‖ω‖₁=4.894201e-01 | Non-zero modes: 72
  λ=5.000e+00 | Epoch  30 | lr=1.0000e-03 | Recon MSE=8.826515e-04 | ‖ω‖₁=4.892323e-01 | Non-zero modes: 72
  λ=5.000e+00 | Epoch  40 | lr=1.0000e-03 | Recon MSE=9.201880e-04 | ‖ω‖₁=4.885260e-01 | Non-zero modes: 72
  λ=5.000e+00 | Epoch  50 | lr=1.0000e-03 | Recon MSE=9.408250e-04 | ‖ω‖₁=4.893119e-01 | Non-zero modes: 72
  λ=5.000e+00 | Epoch  60 | lr=1.0000e-03 | Recon MSE=9.290617e-04 | ‖ω‖₁=4.898624e-01 | Non-zero modes: 72
  λ=5.000e+00 | Epoch  70 | lr=1.0000e-03 | Recon MSE=9.773462e-04 | ‖ω‖₁=4.904770e-01 | Non-zero modes: 72
  λ=5.000e+00 | Epoch  80 | lr=1.0000e-03 | Recon MSE=9.415058e-04 | ‖ω‖₁=4.916383e-01 | Non-zero modes: 72
  λ=5.000e+00 | Epoch  90 | lr=1.0000e-03 | Recon MSE=8.928876e-04 | ‖ω‖₁=4.912500e-01 | Non-zero modes: 72
  λ=5.000e+00 | Epoch 100 | lr=1.0000e-03 | Recon MSE=9.435160e-04 | ‖ω‖₁=4.907998e-01 | Non-zero modes: 72
Number of selected modes unchanged for 12 consecutive iterations.
  → at λ=5.109e+00: r(λ)=72
  → selected modes: [0, 1, 2, 3, 4, 5, 6, 7, 8, 9, 10, 11, 12, 13, 14, 15, 16, 17, 18, 19, 20, 21, 22, 23, 24, 25, 26, 27, 28, 29, 30, 31, 32, 33, 34, 35, 36, 37, 38, 39, 40, 41, 42, 43, 44, 45, 46, 47, 48, 49, 50, 51, 52, 53, 54, 55, 56, 57, 58, 59, 60, 61, 62, 63, 64, 65, 66, 67, 68, 69, 70, 71]

-- Path iteration 45, λ = 5.111e+00 (r(λ) prev = 100)
  λ=5.000e+00 | Epoch   1 | lr=1.0000e-03 | Recon MSE=9.588861e-04 | ‖ω‖₁=4.955677e-01 | Non-zero modes: 72
  λ=5.000e+00 | Epoch  10 | lr=1.0000e-03 | Recon MSE=9.453174e-04 | ‖ω‖₁=4.939108e-01 | Non-zero modes: 72
  λ=5.000e+00 | Epoch  20 | lr=1.0000e-03 | Recon MSE=9.523073e-04 | ‖ω‖₁=4.894626e-01 | Non-zero modes: 72
  λ=5.000e+00 | Epoch  30 | lr=1.0000e-03 | Recon MSE=9.119012e-04 | ‖ω‖₁=4.907869e-01 | Non-zero modes: 72
  λ=5.000e+00 | Epoch  40 | lr=1.0000e-03 | Recon MSE=9.069294e-04 | ‖ω‖₁=4.909262e-01 | Non-zero modes: 72
  λ=5.000e+00 | Epoch  50 | lr=1.0000e-03 | Recon MSE=9.427296e-04 | ‖ω‖₁=4.904968e-01 | Non-zero modes: 72
  λ=5.000e+00 | Epoch  60 | lr=1.0000e-03 | Recon MSE=8.993619e-04 | ‖ω‖₁=4.894365e-01 | Non-zero modes: 72
  λ=5.000e+00 | Epoch  70 | lr=1.0000e-03 | Recon MSE=9.555882e-04 | ‖ω‖₁=4.903350e-01 | Non-zero modes: 72
  λ=5.000e+00 | Epoch  80 | lr=1.0000e-03 | Recon MSE=9.065211e-04 | ‖ω‖₁=4.899496e-01 | Non-zero modes: 72
  λ=5.000e+00 | Epoch  90 | lr=1.0000e-03 | Recon MSE=9.061313e-04 | ‖ω‖₁=4.906020e-01 | Non-zero modes: 72
  λ=5.000e+00 | Epoch 100 | lr=1.0000e-03 | Recon MSE=9.015799e-04 | ‖ω‖₁=4.886421e-01 | Non-zero modes: 72
Number of selected modes unchanged for 13 consecutive iterations.
  → at λ=5.111e+00: r(λ)=72
  → selected modes: [0, 1, 2, 3, 4, 5, 6, 7, 8, 9, 10, 11, 12, 13, 14, 15, 16, 17, 18, 19, 20, 21, 22, 23, 24, 25, 26, 27, 28, 29, 30, 31, 32, 33, 34, 35, 36, 37, 38, 39, 40, 41, 42, 43, 44, 45, 46, 47, 48, 49, 50, 51, 52, 53, 54, 55, 56, 57, 58, 59, 60, 61, 62, 63, 64, 65, 66, 67, 68, 69, 70, 71]

-- Path iteration 46, λ = 5.114e+00 (r(λ) prev = 100)
  λ=5.000e+00 | Epoch   1 | lr=1.0000e-03 | Recon MSE=9.284229e-04 | ‖ω‖₁=4.927234e-01 | Non-zero modes: 72
  λ=5.000e+00 | Epoch  10 | lr=1.0000e-03 | Recon MSE=8.885264e-04 | ‖ω‖₁=4.903461e-01 | Non-zero modes: 72
  λ=5.000e+00 | Epoch  20 | lr=1.0000e-03 | Recon MSE=8.817570e-04 | ‖ω‖₁=4.902481e-01 | Non-zero modes: 72
  λ=5.000e+00 | Epoch  30 | lr=1.0000e-03 | Recon MSE=8.942792e-04 | ‖ω‖₁=4.886389e-01 | Non-zero modes: 72
  λ=5.000e+00 | Epoch  40 | lr=1.0000e-03 | Recon MSE=9.283767e-04 | ‖ω‖₁=4.872539e-01 | Non-zero modes: 72
  λ=5.000e+00 | Epoch  50 | lr=1.0000e-03 | Recon MSE=9.199044e-04 | ‖ω‖₁=4.870253e-01 | Non-zero modes: 72
  λ=5.000e+00 | Epoch  60 | lr=1.0000e-03 | Recon MSE=9.016395e-04 | ‖ω‖₁=4.867167e-01 | Non-zero modes: 72
  λ=5.000e+00 | Epoch  70 | lr=1.0000e-03 | Recon MSE=9.690844e-04 | ‖ω‖₁=4.865758e-01 | Non-zero modes: 72
  λ=5.000e+00 | Epoch  80 | lr=1.0000e-03 | Recon MSE=9.346802e-04 | ‖ω‖₁=4.857341e-01 | Non-zero modes: 72
  λ=5.000e+00 | Epoch  90 | lr=1.0000e-03 | Recon MSE=9.308759e-04 | ‖ω‖₁=4.875744e-01 | Non-zero modes: 72
  λ=5.000e+00 | Epoch 100 | lr=1.0000e-03 | Recon MSE=9.396040e-04 | ‖ω‖₁=4.894643e-01 | Non-zero modes: 72
Number of selected modes unchanged for 14 consecutive iterations.
  → at λ=5.114e+00: r(λ)=72
  → selected modes: [0, 1, 2, 3, 4, 5, 6, 7, 8, 9, 10, 11, 12, 13, 14, 15, 16, 17, 18, 19, 20, 21, 22, 23, 24, 25, 26, 27, 28, 29, 30, 31, 32, 33, 34, 35, 36, 37, 38, 39, 40, 41, 42, 43, 44, 45, 46, 47, 48, 49, 50, 51, 52, 53, 54, 55, 56, 57, 58, 59, 60, 61, 62, 63, 64, 65, 66, 67, 68, 69, 70, 71]

-- Path iteration 47, λ = 5.116e+00 (r(λ) prev = 100)
  λ=5.000e+00 | Epoch   1 | lr=1.0000e-03 | Recon MSE=9.590198e-04 | ‖ω‖₁=4.952045e-01 | Non-zero modes: 72
  λ=5.000e+00 | Epoch  10 | lr=1.0000e-03 | Recon MSE=9.113415e-04 | ‖ω‖₁=4.910463e-01 | Non-zero modes: 72
  λ=5.000e+00 | Epoch  20 | lr=1.0000e-03 | Recon MSE=9.402771e-04 | ‖ω‖₁=4.886443e-01 | Non-zero modes: 72
  λ=5.000e+00 | Epoch  30 | lr=1.0000e-03 | Recon MSE=9.609191e-04 | ‖ω‖₁=4.879269e-01 | Non-zero modes: 72
  λ=5.000e+00 | Epoch  40 | lr=1.0000e-03 | Recon MSE=9.169393e-04 | ‖ω‖₁=4.873481e-01 | Non-zero modes: 72
  λ=5.000e+00 | Epoch  50 | lr=1.0000e-03 | Recon MSE=8.985874e-04 | ‖ω‖₁=4.882228e-01 | Non-zero modes: 72
  λ=5.000e+00 | Epoch  60 | lr=1.0000e-03 | Recon MSE=9.567256e-04 | ‖ω‖₁=4.871078e-01 | Non-zero modes: 72
  λ=5.000e+00 | Epoch  70 | lr=1.0000e-03 | Recon MSE=9.147513e-04 | ‖ω‖₁=4.876993e-01 | Non-zero modes: 72
  λ=5.000e+00 | Epoch  80 | lr=1.0000e-03 | Recon MSE=9.141319e-04 | ‖ω‖₁=4.873836e-01 | Non-zero modes: 72
  λ=5.000e+00 | Epoch  90 | lr=1.0000e-03 | Recon MSE=9.409262e-04 | ‖ω‖₁=4.882683e-01 | Non-zero modes: 72
  λ=5.000e+00 | Epoch 100 | lr=1.0000e-03 | Recon MSE=9.056079e-04 | ‖ω‖₁=4.888956e-01 | Non-zero modes: 72
Number of selected modes unchanged for 15 consecutive iterations.
  → at λ=5.116e+00: r(λ)=72
  → selected modes: [0, 1, 2, 3, 4, 5, 6, 7, 8, 9, 10, 11, 12, 13, 14, 15, 16, 17, 18, 19, 20, 21, 22, 23, 24, 25, 26, 27, 28, 29, 30, 31, 32, 33, 34, 35, 36, 37, 38, 39, 40, 41, 42, 43, 44, 45, 46, 47, 48, 49, 50, 51, 52, 53, 54, 55, 56, 57, 58, 59, 60, 61, 62, 63, 64, 65, 66, 67, 68, 69, 70, 71]

-- Path iteration 48, λ = 5.119e+00 (r(λ) prev = 100)
  λ=5.000e+00 | Epoch   1 | lr=1.0000e-03 | Recon MSE=9.317577e-04 | ‖ω‖₁=4.931613e-01 | Non-zero modes: 72
  λ=5.000e+00 | Epoch  10 | lr=1.0000e-03 | Recon MSE=8.723409e-04 | ‖ω‖₁=4.924419e-01 | Non-zero modes: 72
  λ=5.000e+00 | Epoch  20 | lr=1.0000e-03 | Recon MSE=9.282776e-04 | ‖ω‖₁=4.910054e-01 | Non-zero modes: 72
  λ=5.000e+00 | Epoch  30 | lr=1.0000e-03 | Recon MSE=8.725484e-04 | ‖ω‖₁=4.891913e-01 | Non-zero modes: 72
  λ=5.000e+00 | Epoch  40 | lr=1.0000e-03 | Recon MSE=9.134226e-04 | ‖ω‖₁=4.921285e-01 | Non-zero modes: 72
  λ=5.000e+00 | Epoch  50 | lr=1.0000e-03 | Recon MSE=9.172663e-04 | ‖ω‖₁=4.914871e-01 | Non-zero modes: 72
  λ=5.000e+00 | Epoch  60 | lr=1.0000e-03 | Recon MSE=8.829606e-04 | ‖ω‖₁=4.905905e-01 | Non-zero modes: 72
  λ=5.000e+00 | Epoch  70 | lr=1.0000e-03 | Recon MSE=9.588472e-04 | ‖ω‖₁=4.904862e-01 | Non-zero modes: 72
  λ=5.000e+00 | Epoch  80 | lr=1.0000e-03 | Recon MSE=9.351889e-04 | ‖ω‖₁=4.898220e-01 | Non-zero modes: 72
  λ=5.000e+00 | Epoch  90 | lr=1.0000e-03 | Recon MSE=9.447155e-04 | ‖ω‖₁=4.927700e-01 | Non-zero modes: 72
  λ=5.000e+00 | Epoch 100 | lr=1.0000e-03 | Recon MSE=9.366177e-04 | ‖ω‖₁=4.910729e-01 | Non-zero modes: 72
Number of selected modes unchanged for 16 consecutive iterations.
  → at λ=5.119e+00: r(λ)=72
  → selected modes: [0, 1, 2, 3, 4, 5, 6, 7, 8, 9, 10, 11, 12, 13, 14, 15, 16, 17, 18, 19, 20, 21, 22, 23, 24, 25, 26, 27, 28, 29, 30, 31, 32, 33, 34, 35, 36, 37, 38, 39, 40, 41, 42, 43, 44, 45, 46, 47, 48, 49, 50, 51, 52, 53, 54, 55, 56, 57, 58, 59, 60, 61, 62, 63, 64, 65, 66, 67, 68, 69, 70, 71]

-- Path iteration 49, λ = 5.121e+00 (r(λ) prev = 100)
  λ=5.000e+00 | Epoch   1 | lr=1.0000e-03 | Recon MSE=9.584500e-04 | ‖ω‖₁=4.947232e-01 | Non-zero modes: 72
  λ=5.000e+00 | Epoch  10 | lr=1.0000e-03 | Recon MSE=9.079027e-04 | ‖ω‖₁=4.931010e-01 | Non-zero modes: 72
  λ=5.000e+00 | Epoch  20 | lr=1.0000e-03 | Recon MSE=9.299132e-04 | ‖ω‖₁=4.919520e-01 | Non-zero modes: 72
  λ=5.000e+00 | Epoch  30 | lr=1.0000e-03 | Recon MSE=9.997012e-04 | ‖ω‖₁=4.920074e-01 | Non-zero modes: 72
  λ=5.000e+00 | Epoch  40 | lr=1.0000e-03 | Recon MSE=9.262510e-04 | ‖ω‖₁=4.926023e-01 | Non-zero modes: 72
  λ=5.000e+00 | Epoch  50 | lr=1.0000e-03 | Recon MSE=9.014315e-04 | ‖ω‖₁=4.912853e-01 | Non-zero modes: 72
  λ=5.000e+00 | Epoch  60 | lr=1.0000e-03 | Recon MSE=9.583205e-04 | ‖ω‖₁=4.920441e-01 | Non-zero modes: 72
  λ=5.000e+00 | Epoch  70 | lr=1.0000e-03 | Recon MSE=9.203482e-04 | ‖ω‖₁=4.919880e-01 | Non-zero modes: 72
  λ=5.000e+00 | Epoch  80 | lr=1.0000e-03 | Recon MSE=9.060336e-04 | ‖ω‖₁=4.883363e-01 | Non-zero modes: 72
  λ=5.000e+00 | Epoch  90 | lr=1.0000e-03 | Recon MSE=9.191610e-04 | ‖ω‖₁=4.895395e-01 | Non-zero modes: 72
  λ=5.000e+00 | Epoch 100 | lr=1.0000e-03 | Recon MSE=9.316543e-04 | ‖ω‖₁=4.900883e-01 | Non-zero modes: 72
Number of selected modes unchanged for 17 consecutive iterations.
  → at λ=5.121e+00: r(λ)=72
  → selected modes: [0, 1, 2, 3, 4, 5, 6, 7, 8, 9, 10, 11, 12, 13, 14, 15, 16, 17, 18, 19, 20, 21, 22, 23, 24, 25, 26, 27, 28, 29, 30, 31, 32, 33, 34, 35, 36, 37, 38, 39, 40, 41, 42, 43, 44, 45, 46, 47, 48, 49, 50, 51, 52, 53, 54, 55, 56, 57, 58, 59, 60, 61, 62, 63, 64, 65, 66, 67, 68, 69, 70, 71]

-- Path iteration 50, λ = 5.124e+00 (r(λ) prev = 100)
  λ=5.000e+00 | Epoch   1 | lr=1.0000e-03 | Recon MSE=9.393764e-04 | ‖ω‖₁=4.943873e-01 | Non-zero modes: 72
  λ=5.000e+00 | Epoch  10 | lr=1.0000e-03 | Recon MSE=9.094671e-04 | ‖ω‖₁=4.929340e-01 | Non-zero modes: 72
  λ=5.000e+00 | Epoch  20 | lr=1.0000e-03 | Recon MSE=9.332131e-04 | ‖ω‖₁=4.913672e-01 | Non-zero modes: 72
  λ=5.000e+00 | Epoch  30 | lr=1.0000e-03 | Recon MSE=9.022197e-04 | ‖ω‖₁=4.890104e-01 | Non-zero modes: 72
  λ=5.000e+00 | Epoch  40 | lr=1.0000e-03 | Recon MSE=9.015729e-04 | ‖ω‖₁=4.873687e-01 | Non-zero modes: 72
  λ=5.000e+00 | Epoch  50 | lr=1.0000e-03 | Recon MSE=9.203180e-04 | ‖ω‖₁=4.901269e-01 | Non-zero modes: 72
  λ=5.000e+00 | Epoch  60 | lr=1.0000e-03 | Recon MSE=9.470791e-04 | ‖ω‖₁=4.916600e-01 | Non-zero modes: 72
  λ=5.000e+00 | Epoch  70 | lr=1.0000e-03 | Recon MSE=9.302401e-04 | ‖ω‖₁=4.908061e-01 | Non-zero modes: 72
  λ=5.000e+00 | Epoch  80 | lr=1.0000e-03 | Recon MSE=8.971408e-04 | ‖ω‖₁=4.908173e-01 | Non-zero modes: 72
  λ=5.000e+00 | Epoch  90 | lr=1.0000e-03 | Recon MSE=8.845703e-04 | ‖ω‖₁=4.898536e-01 | Non-zero modes: 72
  λ=5.000e+00 | Epoch 100 | lr=1.0000e-03 | Recon MSE=9.378818e-04 | ‖ω‖₁=4.929352e-01 | Non-zero modes: 72
Number of selected modes unchanged for 18 consecutive iterations.
  → at λ=5.124e+00: r(λ)=72
  → selected modes: [0, 1, 2, 3, 4, 5, 6, 7, 8, 9, 10, 11, 12, 13, 14, 15, 16, 17, 18, 19, 20, 21, 22, 23, 24, 25, 26, 27, 28, 29, 30, 31, 32, 33, 34, 35, 36, 37, 38, 39, 40, 41, 42, 43, 44, 45, 46, 47, 48, 49, 50, 51, 52, 53, 54, 55, 56, 57, 58, 59, 60, 61, 62, 63, 64, 65, 66, 67, 68, 69, 70, 71]

-- Path iteration 51, λ = 5.127e+00 (r(λ) prev = 100)
  λ=5.000e+00 | Epoch   1 | lr=1.0000e-03 | Recon MSE=9.311914e-04 | ‖ω‖₁=4.980148e-01 | Non-zero modes: 72
  λ=5.000e+00 | Epoch  10 | lr=1.0000e-03 | Recon MSE=8.905057e-04 | ‖ω‖₁=4.947793e-01 | Non-zero modes: 72
  λ=5.000e+00 | Epoch  20 | lr=1.0000e-03 | Recon MSE=8.975328e-04 | ‖ω‖₁=4.907390e-01 | Non-zero modes: 72
  λ=5.000e+00 | Epoch  30 | lr=1.0000e-03 | Recon MSE=9.550543e-04 | ‖ω‖₁=4.892682e-01 | Non-zero modes: 72
  λ=5.000e+00 | Epoch  40 | lr=1.0000e-03 | Recon MSE=9.258702e-04 | ‖ω‖₁=4.884722e-01 | Non-zero modes: 72
  λ=5.000e+00 | Epoch  50 | lr=1.0000e-03 | Recon MSE=9.190140e-04 | ‖ω‖₁=4.886573e-01 | Non-zero modes: 72
  λ=5.000e+00 | Epoch  60 | lr=1.0000e-03 | Recon MSE=8.951664e-04 | ‖ω‖₁=4.915124e-01 | Non-zero modes: 72
  λ=5.000e+00 | Epoch  70 | lr=1.0000e-03 | Recon MSE=9.133343e-04 | ‖ω‖₁=4.902493e-01 | Non-zero modes: 72
  λ=5.000e+00 | Epoch  80 | lr=1.0000e-03 | Recon MSE=9.404332e-04 | ‖ω‖₁=4.892133e-01 | Non-zero modes: 72
  λ=5.000e+00 | Epoch  90 | lr=1.0000e-03 | Recon MSE=8.949641e-04 | ‖ω‖₁=4.885080e-01 | Non-zero modes: 72
  λ=5.000e+00 | Epoch 100 | lr=1.0000e-03 | Recon MSE=9.107245e-04 | ‖ω‖₁=4.923624e-01 | Non-zero modes: 72
Number of selected modes unchanged for 19 consecutive iterations.
  → at λ=5.127e+00: r(λ)=72
  → selected modes: [0, 1, 2, 3, 4, 5, 6, 7, 8, 9, 10, 11, 12, 13, 14, 15, 16, 17, 18, 19, 20, 21, 22, 23, 24, 25, 26, 27, 28, 29, 30, 31, 32, 33, 34, 35, 36, 37, 38, 39, 40, 41, 42, 43, 44, 45, 46, 47, 48, 49, 50, 51, 52, 53, 54, 55, 56, 57, 58, 59, 60, 61, 62, 63, 64, 65, 66, 67, 68, 69, 70, 71]

-- Path iteration 52, λ = 5.129e+00 (r(λ) prev = 100)
  λ=5.000e+00 | Epoch   1 | lr=1.0000e-03 | Recon MSE=9.398456e-04 | ‖ω‖₁=4.969740e-01 | Non-zero modes: 72
  λ=5.000e+00 | Epoch  10 | lr=1.0000e-03 | Recon MSE=9.222240e-04 | ‖ω‖₁=4.908730e-01 | Non-zero modes: 72
  λ=5.000e+00 | Epoch  20 | lr=1.0000e-03 | Recon MSE=9.141546e-04 | ‖ω‖₁=4.894196e-01 | Non-zero modes: 72
  λ=5.000e+00 | Epoch  30 | lr=1.0000e-03 | Recon MSE=8.828833e-04 | ‖ω‖₁=4.889812e-01 | Non-zero modes: 72
  λ=5.000e+00 | Epoch  40 | lr=1.0000e-03 | Recon MSE=9.707555e-04 | ‖ω‖₁=4.904494e-01 | Non-zero modes: 72
  λ=5.000e+00 | Epoch  50 | lr=1.0000e-03 | Recon MSE=8.939667e-04 | ‖ω‖₁=4.911466e-01 | Non-zero modes: 72
  λ=5.000e+00 | Epoch  60 | lr=1.0000e-03 | Recon MSE=8.655934e-04 | ‖ω‖₁=4.895400e-01 | Non-zero modes: 72
  λ=5.000e+00 | Epoch  70 | lr=1.0000e-03 | Recon MSE=8.935354e-04 | ‖ω‖₁=4.897573e-01 | Non-zero modes: 72
  λ=5.000e+00 | Epoch  80 | lr=1.0000e-03 | Recon MSE=9.048680e-04 | ‖ω‖₁=4.906951e-01 | Non-zero modes: 72
  λ=5.000e+00 | Epoch  90 | lr=1.0000e-03 | Recon MSE=8.954237e-04 | ‖ω‖₁=4.911959e-01 | Non-zero modes: 72
  λ=5.000e+00 | Epoch 100 | lr=1.0000e-03 | Recon MSE=9.189835e-04 | ‖ω‖₁=4.908633e-01 | Non-zero modes: 72
Number of selected modes unchanged for 20 consecutive iterations.
  → at λ=5.129e+00: r(λ)=72
  → selected modes: [0, 1, 2, 3, 4, 5, 6, 7, 8, 9, 10, 11, 12, 13, 14, 15, 16, 17, 18, 19, 20, 21, 22, 23, 24, 25, 26, 27, 28, 29, 30, 31, 32, 33, 34, 35, 36, 37, 38, 39, 40, 41, 42, 43, 44, 45, 46, 47, 48, 49, 50, 51, 52, 53, 54, 55, 56, 57, 58, 59, 60, 61, 62, 63, 64, 65, 66, 67, 68, 69, 70, 71]

-- Path iteration 53, λ = 5.132e+00 (r(λ) prev = 100)
  λ=5.000e+00 | Epoch   1 | lr=1.0000e-03 | Recon MSE=9.504436e-04 | ‖ω‖₁=4.956579e-01 | Non-zero modes: 72
  λ=5.000e+00 | Epoch  10 | lr=1.0000e-03 | Recon MSE=9.078886e-04 | ‖ω‖₁=4.921677e-01 | Non-zero modes: 72
  λ=5.000e+00 | Epoch  20 | lr=1.0000e-03 | Recon MSE=9.241006e-04 | ‖ω‖₁=4.931974e-01 | Non-zero modes: 72
  λ=5.000e+00 | Epoch  30 | lr=1.0000e-03 | Recon MSE=9.048906e-04 | ‖ω‖₁=4.916895e-01 | Non-zero modes: 72
  λ=5.000e+00 | Epoch  40 | lr=1.0000e-03 | Recon MSE=9.137381e-04 | ‖ω‖₁=4.905329e-01 | Non-zero modes: 72
  λ=5.000e+00 | Epoch  50 | lr=1.0000e-03 | Recon MSE=9.227633e-04 | ‖ω‖₁=4.901626e-01 | Non-zero modes: 72
  λ=5.000e+00 | Epoch  60 | lr=1.0000e-03 | Recon MSE=9.296816e-04 | ‖ω‖₁=4.883548e-01 | Non-zero modes: 72
  λ=5.000e+00 | Epoch  70 | lr=1.0000e-03 | Recon MSE=9.408726e-04 | ‖ω‖₁=4.883595e-01 | Non-zero modes: 72
  λ=5.000e+00 | Epoch  80 | lr=1.0000e-03 | Recon MSE=9.412638e-04 | ‖ω‖₁=4.869401e-01 | Non-zero modes: 72
  λ=5.000e+00 | Epoch  90 | lr=1.0000e-03 | Recon MSE=9.081058e-04 | ‖ω‖₁=4.891795e-01 | Non-zero modes: 72
  λ=5.000e+00 | Epoch 100 | lr=1.0000e-03 | Recon MSE=9.251781e-04 | ‖ω‖₁=4.882236e-01 | Non-zero modes: 72
Number of selected modes unchanged for 21 consecutive iterations.
  → at λ=5.132e+00: r(λ)=72
  → selected modes: [0, 1, 2, 3, 4, 5, 6, 7, 8, 9, 10, 11, 12, 13, 14, 15, 16, 17, 18, 19, 20, 21, 22, 23, 24, 25, 26, 27, 28, 29, 30, 31, 32, 33, 34, 35, 36, 37, 38, 39, 40, 41, 42, 43, 44, 45, 46, 47, 48, 49, 50, 51, 52, 53, 54, 55, 56, 57, 58, 59, 60, 61, 62, 63, 64, 65, 66, 67, 68, 69, 70, 71]

-- Path iteration 54, λ = 5.134e+00 (r(λ) prev = 100)
  λ=5.000e+00 | Epoch   1 | lr=1.0000e-03 | Recon MSE=9.625944e-04 | ‖ω‖₁=4.928701e-01 | Non-zero modes: 72
  λ=5.000e+00 | Epoch  10 | lr=1.0000e-03 | Recon MSE=9.088826e-04 | ‖ω‖₁=4.927943e-01 | Non-zero modes: 72
  λ=5.000e+00 | Epoch  20 | lr=1.0000e-03 | Recon MSE=9.299604e-04 | ‖ω‖₁=4.918735e-01 | Non-zero modes: 72
  λ=5.000e+00 | Epoch  30 | lr=1.0000e-03 | Recon MSE=9.511412e-04 | ‖ω‖₁=4.897519e-01 | Non-zero modes: 72
  λ=5.000e+00 | Epoch  40 | lr=1.0000e-03 | Recon MSE=9.379036e-04 | ‖ω‖₁=4.897030e-01 | Non-zero modes: 72
  λ=5.000e+00 | Epoch  50 | lr=1.0000e-03 | Recon MSE=9.338511e-04 | ‖ω‖₁=4.940014e-01 | Non-zero modes: 72
  λ=5.000e+00 | Epoch  60 | lr=1.0000e-03 | Recon MSE=9.046505e-04 | ‖ω‖₁=4.921556e-01 | Non-zero modes: 72
  λ=5.000e+00 | Epoch  70 | lr=1.0000e-03 | Recon MSE=9.161134e-04 | ‖ω‖₁=4.925788e-01 | Non-zero modes: 72
  λ=5.000e+00 | Epoch  80 | lr=1.0000e-03 | Recon MSE=9.111035e-04 | ‖ω‖₁=4.926572e-01 | Non-zero modes: 72
  λ=5.000e+00 | Epoch  90 | lr=1.0000e-03 | Recon MSE=9.626758e-04 | ‖ω‖₁=4.948285e-01 | Non-zero modes: 72
  λ=5.000e+00 | Epoch 100 | lr=1.0000e-03 | Recon MSE=8.985951e-04 | ‖ω‖₁=4.925397e-01 | Non-zero modes: 72
Number of selected modes unchanged for 22 consecutive iterations.
  → at λ=5.134e+00: r(λ)=72
  → selected modes: [0, 1, 2, 3, 4, 5, 6, 7, 8, 9, 10, 11, 12, 13, 14, 15, 16, 17, 18, 19, 20, 21, 22, 23, 24, 25, 26, 27, 28, 29, 30, 31, 32, 33, 34, 35, 36, 37, 38, 39, 40, 41, 42, 43, 44, 45, 46, 47, 48, 49, 50, 51, 52, 53, 54, 55, 56, 57, 58, 59, 60, 61, 62, 63, 64, 65, 66, 67, 68, 69, 70, 71]

-- Path iteration 55, λ = 5.137e+00 (r(λ) prev = 100)
  λ=5.000e+00 | Epoch   1 | lr=1.0000e-03 | Recon MSE=9.014740e-04 | ‖ω‖₁=4.969210e-01 | Non-zero modes: 72
  λ=5.000e+00 | Epoch  10 | lr=1.0000e-03 | Recon MSE=9.102171e-04 | ‖ω‖₁=4.921118e-01 | Non-zero modes: 72
  λ=5.000e+00 | Epoch  20 | lr=1.0000e-03 | Recon MSE=9.343432e-04 | ‖ω‖₁=4.895998e-01 | Non-zero modes: 72
  λ=5.000e+00 | Epoch  30 | lr=1.0000e-03 | Recon MSE=9.099458e-04 | ‖ω‖₁=4.899351e-01 | Non-zero modes: 72
  λ=5.000e+00 | Epoch  40 | lr=1.0000e-03 | Recon MSE=9.330863e-04 | ‖ω‖₁=4.892265e-01 | Non-zero modes: 72
  λ=5.000e+00 | Epoch  50 | lr=1.0000e-03 | Recon MSE=9.444815e-04 | ‖ω‖₁=4.895531e-01 | Non-zero modes: 72
  λ=5.000e+00 | Epoch  60 | lr=1.0000e-03 | Recon MSE=9.178959e-04 | ‖ω‖₁=4.887429e-01 | Non-zero modes: 72
  λ=5.000e+00 | Epoch  70 | lr=1.0000e-03 | Recon MSE=9.336390e-04 | ‖ω‖₁=4.897020e-01 | Non-zero modes: 72
  λ=5.000e+00 | Epoch  80 | lr=1.0000e-03 | Recon MSE=9.258330e-04 | ‖ω‖₁=4.919447e-01 | Non-zero modes: 72
  λ=5.000e+00 | Epoch  90 | lr=1.0000e-03 | Recon MSE=9.812412e-04 | ‖ω‖₁=4.903915e-01 | Non-zero modes: 72
  λ=5.000e+00 | Epoch 100 | lr=1.0000e-03 | Recon MSE=9.721610e-04 | ‖ω‖₁=4.884453e-01 | Non-zero modes: 72
Number of selected modes unchanged for 23 consecutive iterations.
  → at λ=5.137e+00: r(λ)=72
  → selected modes: [0, 1, 2, 3, 4, 5, 6, 7, 8, 9, 10, 11, 12, 13, 14, 15, 16, 17, 18, 19, 20, 21, 22, 23, 24, 25, 26, 27, 28, 29, 30, 31, 32, 33, 34, 35, 36, 37, 38, 39, 40, 41, 42, 43, 44, 45, 46, 47, 48, 49, 50, 51, 52, 53, 54, 55, 56, 57, 58, 59, 60, 61, 62, 63, 64, 65, 66, 67, 68, 69, 70, 71]

-- Path iteration 56, λ = 5.139e+00 (r(λ) prev = 100)
  λ=5.000e+00 | Epoch   1 | lr=1.0000e-03 | Recon MSE=9.056394e-04 | ‖ω‖₁=4.924968e-01 | Non-zero modes: 72
  λ=5.000e+00 | Epoch  10 | lr=1.0000e-03 | Recon MSE=9.244042e-04 | ‖ω‖₁=4.893041e-01 | Non-zero modes: 72
  λ=5.000e+00 | Epoch  20 | lr=1.0000e-03 | Recon MSE=9.719218e-04 | ‖ω‖₁=4.878949e-01 | Non-zero modes: 72
  λ=5.000e+00 | Epoch  30 | lr=1.0000e-03 | Recon MSE=8.937287e-04 | ‖ω‖₁=4.880273e-01 | Non-zero modes: 72
  λ=5.000e+00 | Epoch  40 | lr=1.0000e-03 | Recon MSE=8.993107e-04 | ‖ω‖₁=4.885584e-01 | Non-zero modes: 72
  λ=5.000e+00 | Epoch  50 | lr=1.0000e-03 | Recon MSE=9.189123e-04 | ‖ω‖₁=4.909396e-01 | Non-zero modes: 72
  λ=5.000e+00 | Epoch  60 | lr=1.0000e-03 | Recon MSE=9.095797e-04 | ‖ω‖₁=4.899728e-01 | Non-zero modes: 72
  λ=5.000e+00 | Epoch  70 | lr=1.0000e-03 | Recon MSE=9.414168e-04 | ‖ω‖₁=4.898609e-01 | Non-zero modes: 72
  λ=5.000e+00 | Epoch  80 | lr=1.0000e-03 | Recon MSE=9.572142e-04 | ‖ω‖₁=4.916455e-01 | Non-zero modes: 72
  λ=5.000e+00 | Epoch  90 | lr=1.0000e-03 | Recon MSE=9.024835e-04 | ‖ω‖₁=4.896512e-01 | Non-zero modes: 72
  λ=5.000e+00 | Epoch 100 | lr=1.0000e-03 | Recon MSE=9.133564e-04 | ‖ω‖₁=4.882268e-01 | Non-zero modes: 72
Number of selected modes unchanged for 24 consecutive iterations.
  → at λ=5.139e+00: r(λ)=72
  → selected modes: [0, 1, 2, 3, 4, 5, 6, 7, 8, 9, 10, 11, 12, 13, 14, 15, 16, 17, 18, 19, 20, 21, 22, 23, 24, 25, 26, 27, 28, 29, 30, 31, 32, 33, 34, 35, 36, 37, 38, 39, 40, 41, 42, 43, 44, 45, 46, 47, 48, 49, 50, 51, 52, 53, 54, 55, 56, 57, 58, 59, 60, 61, 62, 63, 64, 65, 66, 67, 68, 69, 70, 71]

-- Path iteration 57, λ = 5.142e+00 (r(λ) prev = 100)
  λ=5.000e+00 | Epoch   1 | lr=1.0000e-03 | Recon MSE=9.054014e-04 | ‖ω‖₁=4.923298e-01 | Non-zero modes: 72
  λ=5.000e+00 | Epoch  10 | lr=1.0000e-03 | Recon MSE=9.400327e-04 | ‖ω‖₁=4.917734e-01 | Non-zero modes: 72
  λ=5.000e+00 | Epoch  20 | lr=1.0000e-03 | Recon MSE=9.414295e-04 | ‖ω‖₁=4.897792e-01 | Non-zero modes: 72
  λ=5.000e+00 | Epoch  30 | lr=1.0000e-03 | Recon MSE=9.370671e-04 | ‖ω‖₁=4.895815e-01 | Non-zero modes: 72
  λ=5.000e+00 | Epoch  40 | lr=1.0000e-03 | Recon MSE=9.027623e-04 | ‖ω‖₁=4.908838e-01 | Non-zero modes: 72
  λ=5.000e+00 | Epoch  50 | lr=1.0000e-03 | Recon MSE=9.249650e-04 | ‖ω‖₁=4.918080e-01 | Non-zero modes: 72
  λ=5.000e+00 | Epoch  60 | lr=1.0000e-03 | Recon MSE=9.456681e-04 | ‖ω‖₁=4.918073e-01 | Non-zero modes: 72
  λ=5.000e+00 | Epoch  70 | lr=1.0000e-03 | Recon MSE=9.317472e-04 | ‖ω‖₁=4.925204e-01 | Non-zero modes: 72
  λ=5.000e+00 | Epoch  80 | lr=1.0000e-03 | Recon MSE=9.484095e-04 | ‖ω‖₁=4.912009e-01 | Non-zero modes: 72
  λ=5.000e+00 | Epoch  90 | lr=1.0000e-03 | Recon MSE=9.212087e-04 | ‖ω‖₁=4.930202e-01 | Non-zero modes: 72
  λ=5.000e+00 | Epoch 100 | lr=1.0000e-03 | Recon MSE=9.757244e-04 | ‖ω‖₁=4.910597e-01 | Non-zero modes: 72
Number of selected modes unchanged for 25 consecutive iterations.
  → at λ=5.142e+00: r(λ)=72
  → selected modes: [0, 1, 2, 3, 4, 5, 6, 7, 8, 9, 10, 11, 12, 13, 14, 15, 16, 17, 18, 19, 20, 21, 22, 23, 24, 25, 26, 27, 28, 29, 30, 31, 32, 33, 34, 35, 36, 37, 38, 39, 40, 41, 42, 43, 44, 45, 46, 47, 48, 49, 50, 51, 52, 53, 54, 55, 56, 57, 58, 59, 60, 61, 62, 63, 64, 65, 66, 67, 68, 69, 70, 71]

-- Path iteration 58, λ = 5.145e+00 (r(λ) prev = 100)
  λ=5.000e+00 | Epoch   1 | lr=1.0000e-03 | Recon MSE=9.375365e-04 | ‖ω‖₁=4.952310e-01 | Non-zero modes: 72
  λ=5.000e+00 | Epoch  10 | lr=1.0000e-03 | Recon MSE=9.035045e-04 | ‖ω‖₁=4.924937e-01 | Non-zero modes: 72
  λ=5.000e+00 | Epoch  20 | lr=1.0000e-03 | Recon MSE=8.802371e-04 | ‖ω‖₁=4.939763e-01 | Non-zero modes: 72
  λ=5.000e+00 | Epoch  30 | lr=1.0000e-03 | Recon MSE=9.022648e-04 | ‖ω‖₁=4.930255e-01 | Non-zero modes: 72
  λ=5.000e+00 | Epoch  40 | lr=1.0000e-03 | Recon MSE=9.172984e-04 | ‖ω‖₁=4.918592e-01 | Non-zero modes: 72
  λ=5.000e+00 | Epoch  50 | lr=1.0000e-03 | Recon MSE=9.553709e-04 | ‖ω‖₁=4.920521e-01 | Non-zero modes: 72
  λ=5.000e+00 | Epoch  60 | lr=1.0000e-03 | Recon MSE=9.248700e-04 | ‖ω‖₁=4.898196e-01 | Non-zero modes: 72
  λ=5.000e+00 | Epoch  70 | lr=1.0000e-03 | Recon MSE=8.919619e-04 | ‖ω‖₁=4.926224e-01 | Non-zero modes: 72
  λ=5.000e+00 | Epoch  80 | lr=1.0000e-03 | Recon MSE=9.165074e-04 | ‖ω‖₁=4.912557e-01 | Non-zero modes: 72
  λ=5.000e+00 | Epoch  90 | lr=1.0000e-03 | Recon MSE=8.866061e-04 | ‖ω‖₁=4.917303e-01 | Non-zero modes: 72
  λ=5.000e+00 | Epoch 100 | lr=1.0000e-03 | Recon MSE=9.465689e-04 | ‖ω‖₁=4.909946e-01 | Non-zero modes: 72
Number of selected modes unchanged for 26 consecutive iterations.
  → at λ=5.145e+00: r(λ)=72
  → selected modes: [0, 1, 2, 3, 4, 5, 6, 7, 8, 9, 10, 11, 12, 13, 14, 15, 16, 17, 18, 19, 20, 21, 22, 23, 24, 25, 26, 27, 28, 29, 30, 31, 32, 33, 34, 35, 36, 37, 38, 39, 40, 41, 42, 43, 44, 45, 46, 47, 48, 49, 50, 51, 52, 53, 54, 55, 56, 57, 58, 59, 60, 61, 62, 63, 64, 65, 66, 67, 68, 69, 70, 71]

-- Path iteration 59, λ = 5.147e+00 (r(λ) prev = 100)
  λ=5.000e+00 | Epoch   1 | lr=1.0000e-03 | Recon MSE=9.566564e-04 | ‖ω‖₁=4.953705e-01 | Non-zero modes: 72
  λ=5.000e+00 | Epoch  10 | lr=1.0000e-03 | Recon MSE=9.184559e-04 | ‖ω‖₁=4.937681e-01 | Non-zero modes: 72
  λ=5.000e+00 | Epoch  20 | lr=1.0000e-03 | Recon MSE=9.696555e-04 | ‖ω‖₁=4.944676e-01 | Non-zero modes: 72
  λ=5.000e+00 | Epoch  30 | lr=1.0000e-03 | Recon MSE=9.296794e-04 | ‖ω‖₁=4.960087e-01 | Non-zero modes: 72
  λ=5.000e+00 | Epoch  40 | lr=1.0000e-03 | Recon MSE=9.263433e-04 | ‖ω‖₁=4.926532e-01 | Non-zero modes: 72
  λ=5.000e+00 | Epoch  50 | lr=1.0000e-03 | Recon MSE=9.487591e-04 | ‖ω‖₁=4.920079e-01 | Non-zero modes: 72
  λ=5.000e+00 | Epoch  60 | lr=1.0000e-03 | Recon MSE=9.055900e-04 | ‖ω‖₁=4.922000e-01 | Non-zero modes: 72
  λ=5.000e+00 | Epoch  70 | lr=1.0000e-03 | Recon MSE=9.339728e-04 | ‖ω‖₁=4.936452e-01 | Non-zero modes: 72
  λ=5.000e+00 | Epoch  80 | lr=1.0000e-03 | Recon MSE=9.488914e-04 | ‖ω‖₁=4.953446e-01 | Non-zero modes: 72
  λ=5.000e+00 | Epoch  90 | lr=1.0000e-03 | Recon MSE=9.084029e-04 | ‖ω‖₁=4.928138e-01 | Non-zero modes: 72
  λ=5.000e+00 | Epoch 100 | lr=1.0000e-03 | Recon MSE=9.138251e-04 | ‖ω‖₁=4.935874e-01 | Non-zero modes: 72
Number of selected modes unchanged for 27 consecutive iterations.
  → at λ=5.147e+00: r(λ)=72
  → selected modes: [0, 1, 2, 3, 4, 5, 6, 7, 8, 9, 10, 11, 12, 13, 14, 15, 16, 17, 18, 19, 20, 21, 22, 23, 24, 25, 26, 27, 28, 29, 30, 31, 32, 33, 34, 35, 36, 37, 38, 39, 40, 41, 42, 43, 44, 45, 46, 47, 48, 49, 50, 51, 52, 53, 54, 55, 56, 57, 58, 59, 60, 61, 62, 63, 64, 65, 66, 67, 68, 69, 70, 71]

-- Path iteration 60, λ = 5.150e+00 (r(λ) prev = 100)
  λ=5.000e+00 | Epoch   1 | lr=1.0000e-03 | Recon MSE=9.338614e-04 | ‖ω‖₁=4.979610e-01 | Non-zero modes: 72
  λ=5.000e+00 | Epoch  10 | lr=1.0000e-03 | Recon MSE=9.719857e-04 | ‖ω‖₁=4.940269e-01 | Non-zero modes: 72
  λ=5.000e+00 | Epoch  20 | lr=1.0000e-03 | Recon MSE=9.195226e-04 | ‖ω‖₁=4.938921e-01 | Non-zero modes: 72
  λ=5.000e+00 | Epoch  30 | lr=1.0000e-03 | Recon MSE=9.474297e-04 | ‖ω‖₁=4.933263e-01 | Non-zero modes: 72
  λ=5.000e+00 | Epoch  40 | lr=1.0000e-03 | Recon MSE=9.045454e-04 | ‖ω‖₁=4.930665e-01 | Non-zero modes: 72
  λ=5.000e+00 | Epoch  50 | lr=1.0000e-03 | Recon MSE=8.778737e-04 | ‖ω‖₁=4.929890e-01 | Non-zero modes: 72
  λ=5.000e+00 | Epoch  60 | lr=1.0000e-03 | Recon MSE=9.192538e-04 | ‖ω‖₁=4.933781e-01 | Non-zero modes: 72
  λ=5.000e+00 | Epoch  70 | lr=1.0000e-03 | Recon MSE=9.190033e-04 | ‖ω‖₁=4.927063e-01 | Non-zero modes: 72
  λ=5.000e+00 | Epoch  80 | lr=1.0000e-03 | Recon MSE=9.179019e-04 | ‖ω‖₁=4.922222e-01 | Non-zero modes: 72
  λ=5.000e+00 | Epoch  90 | lr=1.0000e-03 | Recon MSE=8.968562e-04 | ‖ω‖₁=4.922019e-01 | Non-zero modes: 72
  λ=5.000e+00 | Epoch 100 | lr=1.0000e-03 | Recon MSE=8.818651e-04 | ‖ω‖₁=4.925448e-01 | Non-zero modes: 72
Number of selected modes unchanged for 28 consecutive iterations.
  → at λ=5.150e+00: r(λ)=72
  → selected modes: [0, 1, 2, 3, 4, 5, 6, 7, 8, 9, 10, 11, 12, 13, 14, 15, 16, 17, 18, 19, 20, 21, 22, 23, 24, 25, 26, 27, 28, 29, 30, 31, 32, 33, 34, 35, 36, 37, 38, 39, 40, 41, 42, 43, 44, 45, 46, 47, 48, 49, 50, 51, 52, 53, 54, 55, 56, 57, 58, 59, 60, 61, 62, 63, 64, 65, 66, 67, 68, 69, 70, 71]

-- Path iteration 61, λ = 5.152e+00 (r(λ) prev = 100)
  λ=5.000e+00 | Epoch   1 | lr=1.0000e-03 | Recon MSE=9.125538e-04 | ‖ω‖₁=4.962108e-01 | Non-zero modes: 72
  λ=5.000e+00 | Epoch  10 | lr=1.0000e-03 | Recon MSE=9.619108e-04 | ‖ω‖₁=4.945743e-01 | Non-zero modes: 72
  λ=5.000e+00 | Epoch  20 | lr=1.0000e-03 | Recon MSE=9.225749e-04 | ‖ω‖₁=4.936483e-01 | Non-zero modes: 72
  λ=5.000e+00 | Epoch  30 | lr=1.0000e-03 | Recon MSE=8.782064e-04 | ‖ω‖₁=4.942483e-01 | Non-zero modes: 72
  λ=5.000e+00 | Epoch  40 | lr=1.0000e-03 | Recon MSE=9.682028e-04 | ‖ω‖₁=4.926201e-01 | Non-zero modes: 72
  λ=5.000e+00 | Epoch  50 | lr=1.0000e-03 | Recon MSE=9.189367e-04 | ‖ω‖₁=4.906190e-01 | Non-zero modes: 72
  λ=5.000e+00 | Epoch  60 | lr=1.0000e-03 | Recon MSE=9.368616e-04 | ‖ω‖₁=4.882691e-01 | Non-zero modes: 72
  λ=5.000e+00 | Epoch  70 | lr=1.0000e-03 | Recon MSE=8.825198e-04 | ‖ω‖₁=4.882604e-01 | Non-zero modes: 72
  λ=5.000e+00 | Epoch  80 | lr=1.0000e-03 | Recon MSE=8.756508e-04 | ‖ω‖₁=4.902910e-01 | Non-zero modes: 72
  λ=5.000e+00 | Epoch  90 | lr=1.0000e-03 | Recon MSE=9.027308e-04 | ‖ω‖₁=4.897647e-01 | Non-zero modes: 72
  λ=5.000e+00 | Epoch 100 | lr=1.0000e-03 | Recon MSE=8.746333e-04 | ‖ω‖₁=4.898939e-01 | Non-zero modes: 72
Number of selected modes unchanged for 29 consecutive iterations.
  → at λ=5.152e+00: r(λ)=72
  → selected modes: [0, 1, 2, 3, 4, 5, 6, 7, 8, 9, 10, 11, 12, 13, 14, 15, 16, 17, 18, 19, 20, 21, 22, 23, 24, 25, 26, 27, 28, 29, 30, 31, 32, 33, 34, 35, 36, 37, 38, 39, 40, 41, 42, 43, 44, 45, 46, 47, 48, 49, 50, 51, 52, 53, 54, 55, 56, 57, 58, 59, 60, 61, 62, 63, 64, 65, 66, 67, 68, 69, 70, 71]

-- Path iteration 62, λ = 5.155e+00 (r(λ) prev = 100)
  λ=5.000e+00 | Epoch   1 | lr=1.0000e-03 | Recon MSE=9.492781e-04 | ‖ω‖₁=4.944798e-01 | Non-zero modes: 72
  λ=5.000e+00 | Epoch  10 | lr=1.0000e-03 | Recon MSE=9.293807e-04 | ‖ω‖₁=4.899398e-01 | Non-zero modes: 72
  λ=5.000e+00 | Epoch  20 | lr=1.0000e-03 | Recon MSE=9.026784e-04 | ‖ω‖₁=4.873850e-01 | Non-zero modes: 72
  λ=5.000e+00 | Epoch  30 | lr=1.0000e-03 | Recon MSE=9.573383e-04 | ‖ω‖₁=4.883767e-01 | Non-zero modes: 72
  λ=5.000e+00 | Epoch  40 | lr=1.0000e-03 | Recon MSE=8.826588e-04 | ‖ω‖₁=4.888687e-01 | Non-zero modes: 72
  λ=5.000e+00 | Epoch  50 | lr=1.0000e-03 | Recon MSE=9.671067e-04 | ‖ω‖₁=4.909241e-01 | Non-zero modes: 72
  λ=5.000e+00 | Epoch  60 | lr=1.0000e-03 | Recon MSE=9.001847e-04 | ‖ω‖₁=4.876882e-01 | Non-zero modes: 72
  λ=5.000e+00 | Epoch  70 | lr=1.0000e-03 | Recon MSE=9.023060e-04 | ‖ω‖₁=4.889114e-01 | Non-zero modes: 72
  λ=5.000e+00 | Epoch  80 | lr=1.0000e-03 | Recon MSE=9.328608e-04 | ‖ω‖₁=4.897671e-01 | Non-zero modes: 72
  λ=5.000e+00 | Epoch  90 | lr=1.0000e-03 | Recon MSE=9.307939e-04 | ‖ω‖₁=4.879637e-01 | Non-zero modes: 72
  λ=5.000e+00 | Epoch 100 | lr=1.0000e-03 | Recon MSE=9.043599e-04 | ‖ω‖₁=4.887680e-01 | Non-zero modes: 72
Number of selected modes unchanged for 30 consecutive iterations.
  → at λ=5.155e+00: r(λ)=72
  → selected modes: [0, 1, 2, 3, 4, 5, 6, 7, 8, 9, 10, 11, 12, 13, 14, 15, 16, 17, 18, 19, 20, 21, 22, 23, 24, 25, 26, 27, 28, 29, 30, 31, 32, 33, 34, 35, 36, 37, 38, 39, 40, 41, 42, 43, 44, 45, 46, 47, 48, 49, 50, 51, 52, 53, 54, 55, 56, 57, 58, 59, 60, 61, 62, 63, 64, 65, 66, 67, 68, 69, 70, 71]

-- Path iteration 63, λ = 5.157e+00 (r(λ) prev = 100)
  λ=5.000e+00 | Epoch   1 | lr=1.0000e-03 | Recon MSE=9.455443e-04 | ‖ω‖₁=4.944934e-01 | Non-zero modes: 72
  λ=5.000e+00 | Epoch  10 | lr=1.0000e-03 | Recon MSE=8.885484e-04 | ‖ω‖₁=4.912664e-01 | Non-zero modes: 72
  λ=5.000e+00 | Epoch  20 | lr=1.0000e-03 | Recon MSE=9.205504e-04 | ‖ω‖₁=4.892965e-01 | Non-zero modes: 72
  λ=5.000e+00 | Epoch  30 | lr=1.0000e-03 | Recon MSE=8.945201e-04 | ‖ω‖₁=4.908991e-01 | Non-zero modes: 72
  λ=5.000e+00 | Epoch  40 | lr=1.0000e-03 | Recon MSE=9.309696e-04 | ‖ω‖₁=4.903328e-01 | Non-zero modes: 72
  λ=5.000e+00 | Epoch  50 | lr=1.0000e-03 | Recon MSE=9.215723e-04 | ‖ω‖₁=4.906493e-01 | Non-zero modes: 72
  λ=5.000e+00 | Epoch  60 | lr=1.0000e-03 | Recon MSE=8.923581e-04 | ‖ω‖₁=4.905155e-01 | Non-zero modes: 72
  λ=5.000e+00 | Epoch  70 | lr=1.0000e-03 | Recon MSE=9.207830e-04 | ‖ω‖₁=4.908601e-01 | Non-zero modes: 72
  λ=5.000e+00 | Epoch  80 | lr=1.0000e-03 | Recon MSE=9.054178e-04 | ‖ω‖₁=4.920194e-01 | Non-zero modes: 72
  λ=5.000e+00 | Epoch  90 | lr=1.0000e-03 | Recon MSE=9.464697e-04 | ‖ω‖₁=4.911102e-01 | Non-zero modes: 72
  λ=5.000e+00 | Epoch 100 | lr=1.0000e-03 | Recon MSE=9.505518e-04 | ‖ω‖₁=4.919589e-01 | Non-zero modes: 72
Number of selected modes unchanged for 31 consecutive iterations.
  → at λ=5.157e+00: r(λ)=72
  → selected modes: [0, 1, 2, 3, 4, 5, 6, 7, 8, 9, 10, 11, 12, 13, 14, 15, 16, 17, 18, 19, 20, 21, 22, 23, 24, 25, 26, 27, 28, 29, 30, 31, 32, 33, 34, 35, 36, 37, 38, 39, 40, 41, 42, 43, 44, 45, 46, 47, 48, 49, 50, 51, 52, 53, 54, 55, 56, 57, 58, 59, 60, 61, 62, 63, 64, 65, 66, 67, 68, 69, 70, 71]

-- Path iteration 64, λ = 5.160e+00 (r(λ) prev = 100)
  λ=5.000e+00 | Epoch   1 | lr=1.0000e-03 | Recon MSE=9.377099e-04 | ‖ω‖₁=4.957530e-01 | Non-zero modes: 72
  λ=5.000e+00 | Epoch  10 | lr=1.0000e-03 | Recon MSE=9.643690e-04 | ‖ω‖₁=4.910102e-01 | Non-zero modes: 72
  λ=5.000e+00 | Epoch  20 | lr=1.0000e-03 | Recon MSE=9.405536e-04 | ‖ω‖₁=4.914878e-01 | Non-zero modes: 72
  λ=5.000e+00 | Epoch  30 | lr=1.0000e-03 | Recon MSE=9.102885e-04 | ‖ω‖₁=4.933306e-01 | Non-zero modes: 72
  λ=5.000e+00 | Epoch  40 | lr=1.0000e-03 | Recon MSE=9.497606e-04 | ‖ω‖₁=4.928100e-01 | Non-zero modes: 72
  λ=5.000e+00 | Epoch  50 | lr=1.0000e-03 | Recon MSE=9.248103e-04 | ‖ω‖₁=4.944372e-01 | Non-zero modes: 72
  λ=5.000e+00 | Epoch  60 | lr=1.0000e-03 | Recon MSE=9.125569e-04 | ‖ω‖₁=4.951856e-01 | Non-zero modes: 72
  λ=5.000e+00 | Epoch  70 | lr=1.0000e-03 | Recon MSE=9.594631e-04 | ‖ω‖₁=4.959700e-01 | Non-zero modes: 72
  λ=5.000e+00 | Epoch  80 | lr=1.0000e-03 | Recon MSE=9.245123e-04 | ‖ω‖₁=4.942027e-01 | Non-zero modes: 72
  λ=5.000e+00 | Epoch  90 | lr=1.0000e-03 | Recon MSE=9.498352e-04 | ‖ω‖₁=4.947019e-01 | Non-zero modes: 72
  λ=5.000e+00 | Epoch 100 | lr=1.0000e-03 | Recon MSE=9.386137e-04 | ‖ω‖₁=4.972541e-01 | Non-zero modes: 72
Number of selected modes unchanged for 32 consecutive iterations.
  → at λ=5.160e+00: r(λ)=72
  → selected modes: [0, 1, 2, 3, 4, 5, 6, 7, 8, 9, 10, 11, 12, 13, 14, 15, 16, 17, 18, 19, 20, 21, 22, 23, 24, 25, 26, 27, 28, 29, 30, 31, 32, 33, 34, 35, 36, 37, 38, 39, 40, 41, 42, 43, 44, 45, 46, 47, 48, 49, 50, 51, 52, 53, 54, 55, 56, 57, 58, 59, 60, 61, 62, 63, 64, 65, 66, 67, 68, 69, 70, 71]

-- Path iteration 65, λ = 5.163e+00 (r(λ) prev = 100)
  λ=5.000e+00 | Epoch   1 | lr=1.0000e-03 | Recon MSE=9.160886e-04 | ‖ω‖₁=5.001915e-01 | Non-zero modes: 72
  λ=5.000e+00 | Epoch  10 | lr=1.0000e-03 | Recon MSE=9.263368e-04 | ‖ω‖₁=4.941391e-01 | Non-zero modes: 72
  λ=5.000e+00 | Epoch  20 | lr=1.0000e-03 | Recon MSE=9.182057e-04 | ‖ω‖₁=4.934845e-01 | Non-zero modes: 72
  λ=5.000e+00 | Epoch  30 | lr=1.0000e-03 | Recon MSE=9.268776e-04 | ‖ω‖₁=4.938216e-01 | Non-zero modes: 72
  λ=5.000e+00 | Epoch  40 | lr=1.0000e-03 | Recon MSE=9.052550e-04 | ‖ω‖₁=4.930715e-01 | Non-zero modes: 72
  λ=5.000e+00 | Epoch  50 | lr=1.0000e-03 | Recon MSE=9.119490e-04 | ‖ω‖₁=4.924388e-01 | Non-zero modes: 72
  λ=5.000e+00 | Epoch  60 | lr=1.0000e-03 | Recon MSE=9.395185e-04 | ‖ω‖₁=4.948819e-01 | Non-zero modes: 72
  λ=5.000e+00 | Epoch  70 | lr=1.0000e-03 | Recon MSE=9.168695e-04 | ‖ω‖₁=4.951142e-01 | Non-zero modes: 72
  λ=5.000e+00 | Epoch  80 | lr=1.0000e-03 | Recon MSE=9.131629e-04 | ‖ω‖₁=4.936962e-01 | Non-zero modes: 72
  λ=5.000e+00 | Epoch  90 | lr=1.0000e-03 | Recon MSE=9.620978e-04 | ‖ω‖₁=4.922464e-01 | Non-zero modes: 72
  λ=5.000e+00 | Epoch 100 | lr=1.0000e-03 | Recon MSE=9.017227e-04 | ‖ω‖₁=4.924242e-01 | Non-zero modes: 72
Number of selected modes unchanged for 33 consecutive iterations.
  → at λ=5.163e+00: r(λ)=72
  → selected modes: [0, 1, 2, 3, 4, 5, 6, 7, 8, 9, 10, 11, 12, 13, 14, 15, 16, 17, 18, 19, 20, 21, 22, 23, 24, 25, 26, 27, 28, 29, 30, 31, 32, 33, 34, 35, 36, 37, 38, 39, 40, 41, 42, 43, 44, 45, 46, 47, 48, 49, 50, 51, 52, 53, 54, 55, 56, 57, 58, 59, 60, 61, 62, 63, 64, 65, 66, 67, 68, 69, 70, 71]

-- Path iteration 66, λ = 5.165e+00 (r(λ) prev = 100)
  λ=5.000e+00 | Epoch   1 | lr=1.0000e-03 | Recon MSE=9.449161e-04 | ‖ω‖₁=4.966596e-01 | Non-zero modes: 72
  λ=5.000e+00 | Epoch  10 | lr=1.0000e-03 | Recon MSE=9.343202e-04 | ‖ω‖₁=4.978626e-01 | Non-zero modes: 72
  λ=5.000e+00 | Epoch  20 | lr=1.0000e-03 | Recon MSE=9.216040e-04 | ‖ω‖₁=4.933304e-01 | Non-zero modes: 72
  λ=5.000e+00 | Epoch  30 | lr=1.0000e-03 | Recon MSE=8.663641e-04 | ‖ω‖₁=4.913863e-01 | Non-zero modes: 72
  λ=5.000e+00 | Epoch  40 | lr=1.0000e-03 | Recon MSE=9.102627e-04 | ‖ω‖₁=4.901527e-01 | Non-zero modes: 72
  λ=5.000e+00 | Epoch  50 | lr=1.0000e-03 | Recon MSE=9.497611e-04 | ‖ω‖₁=4.937316e-01 | Non-zero modes: 72
  λ=5.000e+00 | Epoch  60 | lr=1.0000e-03 | Recon MSE=9.465421e-04 | ‖ω‖₁=4.922089e-01 | Non-zero modes: 72
  λ=5.000e+00 | Epoch  70 | lr=1.0000e-03 | Recon MSE=9.120630e-04 | ‖ω‖₁=4.915161e-01 | Non-zero modes: 72
  λ=5.000e+00 | Epoch  80 | lr=1.0000e-03 | Recon MSE=9.340205e-04 | ‖ω‖₁=4.952778e-01 | Non-zero modes: 72
  λ=5.000e+00 | Epoch  90 | lr=1.0000e-03 | Recon MSE=9.366550e-04 | ‖ω‖₁=4.961242e-01 | Non-zero modes: 72
  λ=5.000e+00 | Epoch 100 | lr=1.0000e-03 | Recon MSE=9.408451e-04 | ‖ω‖₁=4.949686e-01 | Non-zero modes: 72
Number of selected modes unchanged for 34 consecutive iterations.
  → at λ=5.165e+00: r(λ)=72
  → selected modes: [0, 1, 2, 3, 4, 5, 6, 7, 8, 9, 10, 11, 12, 13, 14, 15, 16, 17, 18, 19, 20, 21, 22, 23, 24, 25, 26, 27, 28, 29, 30, 31, 32, 33, 34, 35, 36, 37, 38, 39, 40, 41, 42, 43, 44, 45, 46, 47, 48, 49, 50, 51, 52, 53, 54, 55, 56, 57, 58, 59, 60, 61, 62, 63, 64, 65, 66, 67, 68, 69, 70, 71]

-- Path iteration 67, λ = 5.168e+00 (r(λ) prev = 100)
  λ=5.000e+00 | Epoch   1 | lr=1.0000e-03 | Recon MSE=9.000579e-04 | ‖ω‖₁=4.993305e-01 | Non-zero modes: 72
  λ=5.000e+00 | Epoch  10 | lr=1.0000e-03 | Recon MSE=9.192595e-04 | ‖ω‖₁=4.984462e-01 | Non-zero modes: 72
  λ=5.000e+00 | Epoch  20 | lr=1.0000e-03 | Recon MSE=9.116526e-04 | ‖ω‖₁=4.941019e-01 | Non-zero modes: 72
  λ=5.000e+00 | Epoch  30 | lr=1.0000e-03 | Recon MSE=9.085725e-04 | ‖ω‖₁=4.950012e-01 | Non-zero modes: 72
  λ=5.000e+00 | Epoch  40 | lr=1.0000e-03 | Recon MSE=9.290564e-04 | ‖ω‖₁=4.943002e-01 | Non-zero modes: 72
  λ=5.000e+00 | Epoch  50 | lr=1.0000e-03 | Recon MSE=9.002152e-04 | ‖ω‖₁=4.952767e-01 | Non-zero modes: 72
  λ=5.000e+00 | Epoch  60 | lr=1.0000e-03 | Recon MSE=9.061121e-04 | ‖ω‖₁=4.922598e-01 | Non-zero modes: 72
  λ=5.000e+00 | Epoch  70 | lr=1.0000e-03 | Recon MSE=9.205025e-04 | ‖ω‖₁=4.944974e-01 | Non-zero modes: 72
  λ=5.000e+00 | Epoch  80 | lr=1.0000e-03 | Recon MSE=9.530703e-04 | ‖ω‖₁=4.958656e-01 | Non-zero modes: 72
  λ=5.000e+00 | Epoch  90 | lr=1.0000e-03 | Recon MSE=9.271631e-04 | ‖ω‖₁=4.957138e-01 | Non-zero modes: 72
  λ=5.000e+00 | Epoch 100 | lr=1.0000e-03 | Recon MSE=8.955711e-04 | ‖ω‖₁=4.952480e-01 | Non-zero modes: 72
Number of selected modes unchanged for 35 consecutive iterations.
  → at λ=5.168e+00: r(λ)=72
  → selected modes: [0, 1, 2, 3, 4, 5, 6, 7, 8, 9, 10, 11, 12, 13, 14, 15, 16, 17, 18, 19, 20, 21, 22, 23, 24, 25, 26, 27, 28, 29, 30, 31, 32, 33, 34, 35, 36, 37, 38, 39, 40, 41, 42, 43, 44, 45, 46, 47, 48, 49, 50, 51, 52, 53, 54, 55, 56, 57, 58, 59, 60, 61, 62, 63, 64, 65, 66, 67, 68, 69, 70, 71]

-- Path iteration 68, λ = 5.170e+00 (r(λ) prev = 100)
  λ=5.000e+00 | Epoch   1 | lr=1.0000e-03 | Recon MSE=9.664458e-04 | ‖ω‖₁=4.987508e-01 | Non-zero modes: 72
  λ=5.000e+00 | Epoch  10 | lr=1.0000e-03 | Recon MSE=9.092181e-04 | ‖ω‖₁=4.946648e-01 | Non-zero modes: 72
  λ=5.000e+00 | Epoch  20 | lr=1.0000e-03 | Recon MSE=9.388388e-04 | ‖ω‖₁=4.948146e-01 | Non-zero modes: 72
  λ=5.000e+00 | Epoch  30 | lr=1.0000e-03 | Recon MSE=9.436046e-04 | ‖ω‖₁=4.957611e-01 | Non-zero modes: 72
  λ=5.000e+00 | Epoch  40 | lr=1.0000e-03 | Recon MSE=9.380037e-04 | ‖ω‖₁=4.974602e-01 | Non-zero modes: 72
  λ=5.000e+00 | Epoch  50 | lr=1.0000e-03 | Recon MSE=9.310040e-04 | ‖ω‖₁=4.969834e-01 | Non-zero modes: 72
  λ=5.000e+00 | Epoch  60 | lr=1.0000e-03 | Recon MSE=9.160774e-04 | ‖ω‖₁=4.946823e-01 | Non-zero modes: 72
  λ=5.000e+00 | Epoch  70 | lr=1.0000e-03 | Recon MSE=9.047620e-04 | ‖ω‖₁=4.930923e-01 | Non-zero modes: 72
  λ=5.000e+00 | Epoch  80 | lr=1.0000e-03 | Recon MSE=9.421802e-04 | ‖ω‖₁=4.963328e-01 | Non-zero modes: 72
  λ=5.000e+00 | Epoch  90 | lr=1.0000e-03 | Recon MSE=9.405328e-04 | ‖ω‖₁=4.958018e-01 | Non-zero modes: 72
  λ=5.000e+00 | Epoch 100 | lr=1.0000e-03 | Recon MSE=9.503700e-04 | ‖ω‖₁=4.953008e-01 | Non-zero modes: 72
Number of selected modes unchanged for 36 consecutive iterations.
  → at λ=5.170e+00: r(λ)=72
  → selected modes: [0, 1, 2, 3, 4, 5, 6, 7, 8, 9, 10, 11, 12, 13, 14, 15, 16, 17, 18, 19, 20, 21, 22, 23, 24, 25, 26, 27, 28, 29, 30, 31, 32, 33, 34, 35, 36, 37, 38, 39, 40, 41, 42, 43, 44, 45, 46, 47, 48, 49, 50, 51, 52, 53, 54, 55, 56, 57, 58, 59, 60, 61, 62, 63, 64, 65, 66, 67, 68, 69, 70, 71]

-- Path iteration 69, λ = 5.173e+00 (r(λ) prev = 100)
  λ=5.000e+00 | Epoch   1 | lr=1.0000e-03 | Recon MSE=9.728960e-04 | ‖ω‖₁=4.993914e-01 | Non-zero modes: 72
  λ=5.000e+00 | Epoch  10 | lr=1.0000e-03 | Recon MSE=8.817924e-04 | ‖ω‖₁=4.968570e-01 | Non-zero modes: 72
  λ=5.000e+00 | Epoch  20 | lr=1.0000e-03 | Recon MSE=8.857786e-04 | ‖ω‖₁=4.957933e-01 | Non-zero modes: 72
  λ=5.000e+00 | Epoch  30 | lr=1.0000e-03 | Recon MSE=8.704214e-04 | ‖ω‖₁=4.943120e-01 | Non-zero modes: 72
  λ=5.000e+00 | Epoch  40 | lr=1.0000e-03 | Recon MSE=8.934980e-04 | ‖ω‖₁=4.933984e-01 | Non-zero modes: 72
  λ=5.000e+00 | Epoch  50 | lr=1.0000e-03 | Recon MSE=9.258974e-04 | ‖ω‖₁=4.959181e-01 | Non-zero modes: 72
  λ=5.000e+00 | Epoch  60 | lr=1.0000e-03 | Recon MSE=8.674739e-04 | ‖ω‖₁=4.958461e-01 | Non-zero modes: 72
  λ=5.000e+00 | Epoch  70 | lr=1.0000e-03 | Recon MSE=9.467378e-04 | ‖ω‖₁=4.939874e-01 | Non-zero modes: 72
  λ=5.000e+00 | Epoch  80 | lr=1.0000e-03 | Recon MSE=9.045761e-04 | ‖ω‖₁=4.936978e-01 | Non-zero modes: 72
  λ=5.000e+00 | Epoch  90 | lr=1.0000e-03 | Recon MSE=8.886720e-04 | ‖ω‖₁=4.939103e-01 | Non-zero modes: 72
  λ=5.000e+00 | Epoch 100 | lr=1.0000e-03 | Recon MSE=9.220767e-04 | ‖ω‖₁=4.923642e-01 | Non-zero modes: 72
Number of selected modes unchanged for 37 consecutive iterations.
  → at λ=5.173e+00: r(λ)=72
  → selected modes: [0, 1, 2, 3, 4, 5, 6, 7, 8, 9, 10, 11, 12, 13, 14, 15, 16, 17, 18, 19, 20, 21, 22, 23, 24, 25, 26, 27, 28, 29, 30, 31, 32, 33, 34, 35, 36, 37, 38, 39, 40, 41, 42, 43, 44, 45, 46, 47, 48, 49, 50, 51, 52, 53, 54, 55, 56, 57, 58, 59, 60, 61, 62, 63, 64, 65, 66, 67, 68, 69, 70, 71]

-- Path iteration 70, λ = 5.175e+00 (r(λ) prev = 100)
  λ=5.000e+00 | Epoch   1 | lr=1.0000e-03 | Recon MSE=9.161756e-04 | ‖ω‖₁=4.963768e-01 | Non-zero modes: 72
  λ=5.000e+00 | Epoch  10 | lr=1.0000e-03 | Recon MSE=9.274278e-04 | ‖ω‖₁=4.931626e-01 | Non-zero modes: 72
  λ=5.000e+00 | Epoch  20 | lr=1.0000e-03 | Recon MSE=9.231628e-04 | ‖ω‖₁=4.944020e-01 | Non-zero modes: 72
  λ=5.000e+00 | Epoch  30 | lr=1.0000e-03 | Recon MSE=9.297491e-04 | ‖ω‖₁=4.928339e-01 | Non-zero modes: 72
  λ=5.000e+00 | Epoch  40 | lr=1.0000e-03 | Recon MSE=9.316295e-04 | ‖ω‖₁=4.934107e-01 | Non-zero modes: 72
  λ=5.000e+00 | Epoch  50 | lr=1.0000e-03 | Recon MSE=9.588316e-04 | ‖ω‖₁=4.916212e-01 | Non-zero modes: 72
  λ=5.000e+00 | Epoch  60 | lr=1.0000e-03 | Recon MSE=9.233362e-04 | ‖ω‖₁=4.905288e-01 | Non-zero modes: 72
  λ=5.000e+00 | Epoch  70 | lr=1.0000e-03 | Recon MSE=9.535598e-04 | ‖ω‖₁=4.911915e-01 | Non-zero modes: 72
  λ=5.000e+00 | Epoch  80 | lr=1.0000e-03 | Recon MSE=8.938742e-04 | ‖ω‖₁=4.908386e-01 | Non-zero modes: 72
  λ=5.000e+00 | Epoch  90 | lr=1.0000e-03 | Recon MSE=9.088063e-04 | ‖ω‖₁=4.920810e-01 | Non-zero modes: 72
  λ=5.000e+00 | Epoch 100 | lr=1.0000e-03 | Recon MSE=9.056651e-04 | ‖ω‖₁=4.889830e-01 | Non-zero modes: 72
Number of selected modes unchanged for 38 consecutive iterations.
  → at λ=5.175e+00: r(λ)=72
  → selected modes: [0, 1, 2, 3, 4, 5, 6, 7, 8, 9, 10, 11, 12, 13, 14, 15, 16, 17, 18, 19, 20, 21, 22, 23, 24, 25, 26, 27, 28, 29, 30, 31, 32, 33, 34, 35, 36, 37, 38, 39, 40, 41, 42, 43, 44, 45, 46, 47, 48, 49, 50, 51, 52, 53, 54, 55, 56, 57, 58, 59, 60, 61, 62, 63, 64, 65, 66, 67, 68, 69, 70, 71]

-- Path iteration 71, λ = 5.178e+00 (r(λ) prev = 100)
  λ=5.000e+00 | Epoch   1 | lr=1.0000e-03 | Recon MSE=9.413526e-04 | ‖ω‖₁=4.938779e-01 | Non-zero modes: 72
  λ=5.000e+00 | Epoch  10 | lr=1.0000e-03 | Recon MSE=8.702312e-04 | ‖ω‖₁=4.943275e-01 | Non-zero modes: 72
  λ=5.000e+00 | Epoch  20 | lr=1.0000e-03 | Recon MSE=9.192668e-04 | ‖ω‖₁=4.939335e-01 | Non-zero modes: 72
  λ=5.000e+00 | Epoch  30 | lr=1.0000e-03 | Recon MSE=9.278185e-04 | ‖ω‖₁=4.947708e-01 | Non-zero modes: 72
  λ=5.000e+00 | Epoch  40 | lr=1.0000e-03 | Recon MSE=9.111219e-04 | ‖ω‖₁=4.954222e-01 | Non-zero modes: 72
  λ=5.000e+00 | Epoch  50 | lr=1.0000e-03 | Recon MSE=9.123355e-04 | ‖ω‖₁=4.967608e-01 | Non-zero modes: 72
  λ=5.000e+00 | Epoch  60 | lr=1.0000e-03 | Recon MSE=9.142387e-04 | ‖ω‖₁=4.959744e-01 | Non-zero modes: 72
  λ=5.000e+00 | Epoch  70 | lr=1.0000e-03 | Recon MSE=9.217105e-04 | ‖ω‖₁=4.955164e-01 | Non-zero modes: 72
  λ=5.000e+00 | Epoch  80 | lr=1.0000e-03 | Recon MSE=9.624151e-04 | ‖ω‖₁=4.953852e-01 | Non-zero modes: 72
  λ=5.000e+00 | Epoch  90 | lr=1.0000e-03 | Recon MSE=8.859884e-04 | ‖ω‖₁=4.967697e-01 | Non-zero modes: 72
  λ=5.000e+00 | Epoch 100 | lr=1.0000e-03 | Recon MSE=9.057254e-04 | ‖ω‖₁=4.935902e-01 | Non-zero modes: 72
Number of selected modes unchanged for 39 consecutive iterations.
  → at λ=5.178e+00: r(λ)=72
  → selected modes: [0, 1, 2, 3, 4, 5, 6, 7, 8, 9, 10, 11, 12, 13, 14, 15, 16, 17, 18, 19, 20, 21, 22, 23, 24, 25, 26, 27, 28, 29, 30, 31, 32, 33, 34, 35, 36, 37, 38, 39, 40, 41, 42, 43, 44, 45, 46, 47, 48, 49, 50, 51, 52, 53, 54, 55, 56, 57, 58, 59, 60, 61, 62, 63, 64, 65, 66, 67, 68, 69, 70, 71]

-- Path iteration 72, λ = 5.181e+00 (r(λ) prev = 100)
  λ=5.000e+00 | Epoch   1 | lr=1.0000e-03 | Recon MSE=9.276324e-04 | ‖ω‖₁=4.981193e-01 | Non-zero modes: 72
  λ=5.000e+00 | Epoch  10 | lr=1.0000e-03 | Recon MSE=8.956444e-04 | ‖ω‖₁=4.965495e-01 | Non-zero modes: 72
  λ=5.000e+00 | Epoch  20 | lr=1.0000e-03 | Recon MSE=9.359578e-04 | ‖ω‖₁=4.953263e-01 | Non-zero modes: 72
  λ=5.000e+00 | Epoch  30 | lr=1.0000e-03 | Recon MSE=9.302012e-04 | ‖ω‖₁=4.948579e-01 | Non-zero modes: 72
  λ=5.000e+00 | Epoch  40 | lr=1.0000e-03 | Recon MSE=9.136920e-04 | ‖ω‖₁=4.957132e-01 | Non-zero modes: 72
  λ=5.000e+00 | Epoch  50 | lr=1.0000e-03 | Recon MSE=9.099749e-04 | ‖ω‖₁=4.943767e-01 | Non-zero modes: 72
  λ=5.000e+00 | Epoch  60 | lr=1.0000e-03 | Recon MSE=9.706152e-04 | ‖ω‖₁=4.937766e-01 | Non-zero modes: 72
  λ=5.000e+00 | Epoch  70 | lr=1.0000e-03 | Recon MSE=8.834333e-04 | ‖ω‖₁=4.918289e-01 | Non-zero modes: 72
  λ=5.000e+00 | Epoch  80 | lr=1.0000e-03 | Recon MSE=9.437153e-04 | ‖ω‖₁=4.910389e-01 | Non-zero modes: 72
  λ=5.000e+00 | Epoch  90 | lr=1.0000e-03 | Recon MSE=9.121709e-04 | ‖ω‖₁=4.937441e-01 | Non-zero modes: 72
  λ=5.000e+00 | Epoch 100 | lr=1.0000e-03 | Recon MSE=9.244477e-04 | ‖ω‖₁=4.961067e-01 | Non-zero modes: 72
Number of selected modes unchanged for 40 consecutive iterations.
  → at λ=5.181e+00: r(λ)=72
  → selected modes: [0, 1, 2, 3, 4, 5, 6, 7, 8, 9, 10, 11, 12, 13, 14, 15, 16, 17, 18, 19, 20, 21, 22, 23, 24, 25, 26, 27, 28, 29, 30, 31, 32, 33, 34, 35, 36, 37, 38, 39, 40, 41, 42, 43, 44, 45, 46, 47, 48, 49, 50, 51, 52, 53, 54, 55, 56, 57, 58, 59, 60, 61, 62, 63, 64, 65, 66, 67, 68, 69, 70, 71]

-- Path iteration 73, λ = 5.183e+00 (r(λ) prev = 100)
  λ=5.000e+00 | Epoch   1 | lr=1.0000e-03 | Recon MSE=9.537561e-04 | ‖ω‖₁=4.994907e-01 | Non-zero modes: 72
  λ=5.000e+00 | Epoch  10 | lr=1.0000e-03 | Recon MSE=9.107875e-04 | ‖ω‖₁=4.967723e-01 | Non-zero modes: 72
  λ=5.000e+00 | Epoch  20 | lr=1.0000e-03 | Recon MSE=9.127217e-04 | ‖ω‖₁=4.926171e-01 | Non-zero modes: 72
  λ=5.000e+00 | Epoch  30 | lr=1.0000e-03 | Recon MSE=9.411808e-04 | ‖ω‖₁=4.937337e-01 | Non-zero modes: 72
  λ=5.000e+00 | Epoch  40 | lr=1.0000e-03 | Recon MSE=9.291942e-04 | ‖ω‖₁=4.948585e-01 | Non-zero modes: 72
  λ=5.000e+00 | Epoch  50 | lr=1.0000e-03 | Recon MSE=9.286520e-04 | ‖ω‖₁=4.925343e-01 | Non-zero modes: 72
  λ=5.000e+00 | Epoch  60 | lr=1.0000e-03 | Recon MSE=9.111867e-04 | ‖ω‖₁=4.920557e-01 | Non-zero modes: 72
  λ=5.000e+00 | Epoch  70 | lr=1.0000e-03 | Recon MSE=9.703129e-04 | ‖ω‖₁=4.941006e-01 | Non-zero modes: 72
  λ=5.000e+00 | Epoch  80 | lr=1.0000e-03 | Recon MSE=9.489096e-04 | ‖ω‖₁=4.948764e-01 | Non-zero modes: 72
  λ=5.000e+00 | Epoch  90 | lr=1.0000e-03 | Recon MSE=9.017512e-04 | ‖ω‖₁=4.949600e-01 | Non-zero modes: 72
  λ=5.000e+00 | Epoch 100 | lr=1.0000e-03 | Recon MSE=9.293322e-04 | ‖ω‖₁=4.943560e-01 | Non-zero modes: 72
Number of selected modes unchanged for 41 consecutive iterations.
  → at λ=5.183e+00: r(λ)=72
  → selected modes: [0, 1, 2, 3, 4, 5, 6, 7, 8, 9, 10, 11, 12, 13, 14, 15, 16, 17, 18, 19, 20, 21, 22, 23, 24, 25, 26, 27, 28, 29, 30, 31, 32, 33, 34, 35, 36, 37, 38, 39, 40, 41, 42, 43, 44, 45, 46, 47, 48, 49, 50, 51, 52, 53, 54, 55, 56, 57, 58, 59, 60, 61, 62, 63, 64, 65, 66, 67, 68, 69, 70, 71]

-- Path iteration 74, λ = 5.186e+00 (r(λ) prev = 100)
  λ=5.000e+00 | Epoch   1 | lr=1.0000e-03 | Recon MSE=1.005216e-03 | ‖ω‖₁=4.980423e-01 | Non-zero modes: 72
  λ=5.000e+00 | Epoch  10 | lr=1.0000e-03 | Recon MSE=9.120414e-04 | ‖ω‖₁=4.967853e-01 | Non-zero modes: 72
  λ=5.000e+00 | Epoch  20 | lr=1.0000e-03 | Recon MSE=9.351870e-04 | ‖ω‖₁=4.963193e-01 | Non-zero modes: 72
  λ=5.000e+00 | Epoch  30 | lr=1.0000e-03 | Recon MSE=8.998531e-04 | ‖ω‖₁=4.967667e-01 | Non-zero modes: 72
  λ=5.000e+00 | Epoch  40 | lr=1.0000e-03 | Recon MSE=9.644016e-04 | ‖ω‖₁=4.946800e-01 | Non-zero modes: 72
  λ=5.000e+00 | Epoch  50 | lr=1.0000e-03 | Recon MSE=9.062737e-04 | ‖ω‖₁=4.955433e-01 | Non-zero modes: 72
  λ=5.000e+00 | Epoch  60 | lr=1.0000e-03 | Recon MSE=8.896601e-04 | ‖ω‖₁=4.955376e-01 | Non-zero modes: 72
  λ=5.000e+00 | Epoch  70 | lr=1.0000e-03 | Recon MSE=9.058901e-04 | ‖ω‖₁=4.974342e-01 | Non-zero modes: 72
  λ=5.000e+00 | Epoch  80 | lr=1.0000e-03 | Recon MSE=8.990709e-04 | ‖ω‖₁=4.988853e-01 | Non-zero modes: 72
  λ=5.000e+00 | Epoch  90 | lr=1.0000e-03 | Recon MSE=9.254650e-04 | ‖ω‖₁=4.981826e-01 | Non-zero modes: 72
  λ=5.000e+00 | Epoch 100 | lr=1.0000e-03 | Recon MSE=9.575178e-04 | ‖ω‖₁=4.970162e-01 | Non-zero modes: 72
Number of selected modes unchanged for 42 consecutive iterations.
  → at λ=5.186e+00: r(λ)=72
  → selected modes: [0, 1, 2, 3, 4, 5, 6, 7, 8, 9, 10, 11, 12, 13, 14, 15, 16, 17, 18, 19, 20, 21, 22, 23, 24, 25, 26, 27, 28, 29, 30, 31, 32, 33, 34, 35, 36, 37, 38, 39, 40, 41, 42, 43, 44, 45, 46, 47, 48, 49, 50, 51, 52, 53, 54, 55, 56, 57, 58, 59, 60, 61, 62, 63, 64, 65, 66, 67, 68, 69, 70, 71]

-- Path iteration 75, λ = 5.188e+00 (r(λ) prev = 100)
  λ=5.000e+00 | Epoch   1 | lr=1.0000e-03 | Recon MSE=9.340239e-04 | ‖ω‖₁=5.020848e-01 | Non-zero modes: 72
  λ=5.000e+00 | Epoch  10 | lr=1.0000e-03 | Recon MSE=9.078341e-04 | ‖ω‖₁=5.001624e-01 | Non-zero modes: 72
  λ=5.000e+00 | Epoch  20 | lr=1.0000e-03 | Recon MSE=9.175123e-04 | ‖ω‖₁=4.975786e-01 | Non-zero modes: 72
  λ=5.000e+00 | Epoch  30 | lr=1.0000e-03 | Recon MSE=9.414804e-04 | ‖ω‖₁=4.979614e-01 | Non-zero modes: 72
  λ=5.000e+00 | Epoch  40 | lr=1.0000e-03 | Recon MSE=8.952436e-04 | ‖ω‖₁=4.973802e-01 | Non-zero modes: 72
  λ=5.000e+00 | Epoch  50 | lr=1.0000e-03 | Recon MSE=9.064356e-04 | ‖ω‖₁=4.970843e-01 | Non-zero modes: 72
  λ=5.000e+00 | Epoch  60 | lr=1.0000e-03 | Recon MSE=9.050829e-04 | ‖ω‖₁=4.957647e-01 | Non-zero modes: 72
  λ=5.000e+00 | Epoch  70 | lr=1.0000e-03 | Recon MSE=9.121816e-04 | ‖ω‖₁=4.978061e-01 | Non-zero modes: 72
  λ=5.000e+00 | Epoch  80 | lr=1.0000e-03 | Recon MSE=9.116125e-04 | ‖ω‖₁=4.980918e-01 | Non-zero modes: 72
  λ=5.000e+00 | Epoch  90 | lr=1.0000e-03 | Recon MSE=9.528357e-04 | ‖ω‖₁=4.950160e-01 | Non-zero modes: 72
  λ=5.000e+00 | Epoch 100 | lr=1.0000e-03 | Recon MSE=9.167651e-04 | ‖ω‖₁=4.969238e-01 | Non-zero modes: 72
Number of selected modes unchanged for 43 consecutive iterations.
  → at λ=5.188e+00: r(λ)=72
  → selected modes: [0, 1, 2, 3, 4, 5, 6, 7, 8, 9, 10, 11, 12, 13, 14, 15, 16, 17, 18, 19, 20, 21, 22, 23, 24, 25, 26, 27, 28, 29, 30, 31, 32, 33, 34, 35, 36, 37, 38, 39, 40, 41, 42, 43, 44, 45, 46, 47, 48, 49, 50, 51, 52, 53, 54, 55, 56, 57, 58, 59, 60, 61, 62, 63, 64, 65, 66, 67, 68, 69, 70, 71]

-- Path iteration 76, λ = 5.191e+00 (r(λ) prev = 100)
  λ=5.000e+00 | Epoch   1 | lr=1.0000e-03 | Recon MSE=9.602048e-04 | ‖ω‖₁=5.005984e-01 | Non-zero modes: 72
  λ=5.000e+00 | Epoch  10 | lr=1.0000e-03 | Recon MSE=9.377484e-04 | ‖ω‖₁=4.997227e-01 | Non-zero modes: 72
  λ=5.000e+00 | Epoch  20 | lr=1.0000e-03 | Recon MSE=9.834632e-04 | ‖ω‖₁=4.981489e-01 | Non-zero modes: 72
  λ=5.000e+00 | Epoch  30 | lr=1.0000e-03 | Recon MSE=9.488403e-04 | ‖ω‖₁=5.004059e-01 | Non-zero modes: 72
  λ=5.000e+00 | Epoch  40 | lr=1.0000e-03 | Recon MSE=9.444255e-04 | ‖ω‖₁=4.992395e-01 | Non-zero modes: 72
  λ=5.000e+00 | Epoch  50 | lr=1.0000e-03 | Recon MSE=9.326194e-04 | ‖ω‖₁=4.995234e-01 | Non-zero modes: 72
  λ=5.000e+00 | Epoch  60 | lr=1.0000e-03 | Recon MSE=8.999215e-04 | ‖ω‖₁=4.976559e-01 | Non-zero modes: 72
  λ=5.000e+00 | Epoch  70 | lr=1.0000e-03 | Recon MSE=9.311562e-04 | ‖ω‖₁=4.952474e-01 | Non-zero modes: 72
  λ=5.000e+00 | Epoch  80 | lr=1.0000e-03 | Recon MSE=9.187711e-04 | ‖ω‖₁=4.958081e-01 | Non-zero modes: 72
  λ=5.000e+00 | Epoch  90 | lr=1.0000e-03 | Recon MSE=8.867769e-04 | ‖ω‖₁=4.927374e-01 | Non-zero modes: 72
  λ=5.000e+00 | Epoch 100 | lr=1.0000e-03 | Recon MSE=9.277675e-04 | ‖ω‖₁=4.943603e-01 | Non-zero modes: 72
Number of selected modes unchanged for 44 consecutive iterations.
  → at λ=5.191e+00: r(λ)=72
  → selected modes: [0, 1, 2, 3, 4, 5, 6, 7, 8, 9, 10, 11, 12, 13, 14, 15, 16, 17, 18, 19, 20, 21, 22, 23, 24, 25, 26, 27, 28, 29, 30, 31, 32, 33, 34, 35, 36, 37, 38, 39, 40, 41, 42, 43, 44, 45, 46, 47, 48, 49, 50, 51, 52, 53, 54, 55, 56, 57, 58, 59, 60, 61, 62, 63, 64, 65, 66, 67, 68, 69, 70, 71]

-- Path iteration 77, λ = 5.194e+00 (r(λ) prev = 100)
  λ=5.000e+00 | Epoch   1 | lr=1.0000e-03 | Recon MSE=9.282719e-04 | ‖ω‖₁=4.996493e-01 | Non-zero modes: 72
  λ=5.000e+00 | Epoch  10 | lr=1.0000e-03 | Recon MSE=8.850210e-04 | ‖ω‖₁=4.973332e-01 | Non-zero modes: 72
  λ=5.000e+00 | Epoch  20 | lr=1.0000e-03 | Recon MSE=9.334742e-04 | ‖ω‖₁=4.953900e-01 | Non-zero modes: 72
  λ=5.000e+00 | Epoch  30 | lr=1.0000e-03 | Recon MSE=9.328467e-04 | ‖ω‖₁=4.930427e-01 | Non-zero modes: 72
  λ=5.000e+00 | Epoch  40 | lr=1.0000e-03 | Recon MSE=9.239184e-04 | ‖ω‖₁=4.943123e-01 | Non-zero modes: 72
  λ=5.000e+00 | Epoch  50 | lr=1.0000e-03 | Recon MSE=9.531927e-04 | ‖ω‖₁=4.926476e-01 | Non-zero modes: 72
  λ=5.000e+00 | Epoch  60 | lr=1.0000e-03 | Recon MSE=9.102790e-04 | ‖ω‖₁=4.937958e-01 | Non-zero modes: 72
  λ=5.000e+00 | Epoch  70 | lr=1.0000e-03 | Recon MSE=9.482266e-04 | ‖ω‖₁=4.934746e-01 | Non-zero modes: 72
  λ=5.000e+00 | Epoch  80 | lr=1.0000e-03 | Recon MSE=9.732821e-04 | ‖ω‖₁=4.937642e-01 | Non-zero modes: 72
  λ=5.000e+00 | Epoch  90 | lr=1.0000e-03 | Recon MSE=9.591784e-04 | ‖ω‖₁=4.958067e-01 | Non-zero modes: 72
  λ=5.000e+00 | Epoch 100 | lr=1.0000e-03 | Recon MSE=9.181393e-04 | ‖ω‖₁=4.972176e-01 | Non-zero modes: 72
Number of selected modes unchanged for 45 consecutive iterations.
  → at λ=5.194e+00: r(λ)=72
  → selected modes: [0, 1, 2, 3, 4, 5, 6, 7, 8, 9, 10, 11, 12, 13, 14, 15, 16, 17, 18, 19, 20, 21, 22, 23, 24, 25, 26, 27, 28, 29, 30, 31, 32, 33, 34, 35, 36, 37, 38, 39, 40, 41, 42, 43, 44, 45, 46, 47, 48, 49, 50, 51, 52, 53, 54, 55, 56, 57, 58, 59, 60, 61, 62, 63, 64, 65, 66, 67, 68, 69, 70, 71]

-- Path iteration 78, λ = 5.196e+00 (r(λ) prev = 100)
  λ=5.000e+00 | Epoch   1 | lr=1.0000e-03 | Recon MSE=9.713562e-04 | ‖ω‖₁=5.003599e-01 | Non-zero modes: 72
  λ=5.000e+00 | Epoch  10 | lr=1.0000e-03 | Recon MSE=8.985963e-04 | ‖ω‖₁=4.944657e-01 | Non-zero modes: 72
  λ=5.000e+00 | Epoch  20 | lr=1.0000e-03 | Recon MSE=9.317699e-04 | ‖ω‖₁=4.949608e-01 | Non-zero modes: 72
  λ=5.000e+00 | Epoch  30 | lr=1.0000e-03 | Recon MSE=9.815596e-04 | ‖ω‖₁=4.973933e-01 | Non-zero modes: 72
  λ=5.000e+00 | Epoch  40 | lr=1.0000e-03 | Recon MSE=9.314805e-04 | ‖ω‖₁=4.950413e-01 | Non-zero modes: 72
  λ=5.000e+00 | Epoch  50 | lr=1.0000e-03 | Recon MSE=9.112395e-04 | ‖ω‖₁=4.949401e-01 | Non-zero modes: 72
  λ=5.000e+00 | Epoch  60 | lr=1.0000e-03 | Recon MSE=9.043508e-04 | ‖ω‖₁=4.961471e-01 | Non-zero modes: 72
  λ=5.000e+00 | Epoch  70 | lr=1.0000e-03 | Recon MSE=9.370327e-04 | ‖ω‖₁=4.958631e-01 | Non-zero modes: 72
  λ=5.000e+00 | Epoch  80 | lr=1.0000e-03 | Recon MSE=9.344134e-04 | ‖ω‖₁=4.978918e-01 | Non-zero modes: 72
  λ=5.000e+00 | Epoch  90 | lr=1.0000e-03 | Recon MSE=9.302532e-04 | ‖ω‖₁=4.974479e-01 | Non-zero modes: 72
  λ=5.000e+00 | Epoch 100 | lr=1.0000e-03 | Recon MSE=9.171217e-04 | ‖ω‖₁=4.966190e-01 | Non-zero modes: 72
Number of selected modes unchanged for 46 consecutive iterations.
  → at λ=5.196e+00: r(λ)=72
  → selected modes: [0, 1, 2, 3, 4, 5, 6, 7, 8, 9, 10, 11, 12, 13, 14, 15, 16, 17, 18, 19, 20, 21, 22, 23, 24, 25, 26, 27, 28, 29, 30, 31, 32, 33, 34, 35, 36, 37, 38, 39, 40, 41, 42, 43, 44, 45, 46, 47, 48, 49, 50, 51, 52, 53, 54, 55, 56, 57, 58, 59, 60, 61, 62, 63, 64, 65, 66, 67, 68, 69, 70, 71]

-- Path iteration 79, λ = 5.199e+00 (r(λ) prev = 100)
  λ=5.000e+00 | Epoch   1 | lr=1.0000e-03 | Recon MSE=9.305648e-04 | ‖ω‖₁=5.011764e-01 | Non-zero modes: 72
  λ=5.000e+00 | Epoch  10 | lr=1.0000e-03 | Recon MSE=8.940962e-04 | ‖ω‖₁=5.020156e-01 | Non-zero modes: 72
  λ=5.000e+00 | Epoch  20 | lr=1.0000e-03 | Recon MSE=9.085574e-04 | ‖ω‖₁=4.977586e-01 | Non-zero modes: 72
  λ=5.000e+00 | Epoch  30 | lr=1.0000e-03 | Recon MSE=9.048273e-04 | ‖ω‖₁=4.936213e-01 | Non-zero modes: 72
  λ=5.000e+00 | Epoch  40 | lr=1.0000e-03 | Recon MSE=9.839146e-04 | ‖ω‖₁=4.945536e-01 | Non-zero modes: 72
  λ=5.000e+00 | Epoch  50 | lr=1.0000e-03 | Recon MSE=9.384895e-04 | ‖ω‖₁=4.954593e-01 | Non-zero modes: 72
  λ=5.000e+00 | Epoch  60 | lr=1.0000e-03 | Recon MSE=9.024863e-04 | ‖ω‖₁=4.944344e-01 | Non-zero modes: 72
  λ=5.000e+00 | Epoch  70 | lr=1.0000e-03 | Recon MSE=9.376920e-04 | ‖ω‖₁=4.963573e-01 | Non-zero modes: 72
  λ=5.000e+00 | Epoch  80 | lr=1.0000e-03 | Recon MSE=9.256678e-04 | ‖ω‖₁=4.965522e-01 | Non-zero modes: 72
  λ=5.000e+00 | Epoch  90 | lr=1.0000e-03 | Recon MSE=9.583496e-04 | ‖ω‖₁=4.969136e-01 | Non-zero modes: 72
  λ=5.000e+00 | Epoch 100 | lr=1.0000e-03 | Recon MSE=9.413916e-04 | ‖ω‖₁=4.978272e-01 | Non-zero modes: 72
Number of selected modes unchanged for 47 consecutive iterations.
  → at λ=5.199e+00: r(λ)=72
  → selected modes: [0, 1, 2, 3, 4, 5, 6, 7, 8, 9, 10, 11, 12, 13, 14, 15, 16, 17, 18, 19, 20, 21, 22, 23, 24, 25, 26, 27, 28, 29, 30, 31, 32, 33, 34, 35, 36, 37, 38, 39, 40, 41, 42, 43, 44, 45, 46, 47, 48, 49, 50, 51, 52, 53, 54, 55, 56, 57, 58, 59, 60, 61, 62, 63, 64, 65, 66, 67, 68, 69, 70, 71]

-- Path iteration 80, λ = 5.201e+00 (r(λ) prev = 100)
  λ=5.000e+00 | Epoch   1 | lr=1.0000e-03 | Recon MSE=9.417848e-04 | ‖ω‖₁=5.024298e-01 | Non-zero modes: 72
  λ=5.000e+00 | Epoch  10 | lr=1.0000e-03 | Recon MSE=8.930516e-04 | ‖ω‖₁=4.984139e-01 | Non-zero modes: 72
  λ=5.000e+00 | Epoch  20 | lr=1.0000e-03 | Recon MSE=9.109233e-04 | ‖ω‖₁=4.971198e-01 | Non-zero modes: 72
  λ=5.000e+00 | Epoch  30 | lr=1.0000e-03 | Recon MSE=9.324271e-04 | ‖ω‖₁=4.963564e-01 | Non-zero modes: 72
  λ=5.000e+00 | Epoch  40 | lr=1.0000e-03 | Recon MSE=9.624821e-04 | ‖ω‖₁=4.971759e-01 | Non-zero modes: 72
  λ=5.000e+00 | Epoch  50 | lr=1.0000e-03 | Recon MSE=8.940254e-04 | ‖ω‖₁=4.954722e-01 | Non-zero modes: 72
  λ=5.000e+00 | Epoch  60 | lr=1.0000e-03 | Recon MSE=9.150039e-04 | ‖ω‖₁=4.957534e-01 | Non-zero modes: 72
  λ=5.000e+00 | Epoch  70 | lr=1.0000e-03 | Recon MSE=9.159584e-04 | ‖ω‖₁=4.960064e-01 | Non-zero modes: 72
  λ=5.000e+00 | Epoch  80 | lr=1.0000e-03 | Recon MSE=9.410212e-04 | ‖ω‖₁=4.956823e-01 | Non-zero modes: 72
  λ=5.000e+00 | Epoch  90 | lr=1.0000e-03 | Recon MSE=9.273194e-04 | ‖ω‖₁=4.939288e-01 | Non-zero modes: 72
  λ=5.000e+00 | Epoch 100 | lr=1.0000e-03 | Recon MSE=9.361428e-04 | ‖ω‖₁=4.906611e-01 | Non-zero modes: 72
Number of selected modes unchanged for 48 consecutive iterations.
  → at λ=5.201e+00: r(λ)=72
  → selected modes: [0, 1, 2, 3, 4, 5, 6, 7, 8, 9, 10, 11, 12, 13, 14, 15, 16, 17, 18, 19, 20, 21, 22, 23, 24, 25, 26, 27, 28, 29, 30, 31, 32, 33, 34, 35, 36, 37, 38, 39, 40, 41, 42, 43, 44, 45, 46, 47, 48, 49, 50, 51, 52, 53, 54, 55, 56, 57, 58, 59, 60, 61, 62, 63, 64, 65, 66, 67, 68, 69, 70, 71]

-- Path iteration 81, λ = 5.204e+00 (r(λ) prev = 100)
  λ=5.000e+00 | Epoch   1 | lr=1.0000e-03 | Recon MSE=9.543682e-04 | ‖ω‖₁=4.954717e-01 | Non-zero modes: 72
  λ=5.000e+00 | Epoch  10 | lr=1.0000e-03 | Recon MSE=9.277757e-04 | ‖ω‖₁=4.923320e-01 | Non-zero modes: 72
  λ=5.000e+00 | Epoch  20 | lr=1.0000e-03 | Recon MSE=9.377977e-04 | ‖ω‖₁=4.924023e-01 | Non-zero modes: 72
  λ=5.000e+00 | Epoch  30 | lr=1.0000e-03 | Recon MSE=9.242593e-04 | ‖ω‖₁=4.951935e-01 | Non-zero modes: 72
  λ=5.000e+00 | Epoch  40 | lr=1.0000e-03 | Recon MSE=8.789484e-04 | ‖ω‖₁=4.947164e-01 | Non-zero modes: 72
  λ=5.000e+00 | Epoch  50 | lr=1.0000e-03 | Recon MSE=9.099850e-04 | ‖ω‖₁=4.926398e-01 | Non-zero modes: 72
  λ=5.000e+00 | Epoch  60 | lr=1.0000e-03 | Recon MSE=9.387017e-04 | ‖ω‖₁=4.927712e-01 | Non-zero modes: 72
  λ=5.000e+00 | Epoch  70 | lr=1.0000e-03 | Recon MSE=9.322077e-04 | ‖ω‖₁=4.928648e-01 | Non-zero modes: 72
  λ=5.000e+00 | Epoch  80 | lr=1.0000e-03 | Recon MSE=9.662694e-04 | ‖ω‖₁=4.948224e-01 | Non-zero modes: 72
  λ=5.000e+00 | Epoch  90 | lr=1.0000e-03 | Recon MSE=8.868658e-04 | ‖ω‖₁=4.962853e-01 | Non-zero modes: 72
  λ=5.000e+00 | Epoch 100 | lr=1.0000e-03 | Recon MSE=9.679810e-04 | ‖ω‖₁=4.964106e-01 | Non-zero modes: 72
Number of selected modes unchanged for 49 consecutive iterations.
  → at λ=5.204e+00: r(λ)=72
  → selected modes: [0, 1, 2, 3, 4, 5, 6, 7, 8, 9, 10, 11, 12, 13, 14, 15, 16, 17, 18, 19, 20, 21, 22, 23, 24, 25, 26, 27, 28, 29, 30, 31, 32, 33, 34, 35, 36, 37, 38, 39, 40, 41, 42, 43, 44, 45, 46, 47, 48, 49, 50, 51, 52, 53, 54, 55, 56, 57, 58, 59, 60, 61, 62, 63, 64, 65, 66, 67, 68, 69, 70, 71]

-- Path iteration 82, λ = 5.207e+00 (r(λ) prev = 100)
  λ=5.000e+00 | Epoch   1 | lr=1.0000e-03 | Recon MSE=9.409418e-04 | ‖ω‖₁=5.010957e-01 | Non-zero modes: 72
  λ=5.000e+00 | Epoch  10 | lr=1.0000e-03 | Recon MSE=9.334618e-04 | ‖ω‖₁=4.974619e-01 | Non-zero modes: 72
  λ=5.000e+00 | Epoch  20 | lr=1.0000e-03 | Recon MSE=9.131519e-04 | ‖ω‖₁=4.964715e-01 | Non-zero modes: 72
  λ=5.000e+00 | Epoch  30 | lr=1.0000e-03 | Recon MSE=9.511026e-04 | ‖ω‖₁=4.976221e-01 | Non-zero modes: 72
  λ=5.000e+00 | Epoch  40 | lr=1.0000e-03 | Recon MSE=9.172286e-04 | ‖ω‖₁=4.981013e-01 | Non-zero modes: 72
  λ=5.000e+00 | Epoch  50 | lr=1.0000e-03 | Recon MSE=9.390819e-04 | ‖ω‖₁=4.989175e-01 | Non-zero modes: 72
  λ=5.000e+00 | Epoch  60 | lr=1.0000e-03 | Recon MSE=8.884736e-04 | ‖ω‖₁=4.999954e-01 | Non-zero modes: 72
  λ=5.000e+00 | Epoch  70 | lr=1.0000e-03 | Recon MSE=9.287270e-04 | ‖ω‖₁=4.977739e-01 | Non-zero modes: 72
  λ=5.000e+00 | Epoch  80 | lr=1.0000e-03 | Recon MSE=9.544199e-04 | ‖ω‖₁=4.977799e-01 | Non-zero modes: 72
  λ=5.000e+00 | Epoch  90 | lr=1.0000e-03 | Recon MSE=8.930170e-04 | ‖ω‖₁=4.956332e-01 | Non-zero modes: 72
  λ=5.000e+00 | Epoch 100 | lr=1.0000e-03 | Recon MSE=9.475285e-04 | ‖ω‖₁=4.940526e-01 | Non-zero modes: 72
Number of selected modes unchanged for 50 consecutive iterations.
  → at λ=5.207e+00: r(λ)=72
  → selected modes: [0, 1, 2, 3, 4, 5, 6, 7, 8, 9, 10, 11, 12, 13, 14, 15, 16, 17, 18, 19, 20, 21, 22, 23, 24, 25, 26, 27, 28, 29, 30, 31, 32, 33, 34, 35, 36, 37, 38, 39, 40, 41, 42, 43, 44, 45, 46, 47, 48, 49, 50, 51, 52, 53, 54, 55, 56, 57, 58, 59, 60, 61, 62, 63, 64, 65, 66, 67, 68, 69, 70, 71]

-- Path iteration 83, λ = 5.209e+00 (r(λ) prev = 100)
  λ=5.000e+00 | Epoch   1 | lr=1.0000e-03 | Recon MSE=9.489400e-04 | ‖ω‖₁=4.980908e-01 | Non-zero modes: 72
  λ=5.000e+00 | Epoch  10 | lr=1.0000e-03 | Recon MSE=9.447206e-04 | ‖ω‖₁=4.968626e-01 | Non-zero modes: 72
  λ=5.000e+00 | Epoch  20 | lr=1.0000e-03 | Recon MSE=9.452548e-04 | ‖ω‖₁=4.942875e-01 | Non-zero modes: 72
  λ=5.000e+00 | Epoch  30 | lr=1.0000e-03 | Recon MSE=9.617742e-04 | ‖ω‖₁=4.918553e-01 | Non-zero modes: 72
  λ=5.000e+00 | Epoch  40 | lr=1.0000e-03 | Recon MSE=9.041674e-04 | ‖ω‖₁=4.918095e-01 | Non-zero modes: 72
  λ=5.000e+00 | Epoch  50 | lr=1.0000e-03 | Recon MSE=9.212067e-04 | ‖ω‖₁=4.948500e-01 | Non-zero modes: 72
  λ=5.000e+00 | Epoch  60 | lr=1.0000e-03 | Recon MSE=9.069222e-04 | ‖ω‖₁=4.931673e-01 | Non-zero modes: 72
  λ=5.000e+00 | Epoch  70 | lr=1.0000e-03 | Recon MSE=9.001867e-04 | ‖ω‖₁=4.925387e-01 | Non-zero modes: 72
  λ=5.000e+00 | Epoch  80 | lr=1.0000e-03 | Recon MSE=8.960211e-04 | ‖ω‖₁=4.929586e-01 | Non-zero modes: 72
  λ=5.000e+00 | Epoch  90 | lr=1.0000e-03 | Recon MSE=9.045797e-04 | ‖ω‖₁=4.948013e-01 | Non-zero modes: 72
  λ=5.000e+00 | Epoch 100 | lr=1.0000e-03 | Recon MSE=9.377827e-04 | ‖ω‖₁=4.927254e-01 | Non-zero modes: 72
Number of selected modes unchanged for 51 consecutive iterations.
  → at λ=5.209e+00: r(λ)=72
  → selected modes: [0, 1, 2, 3, 4, 5, 6, 7, 8, 9, 10, 11, 12, 13, 14, 15, 16, 17, 18, 19, 20, 21, 22, 23, 24, 25, 26, 27, 28, 29, 30, 31, 32, 33, 34, 35, 36, 37, 38, 39, 40, 41, 42, 43, 44, 45, 46, 47, 48, 49, 50, 51, 52, 53, 54, 55, 56, 57, 58, 59, 60, 61, 62, 63, 64, 65, 66, 67, 68, 69, 70, 71]

-- Path iteration 84, λ = 5.212e+00 (r(λ) prev = 100)
  λ=5.000e+00 | Epoch   1 | lr=1.0000e-03 | Recon MSE=8.990827e-04 | ‖ω‖₁=4.973009e-01 | Non-zero modes: 72
  λ=5.000e+00 | Epoch  10 | lr=1.0000e-03 | Recon MSE=8.776196e-04 | ‖ω‖₁=4.960636e-01 | Non-zero modes: 72
  λ=5.000e+00 | Epoch  20 | lr=1.0000e-03 | Recon MSE=9.272016e-04 | ‖ω‖₁=4.940462e-01 | Non-zero modes: 72
  λ=5.000e+00 | Epoch  30 | lr=1.0000e-03 | Recon MSE=9.272264e-04 | ‖ω‖₁=4.944636e-01 | Non-zero modes: 72
  λ=5.000e+00 | Epoch  40 | lr=1.0000e-03 | Recon MSE=9.497816e-04 | ‖ω‖₁=4.938372e-01 | Non-zero modes: 72
  λ=5.000e+00 | Epoch  50 | lr=1.0000e-03 | Recon MSE=9.273348e-04 | ‖ω‖₁=4.945046e-01 | Non-zero modes: 72
  λ=5.000e+00 | Epoch  60 | lr=1.0000e-03 | Recon MSE=9.472210e-04 | ‖ω‖₁=4.924089e-01 | Non-zero modes: 72
  λ=5.000e+00 | Epoch  70 | lr=1.0000e-03 | Recon MSE=8.987177e-04 | ‖ω‖₁=4.931090e-01 | Non-zero modes: 72
  λ=5.000e+00 | Epoch  80 | lr=1.0000e-03 | Recon MSE=9.616817e-04 | ‖ω‖₁=4.928569e-01 | Non-zero modes: 72
  λ=5.000e+00 | Epoch  90 | lr=1.0000e-03 | Recon MSE=9.230563e-04 | ‖ω‖₁=4.920971e-01 | Non-zero modes: 72
  λ=5.000e+00 | Epoch 100 | lr=1.0000e-03 | Recon MSE=9.060717e-04 | ‖ω‖₁=4.932669e-01 | Non-zero modes: 72
Number of selected modes unchanged for 52 consecutive iterations.
  → at λ=5.212e+00: r(λ)=72
  → selected modes: [0, 1, 2, 3, 4, 5, 6, 7, 8, 9, 10, 11, 12, 13, 14, 15, 16, 17, 18, 19, 20, 21, 22, 23, 24, 25, 26, 27, 28, 29, 30, 31, 32, 33, 34, 35, 36, 37, 38, 39, 40, 41, 42, 43, 44, 45, 46, 47, 48, 49, 50, 51, 52, 53, 54, 55, 56, 57, 58, 59, 60, 61, 62, 63, 64, 65, 66, 67, 68, 69, 70, 71]

-- Path iteration 85, λ = 5.214e+00 (r(λ) prev = 100)
  λ=5.000e+00 | Epoch   1 | lr=1.0000e-03 | Recon MSE=9.627825e-04 | ‖ω‖₁=4.986900e-01 | Non-zero modes: 72
  λ=5.000e+00 | Epoch  10 | lr=1.0000e-03 | Recon MSE=9.027542e-04 | ‖ω‖₁=4.940339e-01 | Non-zero modes: 72
  λ=5.000e+00 | Epoch  20 | lr=1.0000e-03 | Recon MSE=9.044246e-04 | ‖ω‖₁=4.923332e-01 | Non-zero modes: 72
  λ=5.000e+00 | Epoch  30 | lr=1.0000e-03 | Recon MSE=9.712524e-04 | ‖ω‖₁=4.925875e-01 | Non-zero modes: 72
  λ=5.000e+00 | Epoch  40 | lr=1.0000e-03 | Recon MSE=9.544987e-04 | ‖ω‖₁=4.938370e-01 | Non-zero modes: 72
  λ=5.000e+00 | Epoch  50 | lr=1.0000e-03 | Recon MSE=9.625415e-04 | ‖ω‖₁=4.929398e-01 | Non-zero modes: 72
  λ=5.000e+00 | Epoch  60 | lr=1.0000e-03 | Recon MSE=9.529791e-04 | ‖ω‖₁=4.912930e-01 | Non-zero modes: 72
  λ=5.000e+00 | Epoch  70 | lr=1.0000e-03 | Recon MSE=9.548865e-04 | ‖ω‖₁=4.914721e-01 | Non-zero modes: 72
  λ=5.000e+00 | Epoch  80 | lr=1.0000e-03 | Recon MSE=9.849448e-04 | ‖ω‖₁=4.919909e-01 | Non-zero modes: 72
  λ=5.000e+00 | Epoch  90 | lr=1.0000e-03 | Recon MSE=9.024595e-04 | ‖ω‖₁=4.930222e-01 | Non-zero modes: 72
  λ=5.000e+00 | Epoch 100 | lr=1.0000e-03 | Recon MSE=8.684683e-04 | ‖ω‖₁=4.949805e-01 | Non-zero modes: 72
Number of selected modes unchanged for 53 consecutive iterations.
  → at λ=5.214e+00: r(λ)=72
  → selected modes: [0, 1, 2, 3, 4, 5, 6, 7, 8, 9, 10, 11, 12, 13, 14, 15, 16, 17, 18, 19, 20, 21, 22, 23, 24, 25, 26, 27, 28, 29, 30, 31, 32, 33, 34, 35, 36, 37, 38, 39, 40, 41, 42, 43, 44, 45, 46, 47, 48, 49, 50, 51, 52, 53, 54, 55, 56, 57, 58, 59, 60, 61, 62, 63, 64, 65, 66, 67, 68, 69, 70, 71]

-- Path iteration 86, λ = 5.217e+00 (r(λ) prev = 100)
  λ=5.000e+00 | Epoch   1 | lr=1.0000e-03 | Recon MSE=9.407290e-04 | ‖ω‖₁=4.998858e-01 | Non-zero modes: 72
  λ=5.000e+00 | Epoch  10 | lr=1.0000e-03 | Recon MSE=9.203940e-04 | ‖ω‖₁=4.975639e-01 | Non-zero modes: 72
  λ=5.000e+00 | Epoch  20 | lr=1.0000e-03 | Recon MSE=9.174771e-04 | ‖ω‖₁=4.942699e-01 | Non-zero modes: 72
  λ=5.000e+00 | Epoch  30 | lr=1.0000e-03 | Recon MSE=9.287021e-04 | ‖ω‖₁=4.933724e-01 | Non-zero modes: 72
  λ=5.000e+00 | Epoch  40 | lr=1.0000e-03 | Recon MSE=8.434189e-04 | ‖ω‖₁=4.933055e-01 | Non-zero modes: 72
  λ=5.000e+00 | Epoch  50 | lr=1.0000e-03 | Recon MSE=9.154707e-04 | ‖ω‖₁=4.925233e-01 | Non-zero modes: 72
  λ=5.000e+00 | Epoch  60 | lr=1.0000e-03 | Recon MSE=8.799539e-04 | ‖ω‖₁=4.921458e-01 | Non-zero modes: 72
  λ=5.000e+00 | Epoch  70 | lr=1.0000e-03 | Recon MSE=9.501170e-04 | ‖ω‖₁=4.907209e-01 | Non-zero modes: 72
  λ=5.000e+00 | Epoch  80 | lr=1.0000e-03 | Recon MSE=9.231570e-04 | ‖ω‖₁=4.903251e-01 | Non-zero modes: 72
  λ=5.000e+00 | Epoch  90 | lr=1.0000e-03 | Recon MSE=9.067838e-04 | ‖ω‖₁=4.915916e-01 | Non-zero modes: 72
  λ=5.000e+00 | Epoch 100 | lr=1.0000e-03 | Recon MSE=9.252354e-04 | ‖ω‖₁=4.921452e-01 | Non-zero modes: 72
Number of selected modes unchanged for 54 consecutive iterations.
  → at λ=5.217e+00: r(λ)=72
  → selected modes: [0, 1, 2, 3, 4, 5, 6, 7, 8, 9, 10, 11, 12, 13, 14, 15, 16, 17, 18, 19, 20, 21, 22, 23, 24, 25, 26, 27, 28, 29, 30, 31, 32, 33, 34, 35, 36, 37, 38, 39, 40, 41, 42, 43, 44, 45, 46, 47, 48, 49, 50, 51, 52, 53, 54, 55, 56, 57, 58, 59, 60, 61, 62, 63, 64, 65, 66, 67, 68, 69, 70, 71]

-- Path iteration 87, λ = 5.220e+00 (r(λ) prev = 100)
  λ=5.000e+00 | Epoch   1 | lr=1.0000e-03 | Recon MSE=9.572926e-04 | ‖ω‖₁=4.961553e-01 | Non-zero modes: 72
  λ=5.000e+00 | Epoch  10 | lr=1.0000e-03 | Recon MSE=9.367535e-04 | ‖ω‖₁=4.939571e-01 | Non-zero modes: 72
  λ=5.000e+00 | Epoch  20 | lr=1.0000e-03 | Recon MSE=9.471880e-04 | ‖ω‖₁=4.895906e-01 | Non-zero modes: 72
  λ=5.000e+00 | Epoch  30 | lr=1.0000e-03 | Recon MSE=9.592875e-04 | ‖ω‖₁=4.904053e-01 | Non-zero modes: 72
  λ=5.000e+00 | Epoch  40 | lr=1.0000e-03 | Recon MSE=9.448706e-04 | ‖ω‖₁=4.903486e-01 | Non-zero modes: 72
  λ=5.000e+00 | Epoch  50 | lr=1.0000e-03 | Recon MSE=9.361835e-04 | ‖ω‖₁=4.896561e-01 | Non-zero modes: 72
  λ=5.000e+00 | Epoch  60 | lr=1.0000e-03 | Recon MSE=9.171233e-04 | ‖ω‖₁=4.895598e-01 | Non-zero modes: 72
  λ=5.000e+00 | Epoch  70 | lr=1.0000e-03 | Recon MSE=9.169789e-04 | ‖ω‖₁=4.893783e-01 | Non-zero modes: 72
  λ=5.000e+00 | Epoch  80 | lr=1.0000e-03 | Recon MSE=9.030823e-04 | ‖ω‖₁=4.874473e-01 | Non-zero modes: 72
  λ=5.000e+00 | Epoch  90 | lr=1.0000e-03 | Recon MSE=9.080631e-04 | ‖ω‖₁=4.870258e-01 | Non-zero modes: 72
  λ=5.000e+00 | Epoch 100 | lr=1.0000e-03 | Recon MSE=9.379921e-04 | ‖ω‖₁=4.869564e-01 | Non-zero modes: 72
Number of selected modes unchanged for 55 consecutive iterations.
  → at λ=5.220e+00: r(λ)=72
  → selected modes: [0, 1, 2, 3, 4, 5, 6, 7, 8, 9, 10, 11, 12, 13, 14, 15, 16, 17, 18, 19, 20, 21, 22, 23, 24, 25, 26, 27, 28, 29, 30, 31, 32, 33, 34, 35, 36, 37, 38, 39, 40, 41, 42, 43, 44, 45, 46, 47, 48, 49, 50, 51, 52, 53, 54, 55, 56, 57, 58, 59, 60, 61, 62, 63, 64, 65, 66, 67, 68, 69, 70, 71]

-- Path iteration 88, λ = 5.222e+00 (r(λ) prev = 100)
  λ=5.000e+00 | Epoch   1 | lr=1.0000e-03 | Recon MSE=8.808001e-04 | ‖ω‖₁=4.908417e-01 | Non-zero modes: 72
  λ=5.000e+00 | Epoch  10 | lr=1.0000e-03 | Recon MSE=9.133940e-04 | ‖ω‖₁=4.894686e-01 | Non-zero modes: 72
  λ=5.000e+00 | Epoch  20 | lr=1.0000e-03 | Recon MSE=9.185944e-04 | ‖ω‖₁=4.883074e-01 | Non-zero modes: 72
  λ=5.000e+00 | Epoch  30 | lr=1.0000e-03 | Recon MSE=9.372213e-04 | ‖ω‖₁=4.872104e-01 | Non-zero modes: 72
  λ=5.000e+00 | Epoch  40 | lr=1.0000e-03 | Recon MSE=9.083638e-04 | ‖ω‖₁=4.861056e-01 | Non-zero modes: 72
  λ=5.000e+00 | Epoch  50 | lr=1.0000e-03 | Recon MSE=9.272162e-04 | ‖ω‖₁=4.864709e-01 | Non-zero modes: 72
  λ=5.000e+00 | Epoch  60 | lr=1.0000e-03 | Recon MSE=9.589520e-04 | ‖ω‖₁=4.881290e-01 | Non-zero modes: 72
  λ=5.000e+00 | Epoch  70 | lr=1.0000e-03 | Recon MSE=9.220749e-04 | ‖ω‖₁=4.867555e-01 | Non-zero modes: 72
  λ=5.000e+00 | Epoch  80 | lr=1.0000e-03 | Recon MSE=9.354878e-04 | ‖ω‖₁=4.853892e-01 | Non-zero modes: 72
  λ=5.000e+00 | Epoch  90 | lr=1.0000e-03 | Recon MSE=8.892118e-04 | ‖ω‖₁=4.864285e-01 | Non-zero modes: 72
  λ=5.000e+00 | Epoch 100 | lr=1.0000e-03 | Recon MSE=8.999755e-04 | ‖ω‖₁=4.880229e-01 | Non-zero modes: 72
Number of selected modes unchanged for 56 consecutive iterations.
  → at λ=5.222e+00: r(λ)=72
  → selected modes: [0, 1, 2, 3, 4, 5, 6, 7, 8, 9, 10, 11, 12, 13, 14, 15, 16, 17, 18, 19, 20, 21, 22, 23, 24, 25, 26, 27, 28, 29, 30, 31, 32, 33, 34, 35, 36, 37, 38, 39, 40, 41, 42, 43, 44, 45, 46, 47, 48, 49, 50, 51, 52, 53, 54, 55, 56, 57, 58, 59, 60, 61, 62, 63, 64, 65, 66, 67, 68, 69, 70, 71]

-- Path iteration 89, λ = 5.225e+00 (r(λ) prev = 100)
  λ=5.000e+00 | Epoch   1 | lr=1.0000e-03 | Recon MSE=9.655963e-04 | ‖ω‖₁=4.921645e-01 | Non-zero modes: 72
  λ=5.000e+00 | Epoch  10 | lr=1.0000e-03 | Recon MSE=9.386897e-04 | ‖ω‖₁=4.873411e-01 | Non-zero modes: 72
  λ=5.000e+00 | Epoch  20 | lr=1.0000e-03 | Recon MSE=9.022693e-04 | ‖ω‖₁=4.874887e-01 | Non-zero modes: 72
  λ=5.000e+00 | Epoch  30 | lr=1.0000e-03 | Recon MSE=9.487976e-04 | ‖ω‖₁=4.886136e-01 | Non-zero modes: 72
  λ=5.000e+00 | Epoch  40 | lr=1.0000e-03 | Recon MSE=9.128656e-04 | ‖ω‖₁=4.896945e-01 | Non-zero modes: 72
  λ=5.000e+00 | Epoch  50 | lr=1.0000e-03 | Recon MSE=9.458575e-04 | ‖ω‖₁=4.895179e-01 | Non-zero modes: 72
  λ=5.000e+00 | Epoch  60 | lr=1.0000e-03 | Recon MSE=9.010145e-04 | ‖ω‖₁=4.863771e-01 | Non-zero modes: 72
  λ=5.000e+00 | Epoch  70 | lr=1.0000e-03 | Recon MSE=9.464084e-04 | ‖ω‖₁=4.857500e-01 | Non-zero modes: 72
  λ=5.000e+00 | Epoch  80 | lr=1.0000e-03 | Recon MSE=8.811449e-04 | ‖ω‖₁=4.881481e-01 | Non-zero modes: 72
  λ=5.000e+00 | Epoch  90 | lr=1.0000e-03 | Recon MSE=9.241480e-04 | ‖ω‖₁=4.854300e-01 | Non-zero modes: 72
  λ=5.000e+00 | Epoch 100 | lr=1.0000e-03 | Recon MSE=9.041281e-04 | ‖ω‖₁=4.857927e-01 | Non-zero modes: 72
Number of selected modes unchanged for 57 consecutive iterations.
  → at λ=5.225e+00: r(λ)=72
  → selected modes: [0, 1, 2, 3, 4, 5, 6, 7, 8, 9, 10, 11, 12, 13, 14, 15, 16, 17, 18, 19, 20, 21, 22, 23, 24, 25, 26, 27, 28, 29, 30, 31, 32, 33, 34, 35, 36, 37, 38, 39, 40, 41, 42, 43, 44, 45, 46, 47, 48, 49, 50, 51, 52, 53, 54, 55, 56, 57, 58, 59, 60, 61, 62, 63, 64, 65, 66, 67, 68, 69, 70, 71]

-- Path iteration 90, λ = 5.227e+00 (r(λ) prev = 100)
  λ=5.000e+00 | Epoch   1 | lr=1.0000e-03 | Recon MSE=9.988513e-04 | ‖ω‖₁=4.901317e-01 | Non-zero modes: 72
  λ=5.000e+00 | Epoch  10 | lr=1.0000e-03 | Recon MSE=9.188709e-04 | ‖ω‖₁=4.866865e-01 | Non-zero modes: 72
  λ=5.000e+00 | Epoch  20 | lr=1.0000e-03 | Recon MSE=9.530506e-04 | ‖ω‖₁=4.848509e-01 | Non-zero modes: 72
  λ=5.000e+00 | Epoch  30 | lr=1.0000e-03 | Recon MSE=9.322131e-04 | ‖ω‖₁=4.850643e-01 | Non-zero modes: 72
  λ=5.000e+00 | Epoch  40 | lr=1.0000e-03 | Recon MSE=9.729758e-04 | ‖ω‖₁=4.869961e-01 | Non-zero modes: 72
  λ=5.000e+00 | Epoch  50 | lr=1.0000e-03 | Recon MSE=9.082039e-04 | ‖ω‖₁=4.856744e-01 | Non-zero modes: 72
  λ=5.000e+00 | Epoch  60 | lr=1.0000e-03 | Recon MSE=9.346875e-04 | ‖ω‖₁=4.870433e-01 | Non-zero modes: 72
  λ=5.000e+00 | Epoch  70 | lr=1.0000e-03 | Recon MSE=9.438711e-04 | ‖ω‖₁=4.835390e-01 | Non-zero modes: 72
  λ=5.000e+00 | Epoch  80 | lr=1.0000e-03 | Recon MSE=9.379396e-04 | ‖ω‖₁=4.847421e-01 | Non-zero modes: 72
  λ=5.000e+00 | Epoch  90 | lr=1.0000e-03 | Recon MSE=9.432940e-04 | ‖ω‖₁=4.846713e-01 | Non-zero modes: 72
  λ=5.000e+00 | Epoch 100 | lr=1.0000e-03 | Recon MSE=8.833513e-04 | ‖ω‖₁=4.867191e-01 | Non-zero modes: 72
Number of selected modes unchanged for 58 consecutive iterations.
  → at λ=5.227e+00: r(λ)=72
  → selected modes: [0, 1, 2, 3, 4, 5, 6, 7, 8, 9, 10, 11, 12, 13, 14, 15, 16, 17, 18, 19, 20, 21, 22, 23, 24, 25, 26, 27, 28, 29, 30, 31, 32, 33, 34, 35, 36, 37, 38, 39, 40, 41, 42, 43, 44, 45, 46, 47, 48, 49, 50, 51, 52, 53, 54, 55, 56, 57, 58, 59, 60, 61, 62, 63, 64, 65, 66, 67, 68, 69, 70, 71]

-- Path iteration 91, λ = 5.230e+00 (r(λ) prev = 100)
  λ=5.000e+00 | Epoch   1 | lr=1.0000e-03 | Recon MSE=9.504839e-04 | ‖ω‖₁=4.902466e-01 | Non-zero modes: 72
  λ=5.000e+00 | Epoch  10 | lr=1.0000e-03 | Recon MSE=9.541183e-04 | ‖ω‖₁=4.908501e-01 | Non-zero modes: 72
  λ=5.000e+00 | Epoch  20 | lr=1.0000e-03 | Recon MSE=8.911773e-04 | ‖ω‖₁=4.874426e-01 | Non-zero modes: 72
  λ=5.000e+00 | Epoch  30 | lr=1.0000e-03 | Recon MSE=9.406242e-04 | ‖ω‖₁=4.870891e-01 | Non-zero modes: 72
  λ=5.000e+00 | Epoch  40 | lr=1.0000e-03 | Recon MSE=9.225361e-04 | ‖ω‖₁=4.880917e-01 | Non-zero modes: 72
  λ=5.000e+00 | Epoch  50 | lr=1.0000e-03 | Recon MSE=8.648406e-04 | ‖ω‖₁=4.858165e-01 | Non-zero modes: 72
  λ=5.000e+00 | Epoch  60 | lr=1.0000e-03 | Recon MSE=9.041833e-04 | ‖ω‖₁=4.850794e-01 | Non-zero modes: 72
  λ=5.000e+00 | Epoch  70 | lr=1.0000e-03 | Recon MSE=9.368015e-04 | ‖ω‖₁=4.866911e-01 | Non-zero modes: 72
  λ=5.000e+00 | Epoch  80 | lr=1.0000e-03 | Recon MSE=9.038677e-04 | ‖ω‖₁=4.854338e-01 | Non-zero modes: 72
  λ=5.000e+00 | Epoch  90 | lr=1.0000e-03 | Recon MSE=9.775598e-04 | ‖ω‖₁=4.852266e-01 | Non-zero modes: 72
  λ=5.000e+00 | Epoch 100 | lr=1.0000e-03 | Recon MSE=9.180322e-04 | ‖ω‖₁=4.863034e-01 | Non-zero modes: 72
Number of selected modes unchanged for 59 consecutive iterations.
  → at λ=5.230e+00: r(λ)=72
  → selected modes: [0, 1, 2, 3, 4, 5, 6, 7, 8, 9, 10, 11, 12, 13, 14, 15, 16, 17, 18, 19, 20, 21, 22, 23, 24, 25, 26, 27, 28, 29, 30, 31, 32, 33, 34, 35, 36, 37, 38, 39, 40, 41, 42, 43, 44, 45, 46, 47, 48, 49, 50, 51, 52, 53, 54, 55, 56, 57, 58, 59, 60, 61, 62, 63, 64, 65, 66, 67, 68, 69, 70, 71]

-- Path iteration 92, λ = 5.233e+00 (r(λ) prev = 100)
  λ=5.000e+00 | Epoch   1 | lr=1.0000e-03 | Recon MSE=9.268242e-04 | ‖ω‖₁=4.900192e-01 | Non-zero modes: 72
  λ=5.000e+00 | Epoch  10 | lr=1.0000e-03 | Recon MSE=8.971823e-04 | ‖ω‖₁=4.883516e-01 | Non-zero modes: 72
  λ=5.000e+00 | Epoch  20 | lr=1.0000e-03 | Recon MSE=8.735477e-04 | ‖ω‖₁=4.876737e-01 | Non-zero modes: 72
  λ=5.000e+00 | Epoch  30 | lr=1.0000e-03 | Recon MSE=9.110952e-04 | ‖ω‖₁=4.845182e-01 | Non-zero modes: 72
  λ=5.000e+00 | Epoch  40 | lr=1.0000e-03 | Recon MSE=9.141372e-04 | ‖ω‖₁=4.853909e-01 | Non-zero modes: 72
  λ=5.000e+00 | Epoch  50 | lr=1.0000e-03 | Recon MSE=9.005600e-04 | ‖ω‖₁=4.866536e-01 | Non-zero modes: 72
  λ=5.000e+00 | Epoch  60 | lr=1.0000e-03 | Recon MSE=9.409274e-04 | ‖ω‖₁=4.861485e-01 | Non-zero modes: 72
  λ=5.000e+00 | Epoch  70 | lr=1.0000e-03 | Recon MSE=9.303414e-04 | ‖ω‖₁=4.868286e-01 | Non-zero modes: 72
  λ=5.000e+00 | Epoch  80 | lr=1.0000e-03 | Recon MSE=8.987746e-04 | ‖ω‖₁=4.863893e-01 | Non-zero modes: 72
  λ=5.000e+00 | Epoch  90 | lr=1.0000e-03 | Recon MSE=9.142059e-04 | ‖ω‖₁=4.874866e-01 | Non-zero modes: 72
  λ=5.000e+00 | Epoch 100 | lr=1.0000e-03 | Recon MSE=9.689899e-04 | ‖ω‖₁=4.857763e-01 | Non-zero modes: 72
Number of selected modes unchanged for 60 consecutive iterations.
Number of selected modes unchanged for 60 consecutive iterations. Assuming convergence.

Final selected modes (indices): [71, 69, 68, 70, 66, 67, 65, 63, 64, 62, 61, 59, 60, 58, 57, 56, 55, 53, 41, 40]
