2025-06-28 13:25:39,897 - sparsemodesnet.heat_equation_ff_sparse_decoder - INFO - Starting heat_equation_ff_sparse_decoder experiment
2025-06-28 13:25:39,898 - sparsemodesnet.heat_equation_ff_sparse_decoder - INFO - Log file: logs/heat_equation_ff_sparse_decoder_20250628_132539.log
2025-06-28 13:25:39,898 - sparsemodesnet.heat_equation_ff_sparse_decoder - INFO - ==================================================
2025-06-28 13:25:39,899 - sparsemodesnet.heat_equation_ff_sparse_decoder - INFO - EXPERIMENT CONFIGURATION
2025-06-28 13:25:39,899 - sparsemodesnet.heat_equation_ff_sparse_decoder - INFO - ==================================================
2025-06-28 13:25:39,899 - sparsemodesnet.heat_equation_ff_sparse_decoder - INFO - Data shape: (128, 1000)
2025-06-28 13:25:39,900 - sparsemodesnet.heat_equation_ff_sparse_decoder - INFO - Data type: float64
2025-06-28 13:25:39,900 - sparsemodesnet.heat_equation_ff_sparse_decoder - INFO - Data range: [0.000000, 0.999225]
2025-06-28 13:25:39,900 - sparsemodesnet.heat_equation_ff_sparse_decoder - INFO - Data mean: 0.248239
2025-06-28 13:25:39,901 - sparsemodesnet.heat_equation_ff_sparse_decoder - INFO - Data std: 0.259093
2025-06-28 13:25:39,901 - sparsemodesnet.heat_equation_ff_sparse_decoder - INFO - ------------------------------
2025-06-28 13:25:39,902 - sparsemodesnet.heat_equation_ff_sparse_decoder - INFO - CORE PARAMETERS
2025-06-28 13:25:39,902 - sparsemodesnet.heat_equation_ff_sparse_decoder - INFO - ------------------------------
2025-06-28 13:25:39,902 - sparsemodesnet.heat_equation_ff_sparse_decoder - INFO - s (latent dimension): 30
2025-06-28 13:25:39,902 - sparsemodesnet.heat_equation_ff_sparse_decoder - INFO - I_NN provided: False
2025-06-28 13:25:39,902 - sparsemodesnet.heat_equation_ff_sparse_decoder - INFO - ------------------------------
2025-06-28 13:25:39,903 - sparsemodesnet.heat_equation_ff_sparse_decoder - INFO - NETWORK CONFIGURATION
2025-06-28 13:25:39,903 - sparsemodesnet.heat_equation_ff_sparse_decoder - INFO - ------------------------------
2025-06-28 13:25:39,903 - sparsemodesnet.heat_equation_ff_sparse_decoder - INFO - Network type: FF
2025-06-28 13:25:39,903 - sparsemodesnet.heat_equation_ff_sparse_decoder - INFO - Hidden units: [30, 465]
2025-06-28 13:25:39,904 - sparsemodesnet.heat_equation_ff_sparse_decoder - INFO - Polynomial order: 2
2025-06-28 13:25:39,904 - sparsemodesnet.heat_equation_ff_sparse_decoder - INFO - Number of polynomials: 1
2025-06-28 13:25:39,904 - sparsemodesnet.heat_equation_ff_sparse_decoder - INFO - Drop linear: False
2025-06-28 13:25:39,904 - sparsemodesnet.heat_equation_ff_sparse_decoder - INFO - Drop constant: False
2025-06-28 13:25:39,905 - sparsemodesnet.heat_equation_ff_sparse_decoder - INFO - ------------------------------
2025-06-28 13:25:39,905 - sparsemodesnet.heat_equation_ff_sparse_decoder - INFO - TRAINING CONFIGURATION
2025-06-28 13:25:39,905 - sparsemodesnet.heat_equation_ff_sparse_decoder - INFO - ------------------------------
2025-06-28 13:25:39,905 - sparsemodesnet.heat_equation_ff_sparse_decoder - INFO - Learning rate: 0.001
2025-06-28 13:25:39,906 - sparsemodesnet.heat_equation_ff_sparse_decoder - INFO - Number of epochs: 2000
2025-06-28 13:25:39,906 - sparsemodesnet.heat_equation_ff_sparse_decoder - INFO - Batch size: 32
2025-06-28 13:25:39,906 - sparsemodesnet.heat_equation_ff_sparse_decoder - INFO - Optimizer: Adam
2025-06-28 13:25:39,907 - sparsemodesnet.heat_equation_ff_sparse_decoder - INFO - Device: mps
2025-06-28 13:25:39,907 - sparsemodesnet.heat_equation_ff_sparse_decoder - INFO - ------------------------------
2025-06-28 13:25:39,907 - sparsemodesnet.heat_equation_ff_sparse_decoder - INFO - SPARSITY CONFIGURATION
2025-06-28 13:25:39,908 - sparsemodesnet.heat_equation_ff_sparse_decoder - INFO - ------------------------------
2025-06-28 13:25:39,908 - sparsemodesnet.heat_equation_ff_sparse_decoder - INFO - M (penalty parameter): 10.0
2025-06-28 13:25:39,908 - sparsemodesnet.heat_equation_ff_sparse_decoder - INFO - Nonzero threshold: 1e-06
2025-06-28 13:25:39,908 - sparsemodesnet.heat_equation_ff_sparse_decoder - INFO - Lambda 0: 1.0
2025-06-28 13:25:39,909 - sparsemodesnet.heat_equation_ff_sparse_decoder - INFO - Epsilon: 0.2
2025-06-28 13:25:39,909 - sparsemodesnet.heat_equation_ff_sparse_decoder - INFO - Max iterations: 100
2025-06-28 13:25:39,909 - sparsemodesnet.heat_equation_ff_sparse_decoder - INFO - ------------------------------
2025-06-28 13:25:39,910 - sparsemodesnet.heat_equation_ff_sparse_decoder - INFO - SELECTION CONFIGURATION
2025-06-28 13:25:39,910 - sparsemodesnet.heat_equation_ff_sparse_decoder - INFO - ------------------------------
2025-06-28 13:25:39,910 - sparsemodesnet.heat_equation_ff_sparse_decoder - INFO - Mode selection: dense2sparse
2025-06-28 13:25:39,910 - sparsemodesnet.heat_equation_ff_sparse_decoder - INFO - Knee method: dfdt
2025-06-28 13:25:39,911 - sparsemodesnet.heat_equation_ff_sparse_decoder - INFO - R max: 3
2025-06-28 13:25:39,911 - sparsemodesnet.heat_equation_ff_sparse_decoder - INFO - ------------------------------
2025-06-28 13:25:39,911 - sparsemodesnet.heat_equation_ff_sparse_decoder - INFO - EXPERIMENT CONFIGURATION
2025-06-28 13:25:39,911 - sparsemodesnet.heat_equation_ff_sparse_decoder - INFO - ------------------------------
2025-06-28 13:25:39,912 - sparsemodesnet.heat_equation_ff_sparse_decoder - INFO - Label: Heat Equation FF Sparse Decoder
2025-06-28 13:25:39,912 - sparsemodesnet.heat_equation_ff_sparse_decoder - INFO - Logs directory: ./logs
2025-06-28 13:25:39,912 - sparsemodesnet.heat_equation_ff_sparse_decoder - INFO - ==================================================

=== SparseModesNet (Mode Selection) on Heat Equation FF Sparse Decoder: d=128, n=1000, s=30 ===

=== Dense-To-Sparse (default) λ-Path ===

-- Path iteration 1, λ = 1.000e+00 (r(λ) prev = 30)
  λ=1.000e+00 | Epoch   1 | lr=1.0000e-03 | Recon MSE=9.637061e-03 | ‖ω‖₁=2.948251e+01
  λ=1.000e+00 | Epoch  10 | lr=1.0000e-03 | Recon MSE=9.655436e-05 | ‖ω‖₁=2.088215e+01
  λ=1.000e+00 | Epoch  20 | lr=1.0000e-03 | Recon MSE=1.039159e-04 | ‖ω‖₁=1.178345e+01
  λ=1.000e+00 | Epoch  30 | lr=1.0000e-03 | Recon MSE=1.330266e-04 | ‖ω‖₁=2.854108e+00
  λ=1.000e+00 | Epoch  40 | lr=1.0000e-03 | Recon MSE=1.682957e-04 | ‖ω‖₁=1.288080e+00
  λ=1.000e+00 | Epoch  50 | lr=1.0000e-03 | Recon MSE=1.076408e-04 | ‖ω‖₁=9.339993e-01
  λ=1.000e+00 | Epoch  60 | lr=1.0000e-03 | Recon MSE=1.011335e-04 | ‖ω‖₁=7.843855e-01
  λ=1.000e+00 | Epoch  70 | lr=1.0000e-03 | Recon MSE=9.954132e-05 | ‖ω‖₁=6.848171e-01
  λ=1.000e+00 | Epoch  80 | lr=1.0000e-03 | Recon MSE=9.930667e-05 | ‖ω‖₁=6.168398e-01
  λ=1.000e+00 | Epoch  90 | lr=1.0000e-03 | Recon MSE=8.348954e-05 | ‖ω‖₁=5.665791e-01
  λ=1.000e+00 | Epoch 100 | lr=1.0000e-03 | Recon MSE=8.985701e-05 | ‖ω‖₁=5.308333e-01
  λ=1.000e+00 | Epoch 110 | lr=1.0000e-03 | Recon MSE=7.567831e-05 | ‖ω‖₁=5.050335e-01
  λ=1.000e+00 | Epoch 120 | lr=1.0000e-03 | Recon MSE=7.734711e-05 | ‖ω‖₁=4.795572e-01
  λ=1.000e+00 | Epoch 130 | lr=1.0000e-03 | Recon MSE=7.352376e-05 | ‖ω‖₁=4.585682e-01
  λ=1.000e+00 | Epoch 140 | lr=1.0000e-03 | Recon MSE=6.378587e-05 | ‖ω‖₁=4.413978e-01
  λ=1.000e+00 | Epoch 150 | lr=1.0000e-03 | Recon MSE=6.316163e-05 | ‖ω‖₁=4.252704e-01
  λ=1.000e+00 | Epoch 160 | lr=1.0000e-03 | Recon MSE=6.032596e-05 | ‖ω‖₁=4.107716e-01
  λ=1.000e+00 | Epoch 170 | lr=1.0000e-03 | Recon MSE=5.651928e-05 | ‖ω‖₁=3.993815e-01
  λ=1.000e+00 | Epoch 180 | lr=1.0000e-03 | Recon MSE=5.992730e-05 | ‖ω‖₁=3.935033e-01
  λ=1.000e+00 | Epoch 190 | lr=1.0000e-03 | Recon MSE=5.349798e-05 | ‖ω‖₁=3.894161e-01
  λ=1.000e+00 | Epoch 200 | lr=1.0000e-03 | Recon MSE=4.885682e-05 | ‖ω‖₁=3.817360e-01
  λ=1.000e+00 | Epoch 210 | lr=1.0000e-03 | Recon MSE=5.055144e-05 | ‖ω‖₁=3.743155e-01
  λ=1.000e+00 | Epoch 220 | lr=1.0000e-03 | Recon MSE=5.254605e-05 | ‖ω‖₁=3.693175e-01
  λ=1.000e+00 | Epoch 230 | lr=1.0000e-03 | Recon MSE=5.621486e-05 | ‖ω‖₁=3.625860e-01
  λ=1.000e+00 | Epoch 240 | lr=1.0000e-03 | Recon MSE=4.561495e-05 | ‖ω‖₁=3.592481e-01
  λ=1.000e+00 | Epoch 250 | lr=1.0000e-03 | Recon MSE=4.630963e-05 | ‖ω‖₁=3.533768e-01
  λ=1.000e+00 | Epoch 260 | lr=1.0000e-03 | Recon MSE=4.761982e-05 | ‖ω‖₁=3.462888e-01
  λ=1.000e+00 | Epoch 270 | lr=1.0000e-03 | Recon MSE=4.448117e-05 | ‖ω‖₁=3.390117e-01
  λ=1.000e+00 | Epoch 280 | lr=1.0000e-03 | Recon MSE=4.831814e-05 | ‖ω‖₁=3.316650e-01
  λ=1.000e+00 | Epoch 290 | lr=1.0000e-03 | Recon MSE=4.156794e-05 | ‖ω‖₁=3.245264e-01
  λ=1.000e+00 | Epoch 300 | lr=1.0000e-03 | Recon MSE=4.674501e-05 | ‖ω‖₁=3.177589e-01
  λ=1.000e+00 | Epoch 310 | lr=1.0000e-03 | Recon MSE=4.536909e-05 | ‖ω‖₁=3.122844e-01
  λ=1.000e+00 | Epoch 320 | lr=1.0000e-03 | Recon MSE=4.230801e-05 | ‖ω‖₁=3.052993e-01
  λ=1.000e+00 | Epoch 330 | lr=1.0000e-03 | Recon MSE=4.222444e-05 | ‖ω‖₁=3.010570e-01
  λ=1.000e+00 | Epoch 340 | lr=1.0000e-03 | Recon MSE=4.294237e-05 | ‖ω‖₁=2.968479e-01
  λ=1.000e+00 | Epoch 350 | lr=1.0000e-03 | Recon MSE=3.956533e-05 | ‖ω‖₁=2.886748e-01
  λ=1.000e+00 | Epoch 360 | lr=1.0000e-03 | Recon MSE=4.593680e-05 | ‖ω‖₁=2.814060e-01
  λ=1.000e+00 | Epoch 370 | lr=1.0000e-03 | Recon MSE=4.980850e-05 | ‖ω‖₁=2.781830e-01
  λ=1.000e+00 | Epoch 380 | lr=1.0000e-03 | Recon MSE=3.935006e-05 | ‖ω‖₁=2.722740e-01
  λ=1.000e+00 | Epoch 390 | lr=1.0000e-03 | Recon MSE=4.496861e-05 | ‖ω‖₁=2.670719e-01
  λ=1.000e+00 | Epoch 400 | lr=5.0000e-04 | Recon MSE=4.219487e-05 | ‖ω‖₁=2.624127e-01
  λ=1.000e+00 | Epoch 410 | lr=5.0000e-04 | Recon MSE=3.981764e-05 | ‖ω‖₁=2.590004e-01
  λ=1.000e+00 | Epoch 420 | lr=5.0000e-04 | Recon MSE=3.900334e-05 | ‖ω‖₁=2.553529e-01
  λ=1.000e+00 | Epoch 430 | lr=5.0000e-04 | Recon MSE=3.995106e-05 | ‖ω‖₁=2.536392e-01
  λ=1.000e+00 | Epoch 440 | lr=5.0000e-04 | Recon MSE=3.914196e-05 | ‖ω‖₁=2.502861e-01
  λ=1.000e+00 | Epoch 450 | lr=5.0000e-04 | Recon MSE=4.262223e-05 | ‖ω‖₁=2.476579e-01
  λ=1.000e+00 | Epoch 460 | lr=5.0000e-04 | Recon MSE=3.906259e-05 | ‖ω‖₁=2.466606e-01
  λ=1.000e+00 | Epoch 470 | lr=5.0000e-04 | Recon MSE=3.916239e-05 | ‖ω‖₁=2.435653e-01
  λ=1.000e+00 | Epoch 480 | lr=5.0000e-04 | Recon MSE=3.985634e-05 | ‖ω‖₁=2.407223e-01
  λ=1.000e+00 | Epoch 490 | lr=5.0000e-04 | Recon MSE=3.899916e-05 | ‖ω‖₁=2.385231e-01
  λ=1.000e+00 | Epoch 500 | lr=5.0000e-04 | Recon MSE=3.900153e-05 | ‖ω‖₁=2.364518e-01
  λ=1.000e+00 | Epoch 510 | lr=5.0000e-04 | Recon MSE=4.188548e-05 | ‖ω‖₁=2.345689e-01
  λ=1.000e+00 | Epoch 520 | lr=5.0000e-04 | Recon MSE=5.562222e-05 | ‖ω‖₁=2.334767e-01
  λ=1.000e+00 | Epoch 530 | lr=5.0000e-04 | Recon MSE=4.514648e-05 | ‖ω‖₁=2.314159e-01
  λ=1.000e+00 | Epoch 540 | lr=5.0000e-04 | Recon MSE=3.908269e-05 | ‖ω‖₁=2.291914e-01
  λ=1.000e+00 | Epoch 550 | lr=5.0000e-04 | Recon MSE=3.936839e-05 | ‖ω‖₁=2.267048e-01
  λ=1.000e+00 | Epoch 560 | lr=5.0000e-04 | Recon MSE=4.021633e-05 | ‖ω‖₁=2.246515e-01
  λ=1.000e+00 | Epoch 570 | lr=5.0000e-04 | Recon MSE=4.597195e-05 | ‖ω‖₁=2.218423e-01
  λ=1.000e+00 | Epoch 580 | lr=5.0000e-04 | Recon MSE=3.846081e-05 | ‖ω‖₁=2.207825e-01
  λ=1.000e+00 | Epoch 590 | lr=5.0000e-04 | Recon MSE=4.051957e-05 | ‖ω‖₁=2.188348e-01
  λ=1.000e+00 | Epoch 600 | lr=5.0000e-04 | Recon MSE=3.917832e-05 | ‖ω‖₁=2.158671e-01
  λ=1.000e+00 | Epoch 610 | lr=5.0000e-04 | Recon MSE=4.606585e-05 | ‖ω‖₁=2.144232e-01
  λ=1.000e+00 | Epoch 620 | lr=5.0000e-04 | Recon MSE=4.333753e-05 | ‖ω‖₁=2.124184e-01
  λ=1.000e+00 | Epoch 630 | lr=5.0000e-04 | Recon MSE=3.666110e-05 | ‖ω‖₁=2.107285e-01
  λ=1.000e+00 | Epoch 640 | lr=5.0000e-04 | Recon MSE=3.954926e-05 | ‖ω‖₁=2.091964e-01
  λ=1.000e+00 | Epoch 650 | lr=5.0000e-04 | Recon MSE=3.901044e-05 | ‖ω‖₁=2.061836e-01
  λ=1.000e+00 | Epoch 660 | lr=5.0000e-04 | Recon MSE=4.104408e-05 | ‖ω‖₁=2.038266e-01
  λ=1.000e+00 | Epoch 670 | lr=5.0000e-04 | Recon MSE=4.064557e-05 | ‖ω‖₁=2.019572e-01
  λ=1.000e+00 | Epoch 680 | lr=5.0000e-04 | Recon MSE=4.233038e-05 | ‖ω‖₁=2.019891e-01
  λ=1.000e+00 | Epoch 690 | lr=5.0000e-04 | Recon MSE=4.045286e-05 | ‖ω‖₁=1.988849e-01
  λ=1.000e+00 | Epoch 700 | lr=5.0000e-04 | Recon MSE=4.102769e-05 | ‖ω‖₁=1.970153e-01
  λ=1.000e+00 | Epoch 710 | lr=5.0000e-04 | Recon MSE=4.123776e-05 | ‖ω‖₁=1.944579e-01
  λ=1.000e+00 | Epoch 720 | lr=5.0000e-04 | Recon MSE=3.985052e-05 | ‖ω‖₁=1.923841e-01
  λ=1.000e+00 | Epoch 730 | lr=5.0000e-04 | Recon MSE=4.152430e-05 | ‖ω‖₁=1.905667e-01
  λ=1.000e+00 | Epoch 740 | lr=5.0000e-04 | Recon MSE=4.046523e-05 | ‖ω‖₁=1.885838e-01
  λ=1.000e+00 | Epoch 750 | lr=5.0000e-04 | Recon MSE=4.123738e-05 | ‖ω‖₁=1.864056e-01
  λ=1.000e+00 | Epoch 760 | lr=5.0000e-04 | Recon MSE=4.099802e-05 | ‖ω‖₁=1.835311e-01
  λ=1.000e+00 | Epoch 770 | lr=5.0000e-04 | Recon MSE=4.476040e-05 | ‖ω‖₁=1.822440e-01
  λ=1.000e+00 | Epoch 780 | lr=5.0000e-04 | Recon MSE=4.040884e-05 | ‖ω‖₁=1.813920e-01
  λ=1.000e+00 | Epoch 790 | lr=5.0000e-04 | Recon MSE=4.135800e-05 | ‖ω‖₁=1.788937e-01
  λ=1.000e+00 | Epoch 800 | lr=2.5000e-04 | Recon MSE=4.183371e-05 | ‖ω‖₁=1.774472e-01
  λ=1.000e+00 | Epoch 810 | lr=2.5000e-04 | Recon MSE=3.990693e-05 | ‖ω‖₁=1.765343e-01
  λ=1.000e+00 | Epoch 820 | lr=2.5000e-04 | Recon MSE=4.004271e-05 | ‖ω‖₁=1.745425e-01
  λ=1.000e+00 | Epoch 830 | lr=2.5000e-04 | Recon MSE=3.966848e-05 | ‖ω‖₁=1.736862e-01
  λ=1.000e+00 | Epoch 840 | lr=2.5000e-04 | Recon MSE=4.278590e-05 | ‖ω‖₁=1.730891e-01
  λ=1.000e+00 | Epoch 850 | lr=2.5000e-04 | Recon MSE=3.721306e-05 | ‖ω‖₁=1.717338e-01
  λ=1.000e+00 | Epoch 860 | lr=2.5000e-04 | Recon MSE=4.003819e-05 | ‖ω‖₁=1.708250e-01
  λ=1.000e+00 | Epoch 870 | lr=2.5000e-04 | Recon MSE=3.814475e-05 | ‖ω‖₁=1.698845e-01
  λ=1.000e+00 | Epoch 880 | lr=2.5000e-04 | Recon MSE=3.862140e-05 | ‖ω‖₁=1.687989e-01
  λ=1.000e+00 | Epoch 890 | lr=2.5000e-04 | Recon MSE=3.567281e-05 | ‖ω‖₁=1.682653e-01
  λ=1.000e+00 | Epoch 900 | lr=2.5000e-04 | Recon MSE=3.973162e-05 | ‖ω‖₁=1.676634e-01
  λ=1.000e+00 | Epoch 910 | lr=2.5000e-04 | Recon MSE=3.581838e-05 | ‖ω‖₁=1.669647e-01
  λ=1.000e+00 | Epoch 920 | lr=2.5000e-04 | Recon MSE=4.043369e-05 | ‖ω‖₁=1.658038e-01
  λ=1.000e+00 | Epoch 930 | lr=2.5000e-04 | Recon MSE=3.768480e-05 | ‖ω‖₁=1.650662e-01
  λ=1.000e+00 | Epoch 940 | lr=2.5000e-04 | Recon MSE=4.131250e-05 | ‖ω‖₁=1.642670e-01
  λ=1.000e+00 | Epoch 950 | lr=2.5000e-04 | Recon MSE=3.894463e-05 | ‖ω‖₁=1.632865e-01
  λ=1.000e+00 | Epoch 960 | lr=2.5000e-04 | Recon MSE=3.655137e-05 | ‖ω‖₁=1.626301e-01
  λ=1.000e+00 | Epoch 970 | lr=2.5000e-04 | Recon MSE=3.913307e-05 | ‖ω‖₁=1.611907e-01
  λ=1.000e+00 | Epoch 980 | lr=2.5000e-04 | Recon MSE=3.968533e-05 | ‖ω‖₁=1.605625e-01
  λ=1.000e+00 | Epoch 990 | lr=2.5000e-04 | Recon MSE=3.986298e-05 | ‖ω‖₁=1.594495e-01
  λ=1.000e+00 | Epoch 1000 | lr=2.5000e-04 | Recon MSE=3.781985e-05 | ‖ω‖₁=1.589383e-01
  λ=1.000e+00 | Epoch 1010 | lr=2.5000e-04 | Recon MSE=4.264412e-05 | ‖ω‖₁=1.578518e-01
  λ=1.000e+00 | Epoch 1020 | lr=2.5000e-04 | Recon MSE=4.040784e-05 | ‖ω‖₁=1.567344e-01
  λ=1.000e+00 | Epoch 1030 | lr=2.5000e-04 | Recon MSE=3.864826e-05 | ‖ω‖₁=1.557393e-01
  λ=1.000e+00 | Epoch 1040 | lr=2.5000e-04 | Recon MSE=3.966094e-05 | ‖ω‖₁=1.548274e-01
  λ=1.000e+00 | Epoch 1050 | lr=2.5000e-04 | Recon MSE=3.990778e-05 | ‖ω‖₁=1.543334e-01
  λ=1.000e+00 | Epoch 1060 | lr=2.5000e-04 | Recon MSE=3.727942e-05 | ‖ω‖₁=1.540832e-01
  λ=1.000e+00 | Epoch 1070 | lr=2.5000e-04 | Recon MSE=4.131392e-05 | ‖ω‖₁=1.528060e-01
  λ=1.000e+00 | Epoch 1080 | lr=2.5000e-04 | Recon MSE=4.188980e-05 | ‖ω‖₁=1.514330e-01
  λ=1.000e+00 | Epoch 1090 | lr=2.5000e-04 | Recon MSE=3.709576e-05 | ‖ω‖₁=1.506797e-01
  λ=1.000e+00 | Epoch 1100 | lr=2.5000e-04 | Recon MSE=4.093194e-05 | ‖ω‖₁=1.502341e-01
  λ=1.000e+00 | Epoch 1110 | lr=2.5000e-04 | Recon MSE=3.701929e-05 | ‖ω‖₁=1.500494e-01
  λ=1.000e+00 | Epoch 1120 | lr=2.5000e-04 | Recon MSE=4.158809e-05 | ‖ω‖₁=1.484809e-01
  λ=1.000e+00 | Epoch 1130 | lr=2.5000e-04 | Recon MSE=3.960955e-05 | ‖ω‖₁=1.475456e-01
  λ=1.000e+00 | Epoch 1140 | lr=2.5000e-04 | Recon MSE=3.725012e-05 | ‖ω‖₁=1.461521e-01
  λ=1.000e+00 | Epoch 1150 | lr=2.5000e-04 | Recon MSE=4.186377e-05 | ‖ω‖₁=1.455591e-01
  λ=1.000e+00 | Epoch 1160 | lr=2.5000e-04 | Recon MSE=4.017436e-05 | ‖ω‖₁=1.446336e-01
  λ=1.000e+00 | Epoch 1170 | lr=2.5000e-04 | Recon MSE=3.837099e-05 | ‖ω‖₁=1.437707e-01
  λ=1.000e+00 | Epoch 1180 | lr=2.5000e-04 | Recon MSE=4.323014e-05 | ‖ω‖₁=1.427695e-01
  λ=1.000e+00 | Epoch 1190 | lr=2.5000e-04 | Recon MSE=4.027252e-05 | ‖ω‖₁=1.419019e-01
  λ=1.000e+00 | Epoch 1200 | lr=1.2500e-04 | Recon MSE=3.913146e-05 | ‖ω‖₁=1.418199e-01
  λ=1.000e+00 | Epoch 1210 | lr=1.2500e-04 | Recon MSE=4.052117e-05 | ‖ω‖₁=1.422268e-01
  λ=1.000e+00 | Epoch 1220 | lr=1.2500e-04 | Recon MSE=3.907153e-05 | ‖ω‖₁=1.414956e-01
  λ=1.000e+00 | Epoch 1230 | lr=1.2500e-04 | Recon MSE=3.580652e-05 | ‖ω‖₁=1.408924e-01
  λ=1.000e+00 | Epoch 1240 | lr=1.2500e-04 | Recon MSE=4.034859e-05 | ‖ω‖₁=1.402890e-01
  λ=1.000e+00 | Epoch 1250 | lr=1.2500e-04 | Recon MSE=3.843172e-05 | ‖ω‖₁=1.393327e-01
  λ=1.000e+00 | Epoch 1260 | lr=1.2500e-04 | Recon MSE=3.730614e-05 | ‖ω‖₁=1.391459e-01
  λ=1.000e+00 | Epoch 1270 | lr=1.2500e-04 | Recon MSE=3.874752e-05 | ‖ω‖₁=1.384436e-01
  λ=1.000e+00 | Epoch 1280 | lr=1.2500e-04 | Recon MSE=3.903328e-05 | ‖ω‖₁=1.378407e-01
  λ=1.000e+00 | Epoch 1290 | lr=1.2500e-04 | Recon MSE=3.771702e-05 | ‖ω‖₁=1.375229e-01
  λ=1.000e+00 | Epoch 1300 | lr=1.2500e-04 | Recon MSE=3.879677e-05 | ‖ω‖₁=1.369662e-01
  λ=1.000e+00 | Epoch 1310 | lr=1.2500e-04 | Recon MSE=3.953470e-05 | ‖ω‖₁=1.365657e-01
  λ=1.000e+00 | Epoch 1320 | lr=1.2500e-04 | Recon MSE=3.897347e-05 | ‖ω‖₁=1.359419e-01
  λ=1.000e+00 | Epoch 1330 | lr=1.2500e-04 | Recon MSE=4.094109e-05 | ‖ω‖₁=1.354183e-01
  λ=1.000e+00 | Epoch 1340 | lr=1.2500e-04 | Recon MSE=3.878987e-05 | ‖ω‖₁=1.351248e-01
  λ=1.000e+00 | Epoch 1350 | lr=1.2500e-04 | Recon MSE=3.971474e-05 | ‖ω‖₁=1.351096e-01
  λ=1.000e+00 | Epoch 1360 | lr=1.2500e-04 | Recon MSE=3.875315e-05 | ‖ω‖₁=1.347629e-01
  λ=1.000e+00 | Epoch 1370 | lr=1.2500e-04 | Recon MSE=4.129573e-05 | ‖ω‖₁=1.345468e-01
  λ=1.000e+00 | Epoch 1380 | lr=1.2500e-04 | Recon MSE=3.985611e-05 | ‖ω‖₁=1.341011e-01
  λ=1.000e+00 | Epoch 1390 | lr=1.2500e-04 | Recon MSE=3.931344e-05 | ‖ω‖₁=1.337302e-01
  λ=1.000e+00 | Epoch 1400 | lr=1.2500e-04 | Recon MSE=4.053532e-05 | ‖ω‖₁=1.337846e-01
  λ=1.000e+00 | Epoch 1410 | lr=1.2500e-04 | Recon MSE=3.874062e-05 | ‖ω‖₁=1.330615e-01
  λ=1.000e+00 | Epoch 1420 | lr=1.2500e-04 | Recon MSE=3.862085e-05 | ‖ω‖₁=1.328640e-01
  λ=1.000e+00 | Epoch 1430 | lr=1.2500e-04 | Recon MSE=4.005230e-05 | ‖ω‖₁=1.323191e-01
  λ=1.000e+00 | Epoch 1440 | lr=1.2500e-04 | Recon MSE=3.712478e-05 | ‖ω‖₁=1.316389e-01
  λ=1.000e+00 | Epoch 1450 | lr=1.2500e-04 | Recon MSE=3.659822e-05 | ‖ω‖₁=1.312128e-01
  λ=1.000e+00 | Epoch 1460 | lr=1.2500e-04 | Recon MSE=3.702905e-05 | ‖ω‖₁=1.309669e-01
  λ=1.000e+00 | Epoch 1470 | lr=1.2500e-04 | Recon MSE=3.769107e-05 | ‖ω‖₁=1.304287e-01
  λ=1.000e+00 | Epoch 1480 | lr=1.2500e-04 | Recon MSE=3.633142e-05 | ‖ω‖₁=1.303742e-01
  λ=1.000e+00 | Epoch 1490 | lr=1.2500e-04 | Recon MSE=3.692676e-05 | ‖ω‖₁=1.302494e-01
  λ=1.000e+00 | Epoch 1500 | lr=1.2500e-04 | Recon MSE=3.800898e-05 | ‖ω‖₁=1.299902e-01
  λ=1.000e+00 | Epoch 1510 | lr=1.2500e-04 | Recon MSE=3.685128e-05 | ‖ω‖₁=1.297488e-01
  λ=1.000e+00 | Epoch 1520 | lr=1.2500e-04 | Recon MSE=3.991625e-05 | ‖ω‖₁=1.290273e-01
  λ=1.000e+00 | Epoch 1530 | lr=1.2500e-04 | Recon MSE=3.975770e-05 | ‖ω‖₁=1.285208e-01
  λ=1.000e+00 | Epoch 1540 | lr=1.2500e-04 | Recon MSE=3.879204e-05 | ‖ω‖₁=1.285325e-01
  λ=1.000e+00 | Epoch 1550 | lr=1.2500e-04 | Recon MSE=3.731178e-05 | ‖ω‖₁=1.280212e-01
  λ=1.000e+00 | Epoch 1560 | lr=1.2500e-04 | Recon MSE=3.972476e-05 | ‖ω‖₁=1.274199e-01
  λ=1.000e+00 | Epoch 1570 | lr=1.2500e-04 | Recon MSE=4.025835e-05 | ‖ω‖₁=1.266576e-01
  λ=1.000e+00 | Epoch 1580 | lr=1.2500e-04 | Recon MSE=3.925420e-05 | ‖ω‖₁=1.263376e-01
  λ=1.000e+00 | Epoch 1590 | lr=1.2500e-04 | Recon MSE=3.973452e-05 | ‖ω‖₁=1.259695e-01
  λ=1.000e+00 | Epoch 1600 | lr=6.2500e-05 | Recon MSE=4.256208e-05 | ‖ω‖₁=1.253090e-01
  λ=1.000e+00 | Epoch 1610 | lr=6.2500e-05 | Recon MSE=3.795136e-05 | ‖ω‖₁=1.251141e-01
  λ=1.000e+00 | Epoch 1620 | lr=6.2500e-05 | Recon MSE=3.677854e-05 | ‖ω‖₁=1.248212e-01
  λ=1.000e+00 | Epoch 1630 | lr=6.2500e-05 | Recon MSE=3.903808e-05 | ‖ω‖₁=1.246093e-01
  λ=1.000e+00 | Epoch 1640 | lr=6.2500e-05 | Recon MSE=3.616581e-05 | ‖ω‖₁=1.244359e-01
  λ=1.000e+00 | Epoch 1650 | lr=6.2500e-05 | Recon MSE=3.644873e-05 | ‖ω‖₁=1.242637e-01
  λ=1.000e+00 | Epoch 1660 | lr=6.2500e-05 | Recon MSE=3.775436e-05 | ‖ω‖₁=1.241220e-01
  λ=1.000e+00 | Epoch 1670 | lr=6.2500e-05 | Recon MSE=4.054810e-05 | ‖ω‖₁=1.238523e-01
  λ=1.000e+00 | Epoch 1680 | lr=6.2500e-05 | Recon MSE=3.737926e-05 | ‖ω‖₁=1.238767e-01
  λ=1.000e+00 | Epoch 1690 | lr=6.2500e-05 | Recon MSE=3.898792e-05 | ‖ω‖₁=1.236912e-01
  λ=1.000e+00 | Epoch 1700 | lr=6.2500e-05 | Recon MSE=3.894306e-05 | ‖ω‖₁=1.237658e-01
  λ=1.000e+00 | Epoch 1710 | lr=6.2500e-05 | Recon MSE=3.961690e-05 | ‖ω‖₁=1.233696e-01
  λ=1.000e+00 | Epoch 1720 | lr=6.2500e-05 | Recon MSE=4.014728e-05 | ‖ω‖₁=1.231013e-01
  λ=1.000e+00 | Epoch 1730 | lr=6.2500e-05 | Recon MSE=3.663496e-05 | ‖ω‖₁=1.228555e-01
  λ=1.000e+00 | Epoch 1740 | lr=6.2500e-05 | Recon MSE=3.757325e-05 | ‖ω‖₁=1.227007e-01
  λ=1.000e+00 | Epoch 1750 | lr=6.2500e-05 | Recon MSE=4.020834e-05 | ‖ω‖₁=1.224769e-01
  λ=1.000e+00 | Epoch 1760 | lr=6.2500e-05 | Recon MSE=3.548126e-05 | ‖ω‖₁=1.225529e-01
  λ=1.000e+00 | Epoch 1770 | lr=6.2500e-05 | Recon MSE=3.443504e-05 | ‖ω‖₁=1.222714e-01
  λ=1.000e+00 | Epoch 1780 | lr=6.2500e-05 | Recon MSE=3.695901e-05 | ‖ω‖₁=1.221800e-01
  λ=1.000e+00 | Epoch 1790 | lr=6.2500e-05 | Recon MSE=3.746961e-05 | ‖ω‖₁=1.220385e-01
  λ=1.000e+00 | Epoch 1800 | lr=6.2500e-05 | Recon MSE=3.800626e-05 | ‖ω‖₁=1.217051e-01
  λ=1.000e+00 | Epoch 1810 | lr=6.2500e-05 | Recon MSE=3.679470e-05 | ‖ω‖₁=1.215285e-01
  λ=1.000e+00 | Epoch 1820 | lr=6.2500e-05 | Recon MSE=3.931898e-05 | ‖ω‖₁=1.212761e-01
  λ=1.000e+00 | Epoch 1830 | lr=6.2500e-05 | Recon MSE=3.829671e-05 | ‖ω‖₁=1.210013e-01
  λ=1.000e+00 | Epoch 1840 | lr=6.2500e-05 | Recon MSE=3.669862e-05 | ‖ω‖₁=1.206637e-01
  λ=1.000e+00 | Epoch 1850 | lr=6.2500e-05 | Recon MSE=3.604293e-05 | ‖ω‖₁=1.205378e-01
  λ=1.000e+00 | Epoch 1860 | lr=6.2500e-05 | Recon MSE=3.745909e-05 | ‖ω‖₁=1.204045e-01
  λ=1.000e+00 | Epoch 1870 | lr=6.2500e-05 | Recon MSE=3.922635e-05 | ‖ω‖₁=1.201442e-01
  λ=1.000e+00 | Epoch 1880 | lr=6.2500e-05 | Recon MSE=4.179223e-05 | ‖ω‖₁=1.199313e-01
  λ=1.000e+00 | Epoch 1890 | lr=6.2500e-05 | Recon MSE=3.580422e-05 | ‖ω‖₁=1.197737e-01
  λ=1.000e+00 | Epoch 1900 | lr=6.2500e-05 | Recon MSE=3.906835e-05 | ‖ω‖₁=1.195683e-01
  λ=1.000e+00 | Epoch 1910 | lr=6.2500e-05 | Recon MSE=3.923733e-05 | ‖ω‖₁=1.194147e-01
  λ=1.000e+00 | Epoch 1920 | lr=6.2500e-05 | Recon MSE=3.968790e-05 | ‖ω‖₁=1.192125e-01
  λ=1.000e+00 | Epoch 1930 | lr=6.2500e-05 | Recon MSE=3.635248e-05 | ‖ω‖₁=1.189624e-01
  λ=1.000e+00 | Epoch 1940 | lr=6.2500e-05 | Recon MSE=4.014042e-05 | ‖ω‖₁=1.189263e-01
  λ=1.000e+00 | Epoch 1950 | lr=6.2500e-05 | Recon MSE=3.688091e-05 | ‖ω‖₁=1.188799e-01
  λ=1.000e+00 | Epoch 1960 | lr=6.2500e-05 | Recon MSE=4.062277e-05 | ‖ω‖₁=1.185624e-01
  λ=1.000e+00 | Epoch 1970 | lr=6.2500e-05 | Recon MSE=3.825798e-05 | ‖ω‖₁=1.184404e-01
  λ=1.000e+00 | Epoch 1980 | lr=6.2500e-05 | Recon MSE=3.834317e-05 | ‖ω‖₁=1.182448e-01
  λ=1.000e+00 | Epoch 1990 | lr=6.2500e-05 | Recon MSE=4.041771e-05 | ‖ω‖₁=1.179870e-01
  λ=1.000e+00 | Epoch 2000 | lr=3.1250e-05 | Recon MSE=3.940971e-05 | ‖ω‖₁=1.180114e-01
  → at λ=1.000e+00: r(λ)=28, rel_err=2.672512e-03
  → selected modes: [0, 1, 2, 3, 4, 5, 7, 8, 9, 10, 11, 12, 13, 14, 15, 16, 17, 19, 20, 21, 22, 23, 24, 25, 26, 27, 28, 29]

-- Path iteration 2, λ = 1.200e+00 (r(λ) prev = 28)
  λ=1.200e+00 | Epoch   1 | lr=1.0000e-03 | Recon MSE=7.761928e-03 | ‖ω‖₁=2.938601e+01
  λ=1.200e+00 | Epoch  10 | lr=1.0000e-03 | Recon MSE=1.124435e-04 | ‖ω‖₁=1.913693e+01
  λ=1.200e+00 | Epoch  20 | lr=1.0000e-03 | Recon MSE=1.193451e-04 | ‖ω‖₁=8.216737e+00
  λ=1.200e+00 | Epoch  30 | lr=1.0000e-03 | Recon MSE=1.402317e-04 | ‖ω‖₁=1.441245e+00
  λ=1.200e+00 | Epoch  40 | lr=1.0000e-03 | Recon MSE=1.304453e-04 | ‖ω‖₁=9.690984e-01
  λ=1.200e+00 | Epoch  50 | lr=1.0000e-03 | Recon MSE=1.166414e-04 | ‖ω‖₁=8.568759e-01
  λ=1.200e+00 | Epoch  60 | lr=1.0000e-03 | Recon MSE=1.131613e-04 | ‖ω‖₁=7.397371e-01
  λ=1.200e+00 | Epoch  70 | lr=1.0000e-03 | Recon MSE=1.043351e-04 | ‖ω‖₁=6.638908e-01
  λ=1.200e+00 | Epoch  80 | lr=1.0000e-03 | Recon MSE=9.893163e-05 | ‖ω‖₁=6.090551e-01
  λ=1.200e+00 | Epoch  90 | lr=1.0000e-03 | Recon MSE=9.222094e-05 | ‖ω‖₁=5.668595e-01
  λ=1.200e+00 | Epoch 100 | lr=1.0000e-03 | Recon MSE=8.959360e-05 | ‖ω‖₁=5.287360e-01
  λ=1.200e+00 | Epoch 110 | lr=1.0000e-03 | Recon MSE=8.161121e-05 | ‖ω‖₁=4.994217e-01
  λ=1.200e+00 | Epoch 120 | lr=1.0000e-03 | Recon MSE=7.155592e-05 | ‖ω‖₁=4.716463e-01
  λ=1.200e+00 | Epoch 130 | lr=1.0000e-03 | Recon MSE=7.085732e-05 | ‖ω‖₁=4.493311e-01
  λ=1.200e+00 | Epoch 140 | lr=1.0000e-03 | Recon MSE=7.090303e-05 | ‖ω‖₁=4.281389e-01
  λ=1.200e+00 | Epoch 150 | lr=1.0000e-03 | Recon MSE=7.971245e-05 | ‖ω‖₁=4.100010e-01
  λ=1.200e+00 | Epoch 160 | lr=1.0000e-03 | Recon MSE=6.584927e-05 | ‖ω‖₁=3.971676e-01
  λ=1.200e+00 | Epoch 170 | lr=1.0000e-03 | Recon MSE=5.758331e-05 | ‖ω‖₁=3.888146e-01
  λ=1.200e+00 | Epoch 180 | lr=1.0000e-03 | Recon MSE=5.408206e-05 | ‖ω‖₁=3.838403e-01
  λ=1.200e+00 | Epoch 190 | lr=1.0000e-03 | Recon MSE=5.451135e-05 | ‖ω‖₁=3.767091e-01
  λ=1.200e+00 | Epoch 200 | lr=1.0000e-03 | Recon MSE=5.292317e-05 | ‖ω‖₁=3.703831e-01
  λ=1.200e+00 | Epoch 210 | lr=1.0000e-03 | Recon MSE=4.769338e-05 | ‖ω‖₁=3.628939e-01
  λ=1.200e+00 | Epoch 220 | lr=1.0000e-03 | Recon MSE=5.982392e-05 | ‖ω‖₁=3.575251e-01
  λ=1.200e+00 | Epoch 230 | lr=1.0000e-03 | Recon MSE=5.145189e-05 | ‖ω‖₁=3.487137e-01
  λ=1.200e+00 | Epoch 240 | lr=1.0000e-03 | Recon MSE=5.254378e-05 | ‖ω‖₁=3.439454e-01
  λ=1.200e+00 | Epoch 250 | lr=1.0000e-03 | Recon MSE=4.529559e-05 | ‖ω‖₁=3.372868e-01
  λ=1.200e+00 | Epoch 260 | lr=1.0000e-03 | Recon MSE=5.820494e-05 | ‖ω‖₁=3.295305e-01
  λ=1.200e+00 | Epoch 270 | lr=1.0000e-03 | Recon MSE=4.474774e-05 | ‖ω‖₁=3.209662e-01
  λ=1.200e+00 | Epoch 280 | lr=1.0000e-03 | Recon MSE=4.451682e-05 | ‖ω‖₁=3.136607e-01
  λ=1.200e+00 | Epoch 290 | lr=1.0000e-03 | Recon MSE=4.273987e-05 | ‖ω‖₁=3.073869e-01
  λ=1.200e+00 | Epoch 300 | lr=1.0000e-03 | Recon MSE=4.273834e-05 | ‖ω‖₁=3.010704e-01
  λ=1.200e+00 | Epoch 310 | lr=1.0000e-03 | Recon MSE=4.547468e-05 | ‖ω‖₁=2.963476e-01
  λ=1.200e+00 | Epoch 320 | lr=1.0000e-03 | Recon MSE=4.140969e-05 | ‖ω‖₁=2.898893e-01
  λ=1.200e+00 | Epoch 330 | lr=1.0000e-03 | Recon MSE=4.653862e-05 | ‖ω‖₁=2.825188e-01
  λ=1.200e+00 | Epoch 340 | lr=1.0000e-03 | Recon MSE=4.022462e-05 | ‖ω‖₁=2.764649e-01
  λ=1.200e+00 | Epoch 350 | lr=1.0000e-03 | Recon MSE=4.234889e-05 | ‖ω‖₁=2.711808e-01
  λ=1.200e+00 | Epoch 360 | lr=1.0000e-03 | Recon MSE=4.568348e-05 | ‖ω‖₁=2.642737e-01
  λ=1.200e+00 | Epoch 370 | lr=1.0000e-03 | Recon MSE=4.106005e-05 | ‖ω‖₁=2.594183e-01
  λ=1.200e+00 | Epoch 380 | lr=1.0000e-03 | Recon MSE=4.656675e-05 | ‖ω‖₁=2.528816e-01
  λ=1.200e+00 | Epoch 390 | lr=1.0000e-03 | Recon MSE=4.308404e-05 | ‖ω‖₁=2.498690e-01
  λ=1.200e+00 | Epoch 400 | lr=5.0000e-04 | Recon MSE=4.631527e-05 | ‖ω‖₁=2.415333e-01
  λ=1.200e+00 | Epoch 410 | lr=5.0000e-04 | Recon MSE=4.431295e-05 | ‖ω‖₁=2.376537e-01
  λ=1.200e+00 | Epoch 420 | lr=5.0000e-04 | Recon MSE=4.613074e-05 | ‖ω‖₁=2.342322e-01
  λ=1.200e+00 | Epoch 430 | lr=5.0000e-04 | Recon MSE=4.141269e-05 | ‖ω‖₁=2.316049e-01
  λ=1.200e+00 | Epoch 440 | lr=5.0000e-04 | Recon MSE=4.291523e-05 | ‖ω‖₁=2.281343e-01
  λ=1.200e+00 | Epoch 450 | lr=5.0000e-04 | Recon MSE=4.226881e-05 | ‖ω‖₁=2.257683e-01
  λ=1.200e+00 | Epoch 460 | lr=5.0000e-04 | Recon MSE=4.855169e-05 | ‖ω‖₁=2.221975e-01
  λ=1.200e+00 | Epoch 470 | lr=5.0000e-04 | Recon MSE=4.298752e-05 | ‖ω‖₁=2.198204e-01
  λ=1.200e+00 | Epoch 480 | lr=5.0000e-04 | Recon MSE=4.254259e-05 | ‖ω‖₁=2.167744e-01
  λ=1.200e+00 | Epoch 490 | lr=5.0000e-04 | Recon MSE=4.198287e-05 | ‖ω‖₁=2.146244e-01
  λ=1.200e+00 | Epoch 500 | lr=5.0000e-04 | Recon MSE=3.832165e-05 | ‖ω‖₁=2.119531e-01
  λ=1.200e+00 | Epoch 510 | lr=5.0000e-04 | Recon MSE=3.785554e-05 | ‖ω‖₁=2.088621e-01
  λ=1.200e+00 | Epoch 520 | lr=5.0000e-04 | Recon MSE=4.251937e-05 | ‖ω‖₁=2.067249e-01
  λ=1.200e+00 | Epoch 530 | lr=5.0000e-04 | Recon MSE=4.366970e-05 | ‖ω‖₁=2.051590e-01
  λ=1.200e+00 | Epoch 540 | lr=5.0000e-04 | Recon MSE=4.380484e-05 | ‖ω‖₁=2.012105e-01
  λ=1.200e+00 | Epoch 550 | lr=5.0000e-04 | Recon MSE=3.788418e-05 | ‖ω‖₁=1.989938e-01
  λ=1.200e+00 | Epoch 560 | lr=5.0000e-04 | Recon MSE=3.807699e-05 | ‖ω‖₁=1.971248e-01
  λ=1.200e+00 | Epoch 570 | lr=5.0000e-04 | Recon MSE=4.732728e-05 | ‖ω‖₁=1.945704e-01
  λ=1.200e+00 | Epoch 580 | lr=5.0000e-04 | Recon MSE=3.642247e-05 | ‖ω‖₁=1.929061e-01
  λ=1.200e+00 | Epoch 590 | lr=5.0000e-04 | Recon MSE=3.950359e-05 | ‖ω‖₁=1.900380e-01
  λ=1.200e+00 | Epoch 600 | lr=5.0000e-04 | Recon MSE=4.113467e-05 | ‖ω‖₁=1.869513e-01
  λ=1.200e+00 | Epoch 610 | lr=5.0000e-04 | Recon MSE=4.712164e-05 | ‖ω‖₁=1.844714e-01
  λ=1.200e+00 | Epoch 620 | lr=5.0000e-04 | Recon MSE=4.075812e-05 | ‖ω‖₁=1.801368e-01
  λ=1.200e+00 | Epoch 630 | lr=5.0000e-04 | Recon MSE=4.844620e-05 | ‖ω‖₁=1.779525e-01
  λ=1.200e+00 | Epoch 640 | lr=5.0000e-04 | Recon MSE=4.179004e-05 | ‖ω‖₁=1.760484e-01
  λ=1.200e+00 | Epoch 650 | lr=5.0000e-04 | Recon MSE=3.714436e-05 | ‖ω‖₁=1.740816e-01
  λ=1.200e+00 | Epoch 660 | lr=5.0000e-04 | Recon MSE=4.729444e-05 | ‖ω‖₁=1.709419e-01
  λ=1.200e+00 | Epoch 670 | lr=5.0000e-04 | Recon MSE=4.251223e-05 | ‖ω‖₁=1.686275e-01
  λ=1.200e+00 | Epoch 680 | lr=5.0000e-04 | Recon MSE=4.324796e-05 | ‖ω‖₁=1.659399e-01
  λ=1.200e+00 | Epoch 690 | lr=5.0000e-04 | Recon MSE=4.230658e-05 | ‖ω‖₁=1.630167e-01
  λ=1.200e+00 | Epoch 700 | lr=5.0000e-04 | Recon MSE=4.138878e-05 | ‖ω‖₁=1.609221e-01
  λ=1.200e+00 | Epoch 710 | lr=5.0000e-04 | Recon MSE=4.240436e-05 | ‖ω‖₁=1.589671e-01
  λ=1.200e+00 | Epoch 720 | lr=5.0000e-04 | Recon MSE=4.284205e-05 | ‖ω‖₁=1.562372e-01
  λ=1.200e+00 | Epoch 730 | lr=5.0000e-04 | Recon MSE=4.437266e-05 | ‖ω‖₁=1.542415e-01
  λ=1.200e+00 | Epoch 740 | lr=5.0000e-04 | Recon MSE=4.393964e-05 | ‖ω‖₁=1.523347e-01
  λ=1.200e+00 | Epoch 750 | lr=5.0000e-04 | Recon MSE=4.286374e-05 | ‖ω‖₁=1.508714e-01
  λ=1.200e+00 | Epoch 760 | lr=5.0000e-04 | Recon MSE=4.225608e-05 | ‖ω‖₁=1.473633e-01
  λ=1.200e+00 | Epoch 770 | lr=5.0000e-04 | Recon MSE=3.818196e-05 | ‖ω‖₁=1.447766e-01
  λ=1.200e+00 | Epoch 780 | lr=5.0000e-04 | Recon MSE=4.015917e-05 | ‖ω‖₁=1.428358e-01
  λ=1.200e+00 | Epoch 790 | lr=5.0000e-04 | Recon MSE=4.122252e-05 | ‖ω‖₁=1.412134e-01
  λ=1.200e+00 | Epoch 800 | lr=2.5000e-04 | Recon MSE=4.095793e-05 | ‖ω‖₁=1.396786e-01
  λ=1.200e+00 | Epoch 810 | lr=2.5000e-04 | Recon MSE=4.240955e-05 | ‖ω‖₁=1.381563e-01
  λ=1.200e+00 | Epoch 820 | lr=2.5000e-04 | Recon MSE=4.091560e-05 | ‖ω‖₁=1.369871e-01
  λ=1.200e+00 | Epoch 830 | lr=2.5000e-04 | Recon MSE=3.700623e-05 | ‖ω‖₁=1.357277e-01
  λ=1.200e+00 | Epoch 840 | lr=2.5000e-04 | Recon MSE=3.964154e-05 | ‖ω‖₁=1.346899e-01
  λ=1.200e+00 | Epoch 850 | lr=2.5000e-04 | Recon MSE=3.805758e-05 | ‖ω‖₁=1.338662e-01
  λ=1.200e+00 | Epoch 860 | lr=2.5000e-04 | Recon MSE=3.866078e-05 | ‖ω‖₁=1.327159e-01
  λ=1.200e+00 | Epoch 870 | lr=2.5000e-04 | Recon MSE=3.834246e-05 | ‖ω‖₁=1.314693e-01
  λ=1.200e+00 | Epoch 880 | lr=2.5000e-04 | Recon MSE=3.918842e-05 | ‖ω‖₁=1.304862e-01
  λ=1.200e+00 | Epoch 890 | lr=2.5000e-04 | Recon MSE=3.713522e-05 | ‖ω‖₁=1.296542e-01
  λ=1.200e+00 | Epoch 900 | lr=2.5000e-04 | Recon MSE=3.923545e-05 | ‖ω‖₁=1.283555e-01
  λ=1.200e+00 | Epoch 910 | lr=2.5000e-04 | Recon MSE=3.861220e-05 | ‖ω‖₁=1.273476e-01
  λ=1.200e+00 | Epoch 920 | lr=2.5000e-04 | Recon MSE=3.999887e-05 | ‖ω‖₁=1.261586e-01
  λ=1.200e+00 | Epoch 930 | lr=2.5000e-04 | Recon MSE=4.317856e-05 | ‖ω‖₁=1.250226e-01
  λ=1.200e+00 | Epoch 940 | lr=2.5000e-04 | Recon MSE=3.896565e-05 | ‖ω‖₁=1.241128e-01
  λ=1.200e+00 | Epoch 950 | lr=2.5000e-04 | Recon MSE=3.930319e-05 | ‖ω‖₁=1.235434e-01
  λ=1.200e+00 | Epoch 960 | lr=2.5000e-04 | Recon MSE=4.343211e-05 | ‖ω‖₁=1.221592e-01
  λ=1.200e+00 | Epoch 970 | lr=2.5000e-04 | Recon MSE=3.781887e-05 | ‖ω‖₁=1.216821e-01
  λ=1.200e+00 | Epoch 980 | lr=2.5000e-04 | Recon MSE=4.052978e-05 | ‖ω‖₁=1.206244e-01
  λ=1.200e+00 | Epoch 990 | lr=2.5000e-04 | Recon MSE=4.269214e-05 | ‖ω‖₁=1.199658e-01
  λ=1.200e+00 | Epoch 1000 | lr=2.5000e-04 | Recon MSE=3.882357e-05 | ‖ω‖₁=1.182069e-01
  λ=1.200e+00 | Epoch 1010 | lr=2.5000e-04 | Recon MSE=4.001088e-05 | ‖ω‖₁=1.171045e-01
  λ=1.200e+00 | Epoch 1020 | lr=2.5000e-04 | Recon MSE=3.697662e-05 | ‖ω‖₁=1.160533e-01
  λ=1.200e+00 | Epoch 1030 | lr=2.5000e-04 | Recon MSE=3.987708e-05 | ‖ω‖₁=1.150525e-01
  λ=1.200e+00 | Epoch 1040 | lr=2.5000e-04 | Recon MSE=4.208630e-05 | ‖ω‖₁=1.142808e-01
  λ=1.200e+00 | Epoch 1050 | lr=2.5000e-04 | Recon MSE=3.967307e-05 | ‖ω‖₁=1.132904e-01
  λ=1.200e+00 | Epoch 1060 | lr=2.5000e-04 | Recon MSE=4.246587e-05 | ‖ω‖₁=1.127166e-01
  λ=1.200e+00 | Epoch 1070 | lr=2.5000e-04 | Recon MSE=3.965358e-05 | ‖ω‖₁=1.111812e-01
  λ=1.200e+00 | Epoch 1080 | lr=2.5000e-04 | Recon MSE=4.066538e-05 | ‖ω‖₁=1.104465e-01
  λ=1.200e+00 | Epoch 1090 | lr=2.5000e-04 | Recon MSE=3.929744e-05 | ‖ω‖₁=1.095521e-01
  λ=1.200e+00 | Epoch 1100 | lr=2.5000e-04 | Recon MSE=4.037453e-05 | ‖ω‖₁=1.088440e-01
  λ=1.200e+00 | Epoch 1110 | lr=2.5000e-04 | Recon MSE=3.763523e-05 | ‖ω‖₁=1.080364e-01
  λ=1.200e+00 | Epoch 1120 | lr=2.5000e-04 | Recon MSE=4.147170e-05 | ‖ω‖₁=1.074448e-01
  λ=1.200e+00 | Epoch 1130 | lr=2.5000e-04 | Recon MSE=4.147915e-05 | ‖ω‖₁=1.068112e-01
  λ=1.200e+00 | Epoch 1140 | lr=2.5000e-04 | Recon MSE=4.275557e-05 | ‖ω‖₁=1.055524e-01
  λ=1.200e+00 | Epoch 1150 | lr=2.5000e-04 | Recon MSE=4.039189e-05 | ‖ω‖₁=1.045493e-01
  λ=1.200e+00 | Epoch 1160 | lr=2.5000e-04 | Recon MSE=3.956057e-05 | ‖ω‖₁=1.040423e-01
  λ=1.200e+00 | Epoch 1170 | lr=2.5000e-04 | Recon MSE=4.037415e-05 | ‖ω‖₁=1.031167e-01
  λ=1.200e+00 | Epoch 1180 | lr=2.5000e-04 | Recon MSE=3.999686e-05 | ‖ω‖₁=1.019854e-01
  λ=1.200e+00 | Epoch 1190 | lr=2.5000e-04 | Recon MSE=3.936035e-05 | ‖ω‖₁=1.010735e-01
  λ=1.200e+00 | Epoch 1200 | lr=1.2500e-04 | Recon MSE=3.800821e-05 | ‖ω‖₁=1.008442e-01
  λ=1.200e+00 | Epoch 1210 | lr=1.2500e-04 | Recon MSE=4.152409e-05 | ‖ω‖₁=1.000709e-01
  λ=1.200e+00 | Epoch 1220 | lr=1.2500e-04 | Recon MSE=3.856290e-05 | ‖ω‖₁=9.991340e-02
  λ=1.200e+00 | Epoch 1230 | lr=1.2500e-04 | Recon MSE=3.887106e-05 | ‖ω‖₁=9.933999e-02
  λ=1.200e+00 | Epoch 1240 | lr=1.2500e-04 | Recon MSE=3.783455e-05 | ‖ω‖₁=9.878466e-02
  λ=1.200e+00 | Epoch 1250 | lr=1.2500e-04 | Recon MSE=3.839098e-05 | ‖ω‖₁=9.854117e-02
  λ=1.200e+00 | Epoch 1260 | lr=1.2500e-04 | Recon MSE=3.699630e-05 | ‖ω‖₁=9.816121e-02
  λ=1.200e+00 | Epoch 1270 | lr=1.2500e-04 | Recon MSE=3.909491e-05 | ‖ω‖₁=9.724899e-02
  λ=1.200e+00 | Epoch 1280 | lr=1.2500e-04 | Recon MSE=3.567242e-05 | ‖ω‖₁=9.656262e-02
  λ=1.200e+00 | Epoch 1290 | lr=1.2500e-04 | Recon MSE=4.019650e-05 | ‖ω‖₁=9.635613e-02
  λ=1.200e+00 | Epoch 1300 | lr=1.2500e-04 | Recon MSE=3.922334e-05 | ‖ω‖₁=9.611390e-02
  λ=1.200e+00 | Epoch 1310 | lr=1.2500e-04 | Recon MSE=3.974126e-05 | ‖ω‖₁=9.564543e-02
  λ=1.200e+00 | Epoch 1320 | lr=1.2500e-04 | Recon MSE=3.963338e-05 | ‖ω‖₁=9.508989e-02
  λ=1.200e+00 | Epoch 1330 | lr=1.2500e-04 | Recon MSE=3.893026e-05 | ‖ω‖₁=9.513431e-02
  λ=1.200e+00 | Epoch 1340 | lr=1.2500e-04 | Recon MSE=3.645022e-05 | ‖ω‖₁=9.452564e-02
  λ=1.200e+00 | Epoch 1350 | lr=1.2500e-04 | Recon MSE=4.088285e-05 | ‖ω‖₁=9.413240e-02
  λ=1.200e+00 | Epoch 1360 | lr=1.2500e-04 | Recon MSE=3.960956e-05 | ‖ω‖₁=9.391620e-02
  λ=1.200e+00 | Epoch 1370 | lr=1.2500e-04 | Recon MSE=3.900611e-05 | ‖ω‖₁=9.334474e-02
  λ=1.200e+00 | Epoch 1380 | lr=1.2500e-04 | Recon MSE=3.747156e-05 | ‖ω‖₁=9.305289e-02
  λ=1.200e+00 | Epoch 1390 | lr=1.2500e-04 | Recon MSE=3.803021e-05 | ‖ω‖₁=9.283622e-02
  λ=1.200e+00 | Epoch 1400 | lr=1.2500e-04 | Recon MSE=4.271317e-05 | ‖ω‖₁=9.240804e-02
  λ=1.200e+00 | Epoch 1410 | lr=1.2500e-04 | Recon MSE=3.952811e-05 | ‖ω‖₁=9.220442e-02
  λ=1.200e+00 | Epoch 1420 | lr=1.2500e-04 | Recon MSE=3.778102e-05 | ‖ω‖₁=9.216376e-02
  λ=1.200e+00 | Epoch 1430 | lr=1.2500e-04 | Recon MSE=3.991637e-05 | ‖ω‖₁=9.170168e-02
  λ=1.200e+00 | Epoch 1440 | lr=1.2500e-04 | Recon MSE=3.676316e-05 | ‖ω‖₁=9.148160e-02
  λ=1.200e+00 | Epoch 1450 | lr=1.2500e-04 | Recon MSE=4.080708e-05 | ‖ω‖₁=9.132214e-02
  λ=1.200e+00 | Epoch 1460 | lr=1.2500e-04 | Recon MSE=4.313154e-05 | ‖ω‖₁=9.085023e-02
  λ=1.200e+00 | Epoch 1470 | lr=1.2500e-04 | Recon MSE=4.135178e-05 | ‖ω‖₁=8.997150e-02
  λ=1.200e+00 | Epoch 1480 | lr=1.2500e-04 | Recon MSE=3.943767e-05 | ‖ω‖₁=8.987070e-02
  λ=1.200e+00 | Epoch 1490 | lr=1.2500e-04 | Recon MSE=3.943652e-05 | ‖ω‖₁=8.936078e-02
  λ=1.200e+00 | Epoch 1500 | lr=1.2500e-04 | Recon MSE=3.835522e-05 | ‖ω‖₁=8.893056e-02
  λ=1.200e+00 | Epoch 1510 | lr=1.2500e-04 | Recon MSE=3.945697e-05 | ‖ω‖₁=8.850989e-02
  λ=1.200e+00 | Epoch 1520 | lr=1.2500e-04 | Recon MSE=3.843580e-05 | ‖ω‖₁=8.800427e-02
  λ=1.200e+00 | Epoch 1530 | lr=1.2500e-04 | Recon MSE=3.974847e-05 | ‖ω‖₁=8.776660e-02
  λ=1.200e+00 | Epoch 1540 | lr=1.2500e-04 | Recon MSE=3.955142e-05 | ‖ω‖₁=8.767915e-02
  λ=1.200e+00 | Epoch 1550 | lr=1.2500e-04 | Recon MSE=3.965238e-05 | ‖ω‖₁=8.747460e-02
  λ=1.200e+00 | Epoch 1560 | lr=1.2500e-04 | Recon MSE=3.593080e-05 | ‖ω‖₁=8.720317e-02
  λ=1.200e+00 | Epoch 1570 | lr=1.2500e-04 | Recon MSE=3.800847e-05 | ‖ω‖₁=8.692326e-02
  λ=1.200e+00 | Epoch 1580 | lr=1.2500e-04 | Recon MSE=3.818648e-05 | ‖ω‖₁=8.666912e-02
  λ=1.200e+00 | Epoch 1590 | lr=1.2500e-04 | Recon MSE=3.853577e-05 | ‖ω‖₁=8.626592e-02
  λ=1.200e+00 | Epoch 1600 | lr=6.2500e-05 | Recon MSE=3.931498e-05 | ‖ω‖₁=8.601313e-02
  λ=1.200e+00 | Epoch 1610 | lr=6.2500e-05 | Recon MSE=4.116050e-05 | ‖ω‖₁=8.588206e-02
  λ=1.200e+00 | Epoch 1620 | lr=6.2500e-05 | Recon MSE=3.800753e-05 | ‖ω‖₁=8.567414e-02
  λ=1.200e+00 | Epoch 1630 | lr=6.2500e-05 | Recon MSE=4.109686e-05 | ‖ω‖₁=8.557321e-02
  λ=1.200e+00 | Epoch 1640 | lr=6.2500e-05 | Recon MSE=3.737765e-05 | ‖ω‖₁=8.546380e-02
  λ=1.200e+00 | Epoch 1650 | lr=6.2500e-05 | Recon MSE=3.951046e-05 | ‖ω‖₁=8.541358e-02
  λ=1.200e+00 | Epoch 1660 | lr=6.2500e-05 | Recon MSE=3.426972e-05 | ‖ω‖₁=8.530259e-02
  λ=1.200e+00 | Epoch 1670 | lr=6.2500e-05 | Recon MSE=3.927689e-05 | ‖ω‖₁=8.522613e-02
  λ=1.200e+00 | Epoch 1680 | lr=6.2500e-05 | Recon MSE=3.957778e-05 | ‖ω‖₁=8.505601e-02
  λ=1.200e+00 | Epoch 1690 | lr=6.2500e-05 | Recon MSE=3.921784e-05 | ‖ω‖₁=8.495286e-02
  λ=1.200e+00 | Epoch 1700 | lr=6.2500e-05 | Recon MSE=3.863838e-05 | ‖ω‖₁=8.479946e-02
  λ=1.200e+00 | Epoch 1710 | lr=6.2500e-05 | Recon MSE=3.815871e-05 | ‖ω‖₁=8.488290e-02
  λ=1.200e+00 | Epoch 1720 | lr=6.2500e-05 | Recon MSE=3.545287e-05 | ‖ω‖₁=8.481004e-02
  λ=1.200e+00 | Epoch 1730 | lr=6.2500e-05 | Recon MSE=3.893711e-05 | ‖ω‖₁=8.481902e-02
  λ=1.200e+00 | Epoch 1740 | lr=6.2500e-05 | Recon MSE=4.110232e-05 | ‖ω‖₁=8.464228e-02
  λ=1.200e+00 | Epoch 1750 | lr=6.2500e-05 | Recon MSE=3.736543e-05 | ‖ω‖₁=8.458396e-02
  λ=1.200e+00 | Epoch 1760 | lr=6.2500e-05 | Recon MSE=4.099770e-05 | ‖ω‖₁=8.447734e-02
  λ=1.200e+00 | Epoch 1770 | lr=6.2500e-05 | Recon MSE=3.824464e-05 | ‖ω‖₁=8.423450e-02
  λ=1.200e+00 | Epoch 1780 | lr=6.2500e-05 | Recon MSE=3.847041e-05 | ‖ω‖₁=8.431575e-02
  λ=1.200e+00 | Epoch 1790 | lr=6.2500e-05 | Recon MSE=3.399373e-05 | ‖ω‖₁=8.406031e-02
  λ=1.200e+00 | Epoch 1800 | lr=6.2500e-05 | Recon MSE=3.880845e-05 | ‖ω‖₁=8.405072e-02
  λ=1.200e+00 | Epoch 1810 | lr=6.2500e-05 | Recon MSE=3.975374e-05 | ‖ω‖₁=8.404532e-02
  λ=1.200e+00 | Epoch 1820 | lr=6.2500e-05 | Recon MSE=3.858051e-05 | ‖ω‖₁=8.384110e-02
  λ=1.200e+00 | Epoch 1830 | lr=6.2500e-05 | Recon MSE=3.870936e-05 | ‖ω‖₁=8.386060e-02
  λ=1.200e+00 | Epoch 1840 | lr=6.2500e-05 | Recon MSE=3.965512e-05 | ‖ω‖₁=8.374715e-02
  λ=1.200e+00 | Epoch 1850 | lr=6.2500e-05 | Recon MSE=3.821459e-05 | ‖ω‖₁=8.365818e-02
  λ=1.200e+00 | Epoch 1860 | lr=6.2500e-05 | Recon MSE=4.353771e-05 | ‖ω‖₁=8.357962e-02
  λ=1.200e+00 | Epoch 1870 | lr=6.2500e-05 | Recon MSE=3.684309e-05 | ‖ω‖₁=8.347274e-02
  λ=1.200e+00 | Epoch 1880 | lr=6.2500e-05 | Recon MSE=3.958716e-05 | ‖ω‖₁=8.363562e-02
  λ=1.200e+00 | Epoch 1890 | lr=6.2500e-05 | Recon MSE=4.089521e-05 | ‖ω‖₁=8.349954e-02
  λ=1.200e+00 | Epoch 1900 | lr=6.2500e-05 | Recon MSE=3.641870e-05 | ‖ω‖₁=8.340365e-02
  λ=1.200e+00 | Epoch 1910 | lr=6.2500e-05 | Recon MSE=3.862700e-05 | ‖ω‖₁=8.322769e-02
  λ=1.200e+00 | Epoch 1920 | lr=6.2500e-05 | Recon MSE=3.898835e-05 | ‖ω‖₁=8.308753e-02
  λ=1.200e+00 | Epoch 1930 | lr=6.2500e-05 | Recon MSE=4.128359e-05 | ‖ω‖₁=8.282238e-02
  λ=1.200e+00 | Epoch 1940 | lr=6.2500e-05 | Recon MSE=3.943319e-05 | ‖ω‖₁=8.285622e-02
  λ=1.200e+00 | Epoch 1950 | lr=6.2500e-05 | Recon MSE=3.397786e-05 | ‖ω‖₁=8.254927e-02
  λ=1.200e+00 | Epoch 1960 | lr=6.2500e-05 | Recon MSE=3.863837e-05 | ‖ω‖₁=8.254318e-02
  λ=1.200e+00 | Epoch 1970 | lr=6.2500e-05 | Recon MSE=3.856096e-05 | ‖ω‖₁=8.282406e-02
  λ=1.200e+00 | Epoch 1980 | lr=6.2500e-05 | Recon MSE=4.043915e-05 | ‖ω‖₁=8.276738e-02
  λ=1.200e+00 | Epoch 1990 | lr=6.2500e-05 | Recon MSE=4.071695e-05 | ‖ω‖₁=8.273366e-02
  λ=1.200e+00 | Epoch 2000 | lr=3.1250e-05 | Recon MSE=3.635054e-05 | ‖ω‖₁=8.266060e-02
  → at λ=1.200e+00: r(λ)=11, rel_err=2.842061e-03
  → selected modes: [0, 1, 2, 3, 4, 5, 6, 8, 12, 14, 15]

-- Path iteration 3, λ = 1.440e+00 (r(λ) prev = 11)
  λ=1.440e+00 | Epoch   1 | lr=1.0000e-03 | Recon MSE=5.892937e-03 | ‖ω‖₁=2.926460e+01
  λ=1.440e+00 | Epoch  10 | lr=1.0000e-03 | Recon MSE=1.067162e-04 | ‖ω‖₁=1.701455e+01
  λ=1.440e+00 | Epoch  20 | lr=1.0000e-03 | Recon MSE=1.367682e-04 | ‖ω‖₁=3.947444e+00
  λ=1.440e+00 | Epoch  30 | lr=1.0000e-03 | Recon MSE=1.455212e-04 | ‖ω‖₁=9.578928e-01
  λ=1.440e+00 | Epoch  40 | lr=1.0000e-03 | Recon MSE=1.184140e-04 | ‖ω‖₁=7.607674e-01
  λ=1.440e+00 | Epoch  50 | lr=1.0000e-03 | Recon MSE=1.101047e-04 | ‖ω‖₁=6.379343e-01
  λ=1.440e+00 | Epoch  60 | lr=1.0000e-03 | Recon MSE=1.007707e-04 | ‖ω‖₁=5.609667e-01
  λ=1.440e+00 | Epoch  70 | lr=1.0000e-03 | Recon MSE=9.166975e-05 | ‖ω‖₁=5.013451e-01
  λ=1.440e+00 | Epoch  80 | lr=1.0000e-03 | Recon MSE=9.276776e-05 | ‖ω‖₁=4.588097e-01
  λ=1.440e+00 | Epoch  90 | lr=1.0000e-03 | Recon MSE=7.854431e-05 | ‖ω‖₁=4.250827e-01
  λ=1.440e+00 | Epoch 100 | lr=1.0000e-03 | Recon MSE=8.577715e-05 | ‖ω‖₁=4.053138e-01
  λ=1.440e+00 | Epoch 110 | lr=1.0000e-03 | Recon MSE=7.052721e-05 | ‖ω‖₁=3.940038e-01
  λ=1.440e+00 | Epoch 120 | lr=1.0000e-03 | Recon MSE=6.871051e-05 | ‖ω‖₁=3.871603e-01
  λ=1.440e+00 | Epoch 130 | lr=1.0000e-03 | Recon MSE=6.473355e-05 | ‖ω‖₁=3.786606e-01
  λ=1.440e+00 | Epoch 140 | lr=1.0000e-03 | Recon MSE=6.158023e-05 | ‖ω‖₁=3.757339e-01
  λ=1.440e+00 | Epoch 150 | lr=1.0000e-03 | Recon MSE=6.714450e-05 | ‖ω‖₁=3.694256e-01
  λ=1.440e+00 | Epoch 160 | lr=1.0000e-03 | Recon MSE=5.336615e-05 | ‖ω‖₁=3.651854e-01
  λ=1.440e+00 | Epoch 170 | lr=1.0000e-03 | Recon MSE=5.401464e-05 | ‖ω‖₁=3.636900e-01
  λ=1.440e+00 | Epoch 180 | lr=1.0000e-03 | Recon MSE=5.540223e-05 | ‖ω‖₁=3.579258e-01
  λ=1.440e+00 | Epoch 190 | lr=1.0000e-03 | Recon MSE=5.282489e-05 | ‖ω‖₁=3.514974e-01
  λ=1.440e+00 | Epoch 200 | lr=1.0000e-03 | Recon MSE=5.249628e-05 | ‖ω‖₁=3.420018e-01
  λ=1.440e+00 | Epoch 210 | lr=1.0000e-03 | Recon MSE=4.716739e-05 | ‖ω‖₁=3.385751e-01
  λ=1.440e+00 | Epoch 220 | lr=1.0000e-03 | Recon MSE=4.643247e-05 | ‖ω‖₁=3.325473e-01
  λ=1.440e+00 | Epoch 230 | lr=1.0000e-03 | Recon MSE=4.529107e-05 | ‖ω‖₁=3.252677e-01
  λ=1.440e+00 | Epoch 240 | lr=1.0000e-03 | Recon MSE=4.507379e-05 | ‖ω‖₁=3.164054e-01
  λ=1.440e+00 | Epoch 250 | lr=1.0000e-03 | Recon MSE=6.017945e-05 | ‖ω‖₁=3.058615e-01
  λ=1.440e+00 | Epoch 260 | lr=1.0000e-03 | Recon MSE=4.097518e-05 | ‖ω‖₁=2.950216e-01
  λ=1.440e+00 | Epoch 270 | lr=1.0000e-03 | Recon MSE=4.569573e-05 | ‖ω‖₁=2.888276e-01
  λ=1.440e+00 | Epoch 280 | lr=1.0000e-03 | Recon MSE=4.374253e-05 | ‖ω‖₁=2.815423e-01
  λ=1.440e+00 | Epoch 290 | lr=1.0000e-03 | Recon MSE=4.417773e-05 | ‖ω‖₁=2.742486e-01
  λ=1.440e+00 | Epoch 300 | lr=1.0000e-03 | Recon MSE=4.730882e-05 | ‖ω‖₁=2.640420e-01
  λ=1.440e+00 | Epoch 310 | lr=1.0000e-03 | Recon MSE=4.413459e-05 | ‖ω‖₁=2.550256e-01
  λ=1.440e+00 | Epoch 320 | lr=1.0000e-03 | Recon MSE=4.430003e-05 | ‖ω‖₁=2.491456e-01
  λ=1.440e+00 | Epoch 330 | lr=1.0000e-03 | Recon MSE=4.448655e-05 | ‖ω‖₁=2.431303e-01
  λ=1.440e+00 | Epoch 340 | lr=1.0000e-03 | Recon MSE=4.368716e-05 | ‖ω‖₁=2.344849e-01
  λ=1.440e+00 | Epoch 350 | lr=1.0000e-03 | Recon MSE=4.878519e-05 | ‖ω‖₁=2.271044e-01
  λ=1.440e+00 | Epoch 360 | lr=1.0000e-03 | Recon MSE=4.022183e-05 | ‖ω‖₁=2.217051e-01
  λ=1.440e+00 | Epoch 370 | lr=1.0000e-03 | Recon MSE=4.706939e-05 | ‖ω‖₁=2.145112e-01
  λ=1.440e+00 | Epoch 380 | lr=1.0000e-03 | Recon MSE=5.088621e-05 | ‖ω‖₁=2.068290e-01
  λ=1.440e+00 | Epoch 390 | lr=1.0000e-03 | Recon MSE=4.276354e-05 | ‖ω‖₁=2.006044e-01
  λ=1.440e+00 | Epoch 400 | lr=5.0000e-04 | Recon MSE=4.379851e-05 | ‖ω‖₁=1.943147e-01
  λ=1.440e+00 | Epoch 410 | lr=5.0000e-04 | Recon MSE=3.979583e-05 | ‖ω‖₁=1.908595e-01
  λ=1.440e+00 | Epoch 420 | lr=5.0000e-04 | Recon MSE=4.133125e-05 | ‖ω‖₁=1.871611e-01
  λ=1.440e+00 | Epoch 430 | lr=5.0000e-04 | Recon MSE=3.594733e-05 | ‖ω‖₁=1.845461e-01
  λ=1.440e+00 | Epoch 440 | lr=5.0000e-04 | Recon MSE=4.447759e-05 | ‖ω‖₁=1.818857e-01
  λ=1.440e+00 | Epoch 450 | lr=5.0000e-04 | Recon MSE=4.129694e-05 | ‖ω‖₁=1.785587e-01
  λ=1.440e+00 | Epoch 460 | lr=5.0000e-04 | Recon MSE=3.828272e-05 | ‖ω‖₁=1.764125e-01
  λ=1.440e+00 | Epoch 470 | lr=5.0000e-04 | Recon MSE=4.005661e-05 | ‖ω‖₁=1.727602e-01
  λ=1.440e+00 | Epoch 480 | lr=5.0000e-04 | Recon MSE=3.667862e-05 | ‖ω‖₁=1.698781e-01
  λ=1.440e+00 | Epoch 490 | lr=5.0000e-04 | Recon MSE=3.931388e-05 | ‖ω‖₁=1.669869e-01
  λ=1.440e+00 | Epoch 500 | lr=5.0000e-04 | Recon MSE=4.006697e-05 | ‖ω‖₁=1.649255e-01
  λ=1.440e+00 | Epoch 510 | lr=5.0000e-04 | Recon MSE=3.961953e-05 | ‖ω‖₁=1.607963e-01
  λ=1.440e+00 | Epoch 520 | lr=5.0000e-04 | Recon MSE=4.078607e-05 | ‖ω‖₁=1.593903e-01
  λ=1.440e+00 | Epoch 530 | lr=5.0000e-04 | Recon MSE=3.903402e-05 | ‖ω‖₁=1.554187e-01
  λ=1.440e+00 | Epoch 540 | lr=5.0000e-04 | Recon MSE=4.228488e-05 | ‖ω‖₁=1.524559e-01
  λ=1.440e+00 | Epoch 550 | lr=5.0000e-04 | Recon MSE=3.989962e-05 | ‖ω‖₁=1.501014e-01
  λ=1.440e+00 | Epoch 560 | lr=5.0000e-04 | Recon MSE=4.089815e-05 | ‖ω‖₁=1.479884e-01
  λ=1.440e+00 | Epoch 570 | lr=5.0000e-04 | Recon MSE=3.835343e-05 | ‖ω‖₁=1.449797e-01
  λ=1.440e+00 | Epoch 580 | lr=5.0000e-04 | Recon MSE=3.933959e-05 | ‖ω‖₁=1.423474e-01
  λ=1.440e+00 | Epoch 590 | lr=5.0000e-04 | Recon MSE=3.928432e-05 | ‖ω‖₁=1.390486e-01
  λ=1.440e+00 | Epoch 600 | lr=5.0000e-04 | Recon MSE=4.092366e-05 | ‖ω‖₁=1.361117e-01
  λ=1.440e+00 | Epoch 610 | lr=5.0000e-04 | Recon MSE=3.980818e-05 | ‖ω‖₁=1.340582e-01
  λ=1.440e+00 | Epoch 620 | lr=5.0000e-04 | Recon MSE=3.810715e-05 | ‖ω‖₁=1.315384e-01
  λ=1.440e+00 | Epoch 630 | lr=5.0000e-04 | Recon MSE=4.115999e-05 | ‖ω‖₁=1.291882e-01
  λ=1.440e+00 | Epoch 640 | lr=5.0000e-04 | Recon MSE=4.045677e-05 | ‖ω‖₁=1.271118e-01
  λ=1.440e+00 | Epoch 650 | lr=5.0000e-04 | Recon MSE=3.971229e-05 | ‖ω‖₁=1.235572e-01
  λ=1.440e+00 | Epoch 660 | lr=5.0000e-04 | Recon MSE=3.807409e-05 | ‖ω‖₁=1.219007e-01
  λ=1.440e+00 | Epoch 670 | lr=5.0000e-04 | Recon MSE=3.729322e-05 | ‖ω‖₁=1.195089e-01
  λ=1.440e+00 | Epoch 680 | lr=5.0000e-04 | Recon MSE=3.709817e-05 | ‖ω‖₁=1.176166e-01
  λ=1.440e+00 | Epoch 690 | lr=5.0000e-04 | Recon MSE=4.907673e-05 | ‖ω‖₁=1.148381e-01
  λ=1.440e+00 | Epoch 700 | lr=5.0000e-04 | Recon MSE=3.899000e-05 | ‖ω‖₁=1.120530e-01
  λ=1.440e+00 | Epoch 710 | lr=5.0000e-04 | Recon MSE=4.057311e-05 | ‖ω‖₁=1.106252e-01
  λ=1.440e+00 | Epoch 720 | lr=5.0000e-04 | Recon MSE=4.014956e-05 | ‖ω‖₁=1.083329e-01
  λ=1.440e+00 | Epoch 730 | lr=5.0000e-04 | Recon MSE=4.162635e-05 | ‖ω‖₁=1.069532e-01
  λ=1.440e+00 | Epoch 740 | lr=5.0000e-04 | Recon MSE=4.167570e-05 | ‖ω‖₁=1.039502e-01
  λ=1.440e+00 | Epoch 750 | lr=5.0000e-04 | Recon MSE=4.090257e-05 | ‖ω‖₁=1.027546e-01
  λ=1.440e+00 | Epoch 760 | lr=5.0000e-04 | Recon MSE=4.057434e-05 | ‖ω‖₁=1.008524e-01
  λ=1.440e+00 | Epoch 770 | lr=5.0000e-04 | Recon MSE=4.055145e-05 | ‖ω‖₁=9.886557e-02
  λ=1.440e+00 | Epoch 780 | lr=5.0000e-04 | Recon MSE=4.042173e-05 | ‖ω‖₁=9.752787e-02
  λ=1.440e+00 | Epoch 790 | lr=5.0000e-04 | Recon MSE=3.927978e-05 | ‖ω‖₁=9.448256e-02
  λ=1.440e+00 | Epoch 800 | lr=2.5000e-04 | Recon MSE=4.149196e-05 | ‖ω‖₁=9.271137e-02
  λ=1.440e+00 | Epoch 810 | lr=2.5000e-04 | Recon MSE=3.953915e-05 | ‖ω‖₁=9.176253e-02
  λ=1.440e+00 | Epoch 820 | lr=2.5000e-04 | Recon MSE=4.180080e-05 | ‖ω‖₁=9.117421e-02
  λ=1.440e+00 | Epoch 830 | lr=2.5000e-04 | Recon MSE=4.075369e-05 | ‖ω‖₁=9.036991e-02
  λ=1.440e+00 | Epoch 840 | lr=2.5000e-04 | Recon MSE=3.971646e-05 | ‖ω‖₁=8.995045e-02
  λ=1.440e+00 | Epoch 850 | lr=2.5000e-04 | Recon MSE=4.030886e-05 | ‖ω‖₁=8.898433e-02
  λ=1.440e+00 | Epoch 860 | lr=2.5000e-04 | Recon MSE=4.104683e-05 | ‖ω‖₁=8.842647e-02
  λ=1.440e+00 | Epoch 870 | lr=2.5000e-04 | Recon MSE=3.757936e-05 | ‖ω‖₁=8.781672e-02
  λ=1.440e+00 | Epoch 880 | lr=2.5000e-04 | Recon MSE=3.896683e-05 | ‖ω‖₁=8.747522e-02
  λ=1.440e+00 | Epoch 890 | lr=2.5000e-04 | Recon MSE=4.010647e-05 | ‖ω‖₁=8.707115e-02
  λ=1.440e+00 | Epoch 900 | lr=2.5000e-04 | Recon MSE=4.114305e-05 | ‖ω‖₁=8.605299e-02
  λ=1.440e+00 | Epoch 910 | lr=2.5000e-04 | Recon MSE=4.305369e-05 | ‖ω‖₁=8.508860e-02
  λ=1.440e+00 | Epoch 920 | lr=2.5000e-04 | Recon MSE=3.638353e-05 | ‖ω‖₁=8.403464e-02
  λ=1.440e+00 | Epoch 930 | lr=2.5000e-04 | Recon MSE=3.975248e-05 | ‖ω‖₁=8.385626e-02
  λ=1.440e+00 | Epoch 940 | lr=2.5000e-04 | Recon MSE=3.956685e-05 | ‖ω‖₁=8.295140e-02
  λ=1.440e+00 | Epoch 950 | lr=2.5000e-04 | Recon MSE=4.090005e-05 | ‖ω‖₁=8.300428e-02
  λ=1.440e+00 | Epoch 960 | lr=2.5000e-04 | Recon MSE=3.939131e-05 | ‖ω‖₁=8.260570e-02
  λ=1.440e+00 | Epoch 970 | lr=2.5000e-04 | Recon MSE=3.585134e-05 | ‖ω‖₁=8.205106e-02
  λ=1.440e+00 | Epoch 980 | lr=2.5000e-04 | Recon MSE=3.952908e-05 | ‖ω‖₁=8.172008e-02
  λ=1.440e+00 | Epoch 990 | lr=2.5000e-04 | Recon MSE=4.343734e-05 | ‖ω‖₁=8.107684e-02
  λ=1.440e+00 | Epoch 1000 | lr=2.5000e-04 | Recon MSE=3.718042e-05 | ‖ω‖₁=8.070185e-02
  λ=1.440e+00 | Epoch 1010 | lr=2.5000e-04 | Recon MSE=4.035505e-05 | ‖ω‖₁=8.060331e-02
  λ=1.440e+00 | Epoch 1020 | lr=2.5000e-04 | Recon MSE=3.795449e-05 | ‖ω‖₁=7.970457e-02
  λ=1.440e+00 | Epoch 1030 | lr=2.5000e-04 | Recon MSE=4.338776e-05 | ‖ω‖₁=7.930813e-02
  λ=1.440e+00 | Epoch 1040 | lr=2.5000e-04 | Recon MSE=3.808786e-05 | ‖ω‖₁=7.912107e-02
  λ=1.440e+00 | Epoch 1050 | lr=2.5000e-04 | Recon MSE=4.191709e-05 | ‖ω‖₁=7.834875e-02
  λ=1.440e+00 | Epoch 1060 | lr=2.5000e-04 | Recon MSE=4.067622e-05 | ‖ω‖₁=7.767937e-02
  λ=1.440e+00 | Epoch 1070 | lr=2.5000e-04 | Recon MSE=3.983965e-05 | ‖ω‖₁=7.804298e-02
  λ=1.440e+00 | Epoch 1080 | lr=2.5000e-04 | Recon MSE=3.952162e-05 | ‖ω‖₁=7.802951e-02
  λ=1.440e+00 | Epoch 1090 | lr=2.5000e-04 | Recon MSE=3.729734e-05 | ‖ω‖₁=7.733467e-02
  λ=1.440e+00 | Epoch 1100 | lr=2.5000e-04 | Recon MSE=4.124376e-05 | ‖ω‖₁=7.656135e-02
  λ=1.440e+00 | Epoch 1110 | lr=2.5000e-04 | Recon MSE=4.009345e-05 | ‖ω‖₁=7.622840e-02
  λ=1.440e+00 | Epoch 1120 | lr=2.5000e-04 | Recon MSE=3.807955e-05 | ‖ω‖₁=7.582359e-02
  λ=1.440e+00 | Epoch 1130 | lr=2.5000e-04 | Recon MSE=4.005387e-05 | ‖ω‖₁=7.551291e-02
  λ=1.440e+00 | Epoch 1140 | lr=2.5000e-04 | Recon MSE=3.735465e-05 | ‖ω‖₁=7.533014e-02
  λ=1.440e+00 | Epoch 1150 | lr=2.5000e-04 | Recon MSE=4.052529e-05 | ‖ω‖₁=7.573286e-02
  λ=1.440e+00 | Epoch 1160 | lr=2.5000e-04 | Recon MSE=3.959600e-05 | ‖ω‖₁=7.541824e-02
  λ=1.440e+00 | Epoch 1170 | lr=2.5000e-04 | Recon MSE=4.165348e-05 | ‖ω‖₁=7.491890e-02
  λ=1.440e+00 | Epoch 1180 | lr=2.5000e-04 | Recon MSE=3.817895e-05 | ‖ω‖₁=7.409528e-02
  λ=1.440e+00 | Epoch 1190 | lr=2.5000e-04 | Recon MSE=3.764870e-05 | ‖ω‖₁=7.357002e-02
  λ=1.440e+00 | Epoch 1200 | lr=1.2500e-04 | Recon MSE=3.659695e-05 | ‖ω‖₁=7.407873e-02
  λ=1.440e+00 | Epoch 1210 | lr=1.2500e-04 | Recon MSE=3.629557e-05 | ‖ω‖₁=7.444845e-02
  λ=1.440e+00 | Epoch 1220 | lr=1.2500e-04 | Recon MSE=3.949971e-05 | ‖ω‖₁=7.392082e-02
  λ=1.440e+00 | Epoch 1230 | lr=1.2500e-04 | Recon MSE=3.859219e-05 | ‖ω‖₁=7.337039e-02
  λ=1.440e+00 | Epoch 1240 | lr=1.2500e-04 | Recon MSE=4.093489e-05 | ‖ω‖₁=7.283118e-02
  λ=1.440e+00 | Epoch 1250 | lr=1.2500e-04 | Recon MSE=3.634703e-05 | ‖ω‖₁=7.250826e-02
  λ=1.440e+00 | Epoch 1260 | lr=1.2500e-04 | Recon MSE=3.715367e-05 | ‖ω‖₁=7.256093e-02
  λ=1.440e+00 | Epoch 1270 | lr=1.2500e-04 | Recon MSE=3.714304e-05 | ‖ω‖₁=7.238163e-02
  λ=1.440e+00 | Epoch 1280 | lr=1.2500e-04 | Recon MSE=4.132200e-05 | ‖ω‖₁=7.236195e-02
  λ=1.440e+00 | Epoch 1290 | lr=1.2500e-04 | Recon MSE=3.680806e-05 | ‖ω‖₁=7.225586e-02
  λ=1.440e+00 | Epoch 1300 | lr=1.2500e-04 | Recon MSE=3.806810e-05 | ‖ω‖₁=7.231066e-02
  λ=1.440e+00 | Epoch 1310 | lr=1.2500e-04 | Recon MSE=3.763937e-05 | ‖ω‖₁=7.178577e-02
  λ=1.440e+00 | Epoch 1320 | lr=1.2500e-04 | Recon MSE=4.114989e-05 | ‖ω‖₁=7.164617e-02
  λ=1.440e+00 | Epoch 1330 | lr=1.2500e-04 | Recon MSE=3.809104e-05 | ‖ω‖₁=7.139078e-02
  λ=1.440e+00 | Epoch 1340 | lr=1.2500e-04 | Recon MSE=3.786065e-05 | ‖ω‖₁=7.105218e-02
  λ=1.440e+00 | Epoch 1350 | lr=1.2500e-04 | Recon MSE=3.976167e-05 | ‖ω‖₁=7.089772e-02
  λ=1.440e+00 | Epoch 1360 | lr=1.2500e-04 | Recon MSE=3.926186e-05 | ‖ω‖₁=7.101388e-02
  λ=1.440e+00 | Epoch 1370 | lr=1.2500e-04 | Recon MSE=4.175505e-05 | ‖ω‖₁=7.038150e-02
  λ=1.440e+00 | Epoch 1380 | lr=1.2500e-04 | Recon MSE=4.003349e-05 | ‖ω‖₁=7.026566e-02
  λ=1.440e+00 | Epoch 1390 | lr=1.2500e-04 | Recon MSE=3.945741e-05 | ‖ω‖₁=7.019923e-02
  λ=1.440e+00 | Epoch 1400 | lr=1.2500e-04 | Recon MSE=3.939165e-05 | ‖ω‖₁=6.994862e-02
  λ=1.440e+00 | Epoch 1410 | lr=1.2500e-04 | Recon MSE=3.892363e-05 | ‖ω‖₁=7.016981e-02
  λ=1.440e+00 | Epoch 1420 | lr=1.2500e-04 | Recon MSE=3.767278e-05 | ‖ω‖₁=7.012603e-02
  λ=1.440e+00 | Epoch 1430 | lr=1.2500e-04 | Recon MSE=3.873940e-05 | ‖ω‖₁=6.992780e-02
  λ=1.440e+00 | Epoch 1440 | lr=1.2500e-04 | Recon MSE=3.855993e-05 | ‖ω‖₁=7.014350e-02
  λ=1.440e+00 | Epoch 1450 | lr=1.2500e-04 | Recon MSE=4.105368e-05 | ‖ω‖₁=7.025783e-02
  λ=1.440e+00 | Epoch 1460 | lr=1.2500e-04 | Recon MSE=3.897064e-05 | ‖ω‖₁=7.059647e-02
  λ=1.440e+00 | Epoch 1470 | lr=1.2500e-04 | Recon MSE=3.810791e-05 | ‖ω‖₁=7.120818e-02
  λ=1.440e+00 | Epoch 1480 | lr=1.2500e-04 | Recon MSE=3.636736e-05 | ‖ω‖₁=7.116596e-02
  λ=1.440e+00 | Epoch 1490 | lr=1.2500e-04 | Recon MSE=4.006034e-05 | ‖ω‖₁=7.058741e-02
  λ=1.440e+00 | Epoch 1500 | lr=1.2500e-04 | Recon MSE=3.936714e-05 | ‖ω‖₁=7.010046e-02
  λ=1.440e+00 | Epoch 1510 | lr=1.2500e-04 | Recon MSE=4.097817e-05 | ‖ω‖₁=6.966632e-02
  λ=1.440e+00 | Epoch 1520 | lr=1.2500e-04 | Recon MSE=3.616827e-05 | ‖ω‖₁=6.928277e-02
  λ=1.440e+00 | Epoch 1530 | lr=1.2500e-04 | Recon MSE=4.162898e-05 | ‖ω‖₁=6.926400e-02
  λ=1.440e+00 | Epoch 1540 | lr=1.2500e-04 | Recon MSE=3.911510e-05 | ‖ω‖₁=6.904936e-02
  λ=1.440e+00 | Epoch 1550 | lr=1.2500e-04 | Recon MSE=4.029172e-05 | ‖ω‖₁=6.880346e-02
  λ=1.440e+00 | Epoch 1560 | lr=1.2500e-04 | Recon MSE=3.935842e-05 | ‖ω‖₁=6.874554e-02
  λ=1.440e+00 | Epoch 1570 | lr=1.2500e-04 | Recon MSE=3.885514e-05 | ‖ω‖₁=6.872518e-02
  λ=1.440e+00 | Epoch 1580 | lr=1.2500e-04 | Recon MSE=3.822189e-05 | ‖ω‖₁=6.832018e-02
  λ=1.440e+00 | Epoch 1590 | lr=1.2500e-04 | Recon MSE=3.585453e-05 | ‖ω‖₁=6.821310e-02
  λ=1.440e+00 | Epoch 1600 | lr=6.2500e-05 | Recon MSE=4.140569e-05 | ‖ω‖₁=6.774914e-02
  λ=1.440e+00 | Epoch 1610 | lr=6.2500e-05 | Recon MSE=3.781891e-05 | ‖ω‖₁=6.741104e-02
  λ=1.440e+00 | Epoch 1620 | lr=6.2500e-05 | Recon MSE=3.861421e-05 | ‖ω‖₁=6.743241e-02
  λ=1.440e+00 | Epoch 1630 | lr=6.2500e-05 | Recon MSE=3.621543e-05 | ‖ω‖₁=6.728754e-02
  λ=1.440e+00 | Epoch 1640 | lr=6.2500e-05 | Recon MSE=3.691573e-05 | ‖ω‖₁=6.724560e-02
  λ=1.440e+00 | Epoch 1650 | lr=6.2500e-05 | Recon MSE=3.898528e-05 | ‖ω‖₁=6.723159e-02
  λ=1.440e+00 | Epoch 1660 | lr=6.2500e-05 | Recon MSE=3.626995e-05 | ‖ω‖₁=6.724394e-02
  λ=1.440e+00 | Epoch 1670 | lr=6.2500e-05 | Recon MSE=3.834443e-05 | ‖ω‖₁=6.712684e-02
  λ=1.440e+00 | Epoch 1680 | lr=6.2500e-05 | Recon MSE=3.797646e-05 | ‖ω‖₁=6.715158e-02
  λ=1.440e+00 | Epoch 1690 | lr=6.2500e-05 | Recon MSE=3.824644e-05 | ‖ω‖₁=6.719143e-02
  λ=1.440e+00 | Epoch 1700 | lr=6.2500e-05 | Recon MSE=4.139716e-05 | ‖ω‖₁=6.711429e-02
  λ=1.440e+00 | Epoch 1710 | lr=6.2500e-05 | Recon MSE=3.966418e-05 | ‖ω‖₁=6.713748e-02
  λ=1.440e+00 | Epoch 1720 | lr=6.2500e-05 | Recon MSE=3.575855e-05 | ‖ω‖₁=6.697551e-02
  λ=1.440e+00 | Epoch 1730 | lr=6.2500e-05 | Recon MSE=3.973852e-05 | ‖ω‖₁=6.691310e-02
  λ=1.440e+00 | Epoch 1740 | lr=6.2500e-05 | Recon MSE=3.774402e-05 | ‖ω‖₁=6.693264e-02
  λ=1.440e+00 | Epoch 1750 | lr=6.2500e-05 | Recon MSE=3.628673e-05 | ‖ω‖₁=6.685986e-02
  λ=1.440e+00 | Epoch 1760 | lr=6.2500e-05 | Recon MSE=3.983027e-05 | ‖ω‖₁=6.687880e-02
  λ=1.440e+00 | Epoch 1770 | lr=6.2500e-05 | Recon MSE=3.740622e-05 | ‖ω‖₁=6.677275e-02
  λ=1.440e+00 | Epoch 1780 | lr=6.2500e-05 | Recon MSE=3.807476e-05 | ‖ω‖₁=6.654338e-02
  λ=1.440e+00 | Epoch 1790 | lr=6.2500e-05 | Recon MSE=3.499168e-05 | ‖ω‖₁=6.654198e-02
  λ=1.440e+00 | Epoch 1800 | lr=6.2500e-05 | Recon MSE=3.960975e-05 | ‖ω‖₁=6.668029e-02
  λ=1.440e+00 | Epoch 1810 | lr=6.2500e-05 | Recon MSE=4.032729e-05 | ‖ω‖₁=6.660679e-02
  λ=1.440e+00 | Epoch 1820 | lr=6.2500e-05 | Recon MSE=3.757873e-05 | ‖ω‖₁=6.645380e-02
  λ=1.440e+00 | Epoch 1830 | lr=6.2500e-05 | Recon MSE=3.739437e-05 | ‖ω‖₁=6.627757e-02
  λ=1.440e+00 | Epoch 1840 | lr=6.2500e-05 | Recon MSE=4.107154e-05 | ‖ω‖₁=6.629024e-02
  λ=1.440e+00 | Epoch 1850 | lr=6.2500e-05 | Recon MSE=4.078194e-05 | ‖ω‖₁=6.614614e-02
  λ=1.440e+00 | Epoch 1860 | lr=6.2500e-05 | Recon MSE=3.652181e-05 | ‖ω‖₁=6.617990e-02
  λ=1.440e+00 | Epoch 1870 | lr=6.2500e-05 | Recon MSE=4.103342e-05 | ‖ω‖₁=6.620492e-02
  λ=1.440e+00 | Epoch 1880 | lr=6.2500e-05 | Recon MSE=4.004521e-05 | ‖ω‖₁=6.601307e-02
  λ=1.440e+00 | Epoch 1890 | lr=6.2500e-05 | Recon MSE=3.790713e-05 | ‖ω‖₁=6.611310e-02
  λ=1.440e+00 | Epoch 1900 | lr=6.2500e-05 | Recon MSE=4.254777e-05 | ‖ω‖₁=6.601950e-02
  λ=1.440e+00 | Epoch 1910 | lr=6.2500e-05 | Recon MSE=3.769306e-05 | ‖ω‖₁=6.581616e-02
  λ=1.440e+00 | Epoch 1920 | lr=6.2500e-05 | Recon MSE=3.972995e-05 | ‖ω‖₁=6.590659e-02
  λ=1.440e+00 | Epoch 1930 | lr=6.2500e-05 | Recon MSE=4.125839e-05 | ‖ω‖₁=6.597610e-02
  λ=1.440e+00 | Epoch 1940 | lr=6.2500e-05 | Recon MSE=3.875500e-05 | ‖ω‖₁=6.571178e-02
  λ=1.440e+00 | Epoch 1950 | lr=6.2500e-05 | Recon MSE=3.817658e-05 | ‖ω‖₁=6.559317e-02
  λ=1.440e+00 | Epoch 1960 | lr=6.2500e-05 | Recon MSE=3.879931e-05 | ‖ω‖₁=6.555808e-02
  λ=1.440e+00 | Epoch 1970 | lr=6.2500e-05 | Recon MSE=3.907168e-05 | ‖ω‖₁=6.552092e-02
  λ=1.440e+00 | Epoch 1980 | lr=6.2500e-05 | Recon MSE=3.863213e-05 | ‖ω‖₁=6.556426e-02
  λ=1.440e+00 | Epoch 1990 | lr=6.2500e-05 | Recon MSE=4.063339e-05 | ‖ω‖₁=6.536490e-02
  λ=1.440e+00 | Epoch 2000 | lr=3.1250e-05 | Recon MSE=3.886515e-05 | ‖ω‖₁=6.534065e-02
  → at λ=1.440e+00: r(λ)=6, rel_err=1.360552e-03
  → selected modes: [0, 1, 2, 3, 4, 19]

-- Path iteration 4, λ = 1.728e+00 (r(λ) prev = 6)
  λ=1.728e+00 | Epoch   1 | lr=1.0000e-03 | Recon MSE=6.280138e-03 | ‖ω‖₁=2.912348e+01
  λ=1.728e+00 | Epoch  10 | lr=1.0000e-03 | Recon MSE=1.353784e-04 | ‖ω‖₁=1.442469e+01
  λ=1.728e+00 | Epoch  20 | lr=1.0000e-03 | Recon MSE=1.568482e-04 | ‖ω‖₁=1.229933e+00
  λ=1.728e+00 | Epoch  30 | lr=1.0000e-03 | Recon MSE=1.539936e-04 | ‖ω‖₁=6.719936e-01
  λ=1.728e+00 | Epoch  40 | lr=1.0000e-03 | Recon MSE=1.379808e-04 | ‖ω‖₁=4.994547e-01
  λ=1.728e+00 | Epoch  50 | lr=1.0000e-03 | Recon MSE=1.259065e-04 | ‖ω‖₁=4.727380e-01
  λ=1.728e+00 | Epoch  60 | lr=1.0000e-03 | Recon MSE=1.045167e-04 | ‖ω‖₁=4.532104e-01
  λ=1.728e+00 | Epoch  70 | lr=1.0000e-03 | Recon MSE=1.044620e-04 | ‖ω‖₁=4.405673e-01
  λ=1.728e+00 | Epoch  80 | lr=1.0000e-03 | Recon MSE=1.066489e-04 | ‖ω‖₁=4.297858e-01
  λ=1.728e+00 | Epoch  90 | lr=1.0000e-03 | Recon MSE=8.462207e-05 | ‖ω‖₁=4.204885e-01
  λ=1.728e+00 | Epoch 100 | lr=1.0000e-03 | Recon MSE=7.266787e-05 | ‖ω‖₁=4.079464e-01
  λ=1.728e+00 | Epoch 110 | lr=1.0000e-03 | Recon MSE=7.196183e-05 | ‖ω‖₁=3.964029e-01
  λ=1.728e+00 | Epoch 120 | lr=1.0000e-03 | Recon MSE=7.023337e-05 | ‖ω‖₁=3.839242e-01
  λ=1.728e+00 | Epoch 130 | lr=1.0000e-03 | Recon MSE=6.289727e-05 | ‖ω‖₁=3.725785e-01
  λ=1.728e+00 | Epoch 140 | lr=1.0000e-03 | Recon MSE=6.267278e-05 | ‖ω‖₁=3.600121e-01
  λ=1.728e+00 | Epoch 150 | lr=1.0000e-03 | Recon MSE=6.316765e-05 | ‖ω‖₁=3.481560e-01
  λ=1.728e+00 | Epoch 160 | lr=1.0000e-03 | Recon MSE=6.302893e-05 | ‖ω‖₁=3.380739e-01
  λ=1.728e+00 | Epoch 170 | lr=1.0000e-03 | Recon MSE=5.610566e-05 | ‖ω‖₁=3.279943e-01
  λ=1.728e+00 | Epoch 180 | lr=1.0000e-03 | Recon MSE=5.415684e-05 | ‖ω‖₁=3.183594e-01
  λ=1.728e+00 | Epoch 190 | lr=1.0000e-03 | Recon MSE=5.131458e-05 | ‖ω‖₁=3.086481e-01
  λ=1.728e+00 | Epoch 200 | lr=1.0000e-03 | Recon MSE=5.638805e-05 | ‖ω‖₁=2.994792e-01
  λ=1.728e+00 | Epoch 210 | lr=1.0000e-03 | Recon MSE=4.887282e-05 | ‖ω‖₁=2.904609e-01
  λ=1.728e+00 | Epoch 220 | lr=1.0000e-03 | Recon MSE=5.054637e-05 | ‖ω‖₁=2.824765e-01
  λ=1.728e+00 | Epoch 230 | lr=1.0000e-03 | Recon MSE=5.179715e-05 | ‖ω‖₁=2.750126e-01
  λ=1.728e+00 | Epoch 240 | lr=1.0000e-03 | Recon MSE=4.763454e-05 | ‖ω‖₁=2.687374e-01
  λ=1.728e+00 | Epoch 250 | lr=1.0000e-03 | Recon MSE=4.567707e-05 | ‖ω‖₁=2.591028e-01
  λ=1.728e+00 | Epoch 260 | lr=1.0000e-03 | Recon MSE=4.410312e-05 | ‖ω‖₁=2.490327e-01
  λ=1.728e+00 | Epoch 270 | lr=1.0000e-03 | Recon MSE=4.551178e-05 | ‖ω‖₁=2.424135e-01
  λ=1.728e+00 | Epoch 280 | lr=1.0000e-03 | Recon MSE=4.527910e-05 | ‖ω‖₁=2.324646e-01
  λ=1.728e+00 | Epoch 290 | lr=1.0000e-03 | Recon MSE=4.703291e-05 | ‖ω‖₁=2.248543e-01
  λ=1.728e+00 | Epoch 300 | lr=1.0000e-03 | Recon MSE=4.377313e-05 | ‖ω‖₁=2.155040e-01
  λ=1.728e+00 | Epoch 310 | lr=1.0000e-03 | Recon MSE=3.858975e-05 | ‖ω‖₁=2.074976e-01
  λ=1.728e+00 | Epoch 320 | lr=1.0000e-03 | Recon MSE=4.162717e-05 | ‖ω‖₁=2.003703e-01
  λ=1.728e+00 | Epoch 330 | lr=1.0000e-03 | Recon MSE=4.701645e-05 | ‖ω‖₁=1.929873e-01
  λ=1.728e+00 | Epoch 340 | lr=1.0000e-03 | Recon MSE=4.148815e-05 | ‖ω‖₁=1.853443e-01
  λ=1.728e+00 | Epoch 350 | lr=1.0000e-03 | Recon MSE=4.611806e-05 | ‖ω‖₁=1.780174e-01
  λ=1.728e+00 | Epoch 360 | lr=1.0000e-03 | Recon MSE=4.618689e-05 | ‖ω‖₁=1.724176e-01
  λ=1.728e+00 | Epoch 370 | lr=1.0000e-03 | Recon MSE=4.075026e-05 | ‖ω‖₁=1.644288e-01
  λ=1.728e+00 | Epoch 380 | lr=1.0000e-03 | Recon MSE=4.207514e-05 | ‖ω‖₁=1.583462e-01
  λ=1.728e+00 | Epoch 390 | lr=1.0000e-03 | Recon MSE=4.570074e-05 | ‖ω‖₁=1.515834e-01
  λ=1.728e+00 | Epoch 400 | lr=5.0000e-04 | Recon MSE=5.510027e-05 | ‖ω‖₁=1.450396e-01
  λ=1.728e+00 | Epoch 410 | lr=5.0000e-04 | Recon MSE=3.882804e-05 | ‖ω‖₁=1.419118e-01
  λ=1.728e+00 | Epoch 420 | lr=5.0000e-04 | Recon MSE=4.284838e-05 | ‖ω‖₁=1.386193e-01
  λ=1.728e+00 | Epoch 430 | lr=5.0000e-04 | Recon MSE=4.011022e-05 | ‖ω‖₁=1.347979e-01
  λ=1.728e+00 | Epoch 440 | lr=5.0000e-04 | Recon MSE=3.988621e-05 | ‖ω‖₁=1.323968e-01
  λ=1.728e+00 | Epoch 450 | lr=5.0000e-04 | Recon MSE=3.920495e-05 | ‖ω‖₁=1.297942e-01
  λ=1.728e+00 | Epoch 460 | lr=5.0000e-04 | Recon MSE=3.868394e-05 | ‖ω‖₁=1.275057e-01
  λ=1.728e+00 | Epoch 470 | lr=5.0000e-04 | Recon MSE=4.028447e-05 | ‖ω‖₁=1.244848e-01
  λ=1.728e+00 | Epoch 480 | lr=5.0000e-04 | Recon MSE=4.173430e-05 | ‖ω‖₁=1.222323e-01
  λ=1.728e+00 | Epoch 490 | lr=5.0000e-04 | Recon MSE=4.352869e-05 | ‖ω‖₁=1.191406e-01
  λ=1.728e+00 | Epoch 500 | lr=5.0000e-04 | Recon MSE=4.024231e-05 | ‖ω‖₁=1.169646e-01
  λ=1.728e+00 | Epoch 510 | lr=5.0000e-04 | Recon MSE=3.853858e-05 | ‖ω‖₁=1.134311e-01
  λ=1.728e+00 | Epoch 520 | lr=5.0000e-04 | Recon MSE=4.430504e-05 | ‖ω‖₁=1.093426e-01
  λ=1.728e+00 | Epoch 530 | lr=5.0000e-04 | Recon MSE=3.695585e-05 | ‖ω‖₁=1.066435e-01
  λ=1.728e+00 | Epoch 540 | lr=5.0000e-04 | Recon MSE=4.400729e-05 | ‖ω‖₁=1.042541e-01
  λ=1.728e+00 | Epoch 550 | lr=5.0000e-04 | Recon MSE=4.113108e-05 | ‖ω‖₁=1.010591e-01
  λ=1.728e+00 | Epoch 560 | lr=5.0000e-04 | Recon MSE=4.516898e-05 | ‖ω‖₁=9.853475e-02
  λ=1.728e+00 | Epoch 570 | lr=5.0000e-04 | Recon MSE=3.947093e-05 | ‖ω‖₁=9.502730e-02
  λ=1.728e+00 | Epoch 580 | lr=5.0000e-04 | Recon MSE=3.959488e-05 | ‖ω‖₁=9.250903e-02
  λ=1.728e+00 | Epoch 590 | lr=5.0000e-04 | Recon MSE=4.282924e-05 | ‖ω‖₁=9.070319e-02
  λ=1.728e+00 | Epoch 600 | lr=5.0000e-04 | Recon MSE=4.071904e-05 | ‖ω‖₁=8.829372e-02
  λ=1.728e+00 | Epoch 610 | lr=5.0000e-04 | Recon MSE=4.106949e-05 | ‖ω‖₁=8.658483e-02
  λ=1.728e+00 | Epoch 620 | lr=5.0000e-04 | Recon MSE=4.096550e-05 | ‖ω‖₁=8.379626e-02
  λ=1.728e+00 | Epoch 630 | lr=5.0000e-04 | Recon MSE=3.991935e-05 | ‖ω‖₁=8.213228e-02
  λ=1.728e+00 | Epoch 640 | lr=5.0000e-04 | Recon MSE=4.070939e-05 | ‖ω‖₁=8.020900e-02
  λ=1.728e+00 | Epoch 650 | lr=5.0000e-04 | Recon MSE=4.673088e-05 | ‖ω‖₁=7.890531e-02
  λ=1.728e+00 | Epoch 660 | lr=5.0000e-04 | Recon MSE=4.024232e-05 | ‖ω‖₁=7.671399e-02
  λ=1.728e+00 | Epoch 670 | lr=5.0000e-04 | Recon MSE=3.556167e-05 | ‖ω‖₁=7.457655e-02
  λ=1.728e+00 | Epoch 680 | lr=5.0000e-04 | Recon MSE=4.137007e-05 | ‖ω‖₁=7.352450e-02
  λ=1.728e+00 | Epoch 690 | lr=5.0000e-04 | Recon MSE=3.998820e-05 | ‖ω‖₁=7.240393e-02
  λ=1.728e+00 | Epoch 700 | lr=5.0000e-04 | Recon MSE=3.792844e-05 | ‖ω‖₁=7.048122e-02
  λ=1.728e+00 | Epoch 710 | lr=5.0000e-04 | Recon MSE=4.348912e-05 | ‖ω‖₁=6.962089e-02
  λ=1.728e+00 | Epoch 720 | lr=5.0000e-04 | Recon MSE=4.327716e-05 | ‖ω‖₁=6.922977e-02
  λ=1.728e+00 | Epoch 730 | lr=5.0000e-04 | Recon MSE=4.085320e-05 | ‖ω‖₁=6.774589e-02
  λ=1.728e+00 | Epoch 740 | lr=5.0000e-04 | Recon MSE=4.454159e-05 | ‖ω‖₁=6.732795e-02
  λ=1.728e+00 | Epoch 750 | lr=5.0000e-04 | Recon MSE=4.037494e-05 | ‖ω‖₁=6.718702e-02
  λ=1.728e+00 | Epoch 760 | lr=5.0000e-04 | Recon MSE=3.914644e-05 | ‖ω‖₁=6.544200e-02
  λ=1.728e+00 | Epoch 770 | lr=5.0000e-04 | Recon MSE=4.534870e-05 | ‖ω‖₁=6.540972e-02
  λ=1.728e+00 | Epoch 780 | lr=5.0000e-04 | Recon MSE=4.630320e-05 | ‖ω‖₁=6.496095e-02
  λ=1.728e+00 | Epoch 790 | lr=5.0000e-04 | Recon MSE=4.000582e-05 | ‖ω‖₁=6.387736e-02
  λ=1.728e+00 | Epoch 800 | lr=2.5000e-04 | Recon MSE=4.656740e-05 | ‖ω‖₁=6.329733e-02
  λ=1.728e+00 | Epoch 810 | lr=2.5000e-04 | Recon MSE=3.828858e-05 | ‖ω‖₁=6.332567e-02
  λ=1.728e+00 | Epoch 820 | lr=2.5000e-04 | Recon MSE=3.912359e-05 | ‖ω‖₁=6.304058e-02
  λ=1.728e+00 | Epoch 830 | lr=2.5000e-04 | Recon MSE=4.019450e-05 | ‖ω‖₁=6.323602e-02
  λ=1.728e+00 | Epoch 840 | lr=2.5000e-04 | Recon MSE=3.730422e-05 | ‖ω‖₁=6.295250e-02
  λ=1.728e+00 | Epoch 850 | lr=2.5000e-04 | Recon MSE=4.226578e-05 | ‖ω‖₁=6.265934e-02
  λ=1.728e+00 | Epoch 860 | lr=2.5000e-04 | Recon MSE=3.941119e-05 | ‖ω‖₁=6.225086e-02
  λ=1.728e+00 | Epoch 870 | lr=2.5000e-04 | Recon MSE=3.773473e-05 | ‖ω‖₁=6.161010e-02
  λ=1.728e+00 | Epoch 880 | lr=2.5000e-04 | Recon MSE=3.906960e-05 | ‖ω‖₁=6.138920e-02
  λ=1.728e+00 | Epoch 890 | lr=2.5000e-04 | Recon MSE=3.826849e-05 | ‖ω‖₁=6.147877e-02
  λ=1.728e+00 | Epoch 900 | lr=2.5000e-04 | Recon MSE=3.686512e-05 | ‖ω‖₁=6.151493e-02
  λ=1.728e+00 | Epoch 910 | lr=2.5000e-04 | Recon MSE=3.653608e-05 | ‖ω‖₁=6.148408e-02
  λ=1.728e+00 | Epoch 920 | lr=2.5000e-04 | Recon MSE=3.719440e-05 | ‖ω‖₁=6.124403e-02
  λ=1.728e+00 | Epoch 930 | lr=2.5000e-04 | Recon MSE=3.758523e-05 | ‖ω‖₁=6.087105e-02
  λ=1.728e+00 | Epoch 940 | lr=2.5000e-04 | Recon MSE=4.057626e-05 | ‖ω‖₁=6.075114e-02
  λ=1.728e+00 | Epoch 950 | lr=2.5000e-04 | Recon MSE=3.993973e-05 | ‖ω‖₁=6.015983e-02
  λ=1.728e+00 | Epoch 960 | lr=2.5000e-04 | Recon MSE=3.860407e-05 | ‖ω‖₁=5.980691e-02
  λ=1.728e+00 | Epoch 970 | lr=2.5000e-04 | Recon MSE=4.086445e-05 | ‖ω‖₁=5.962615e-02
  λ=1.728e+00 | Epoch 980 | lr=2.5000e-04 | Recon MSE=3.963609e-05 | ‖ω‖₁=5.932083e-02
  λ=1.728e+00 | Epoch 990 | lr=2.5000e-04 | Recon MSE=3.830847e-05 | ‖ω‖₁=5.929363e-02
  λ=1.728e+00 | Epoch 1000 | lr=2.5000e-04 | Recon MSE=3.770527e-05 | ‖ω‖₁=5.958208e-02
  λ=1.728e+00 | Epoch 1010 | lr=2.5000e-04 | Recon MSE=3.865424e-05 | ‖ω‖₁=5.938980e-02
  λ=1.728e+00 | Epoch 1020 | lr=2.5000e-04 | Recon MSE=3.857038e-05 | ‖ω‖₁=5.931894e-02
  λ=1.728e+00 | Epoch 1030 | lr=2.5000e-04 | Recon MSE=4.143790e-05 | ‖ω‖₁=5.886602e-02
  λ=1.728e+00 | Epoch 1040 | lr=2.5000e-04 | Recon MSE=3.789334e-05 | ‖ω‖₁=5.854682e-02
  λ=1.728e+00 | Epoch 1050 | lr=2.5000e-04 | Recon MSE=3.943586e-05 | ‖ω‖₁=5.852050e-02
  λ=1.728e+00 | Epoch 1060 | lr=2.5000e-04 | Recon MSE=3.605179e-05 | ‖ω‖₁=5.854801e-02
  λ=1.728e+00 | Epoch 1070 | lr=2.5000e-04 | Recon MSE=3.769488e-05 | ‖ω‖₁=5.817109e-02
  λ=1.728e+00 | Epoch 1080 | lr=2.5000e-04 | Recon MSE=3.959359e-05 | ‖ω‖₁=5.815178e-02
  λ=1.728e+00 | Epoch 1090 | lr=2.5000e-04 | Recon MSE=3.769410e-05 | ‖ω‖₁=5.819697e-02
  λ=1.728e+00 | Epoch 1100 | lr=2.5000e-04 | Recon MSE=3.961733e-05 | ‖ω‖₁=5.799217e-02
  λ=1.728e+00 | Epoch 1110 | lr=2.5000e-04 | Recon MSE=4.096242e-05 | ‖ω‖₁=5.779908e-02
  λ=1.728e+00 | Epoch 1120 | lr=2.5000e-04 | Recon MSE=3.685295e-05 | ‖ω‖₁=5.772048e-02
  λ=1.728e+00 | Epoch 1130 | lr=2.5000e-04 | Recon MSE=3.703620e-05 | ‖ω‖₁=5.746706e-02
  λ=1.728e+00 | Epoch 1140 | lr=2.5000e-04 | Recon MSE=4.258631e-05 | ‖ω‖₁=5.716323e-02
  λ=1.728e+00 | Epoch 1150 | lr=2.5000e-04 | Recon MSE=3.843370e-05 | ‖ω‖₁=5.725904e-02
  λ=1.728e+00 | Epoch 1160 | lr=2.5000e-04 | Recon MSE=3.974836e-05 | ‖ω‖₁=5.696916e-02
  λ=1.728e+00 | Epoch 1170 | lr=2.5000e-04 | Recon MSE=3.974578e-05 | ‖ω‖₁=5.655995e-02
  λ=1.728e+00 | Epoch 1180 | lr=2.5000e-04 | Recon MSE=4.164434e-05 | ‖ω‖₁=5.677010e-02
  λ=1.728e+00 | Epoch 1190 | lr=2.5000e-04 | Recon MSE=3.562484e-05 | ‖ω‖₁=5.711632e-02
  λ=1.728e+00 | Epoch 1200 | lr=1.2500e-04 | Recon MSE=4.120611e-05 | ‖ω‖₁=5.653374e-02
  λ=1.728e+00 | Epoch 1210 | lr=1.2500e-04 | Recon MSE=3.620932e-05 | ‖ω‖₁=5.641597e-02
  λ=1.728e+00 | Epoch 1220 | lr=1.2500e-04 | Recon MSE=4.029472e-05 | ‖ω‖₁=5.634528e-02
  λ=1.728e+00 | Epoch 1230 | lr=1.2500e-04 | Recon MSE=3.879478e-05 | ‖ω‖₁=5.619740e-02
  λ=1.728e+00 | Epoch 1240 | lr=1.2500e-04 | Recon MSE=4.021836e-05 | ‖ω‖₁=5.638154e-02
  λ=1.728e+00 | Epoch 1250 | lr=1.2500e-04 | Recon MSE=3.776156e-05 | ‖ω‖₁=5.636108e-02
  λ=1.728e+00 | Epoch 1260 | lr=1.2500e-04 | Recon MSE=3.953955e-05 | ‖ω‖₁=5.612811e-02
  λ=1.728e+00 | Epoch 1270 | lr=1.2500e-04 | Recon MSE=4.015204e-05 | ‖ω‖₁=5.644644e-02
  λ=1.728e+00 | Epoch 1280 | lr=1.2500e-04 | Recon MSE=3.479810e-05 | ‖ω‖₁=5.638683e-02
  λ=1.728e+00 | Epoch 1290 | lr=1.2500e-04 | Recon MSE=4.143440e-05 | ‖ω‖₁=5.656830e-02
  λ=1.728e+00 | Epoch 1300 | lr=1.2500e-04 | Recon MSE=3.642450e-05 | ‖ω‖₁=5.623666e-02
  λ=1.728e+00 | Epoch 1310 | lr=1.2500e-04 | Recon MSE=4.154145e-05 | ‖ω‖₁=5.603410e-02
  λ=1.728e+00 | Epoch 1320 | lr=1.2500e-04 | Recon MSE=3.743377e-05 | ‖ω‖₁=5.615269e-02
  λ=1.728e+00 | Epoch 1330 | lr=1.2500e-04 | Recon MSE=3.876474e-05 | ‖ω‖₁=5.594485e-02
  λ=1.728e+00 | Epoch 1340 | lr=1.2500e-04 | Recon MSE=3.967844e-05 | ‖ω‖₁=5.592417e-02
  λ=1.728e+00 | Epoch 1350 | lr=1.2500e-04 | Recon MSE=4.016096e-05 | ‖ω‖₁=5.573620e-02
  λ=1.728e+00 | Epoch 1360 | lr=1.2500e-04 | Recon MSE=4.336643e-05 | ‖ω‖₁=5.577093e-02
  λ=1.728e+00 | Epoch 1370 | lr=1.2500e-04 | Recon MSE=4.172944e-05 | ‖ω‖₁=5.564475e-02
  λ=1.728e+00 | Epoch 1380 | lr=1.2500e-04 | Recon MSE=3.827033e-05 | ‖ω‖₁=5.532187e-02
  λ=1.728e+00 | Epoch 1390 | lr=1.2500e-04 | Recon MSE=4.003425e-05 | ‖ω‖₁=5.543021e-02
  λ=1.728e+00 | Epoch 1400 | lr=1.2500e-04 | Recon MSE=3.941929e-05 | ‖ω‖₁=5.544179e-02
  λ=1.728e+00 | Epoch 1410 | lr=1.2500e-04 | Recon MSE=3.756083e-05 | ‖ω‖₁=5.533143e-02
  λ=1.728e+00 | Epoch 1420 | lr=1.2500e-04 | Recon MSE=3.824720e-05 | ‖ω‖₁=5.558653e-02
  λ=1.728e+00 | Epoch 1430 | lr=1.2500e-04 | Recon MSE=3.889700e-05 | ‖ω‖₁=5.527706e-02
  λ=1.728e+00 | Epoch 1440 | lr=1.2500e-04 | Recon MSE=3.711854e-05 | ‖ω‖₁=5.492257e-02
  λ=1.728e+00 | Epoch 1450 | lr=1.2500e-04 | Recon MSE=4.016695e-05 | ‖ω‖₁=5.491084e-02
  λ=1.728e+00 | Epoch 1460 | lr=1.2500e-04 | Recon MSE=4.018210e-05 | ‖ω‖₁=5.503952e-02
  λ=1.728e+00 | Epoch 1470 | lr=1.2500e-04 | Recon MSE=4.136932e-05 | ‖ω‖₁=5.537866e-02
  λ=1.728e+00 | Epoch 1480 | lr=1.2500e-04 | Recon MSE=3.789691e-05 | ‖ω‖₁=5.502350e-02
  λ=1.728e+00 | Epoch 1490 | lr=1.2500e-04 | Recon MSE=3.718342e-05 | ‖ω‖₁=5.491728e-02
  λ=1.728e+00 | Epoch 1500 | lr=1.2500e-04 | Recon MSE=3.882497e-05 | ‖ω‖₁=5.469522e-02
  λ=1.728e+00 | Epoch 1510 | lr=1.2500e-04 | Recon MSE=3.700789e-05 | ‖ω‖₁=5.465412e-02
  λ=1.728e+00 | Epoch 1520 | lr=1.2500e-04 | Recon MSE=3.673323e-05 | ‖ω‖₁=5.432632e-02
  λ=1.728e+00 | Epoch 1530 | lr=1.2500e-04 | Recon MSE=3.914432e-05 | ‖ω‖₁=5.433066e-02
  λ=1.728e+00 | Epoch 1540 | lr=1.2500e-04 | Recon MSE=3.905404e-05 | ‖ω‖₁=5.412638e-02
  λ=1.728e+00 | Epoch 1550 | lr=1.2500e-04 | Recon MSE=4.188544e-05 | ‖ω‖₁=5.430828e-02
  λ=1.728e+00 | Epoch 1560 | lr=1.2500e-04 | Recon MSE=3.845525e-05 | ‖ω‖₁=5.405182e-02
  λ=1.728e+00 | Epoch 1570 | lr=1.2500e-04 | Recon MSE=3.859270e-05 | ‖ω‖₁=5.405140e-02
  λ=1.728e+00 | Epoch 1580 | lr=1.2500e-04 | Recon MSE=3.671948e-05 | ‖ω‖₁=5.380547e-02
  λ=1.728e+00 | Epoch 1590 | lr=1.2500e-04 | Recon MSE=4.069770e-05 | ‖ω‖₁=5.375969e-02
  λ=1.728e+00 | Epoch 1600 | lr=6.2500e-05 | Recon MSE=4.001597e-05 | ‖ω‖₁=5.384036e-02
  λ=1.728e+00 | Epoch 1610 | lr=6.2500e-05 | Recon MSE=3.869771e-05 | ‖ω‖₁=5.376754e-02
  λ=1.728e+00 | Epoch 1620 | lr=6.2500e-05 | Recon MSE=3.859171e-05 | ‖ω‖₁=5.380101e-02
  λ=1.728e+00 | Epoch 1630 | lr=6.2500e-05 | Recon MSE=3.851285e-05 | ‖ω‖₁=5.375223e-02
  λ=1.728e+00 | Epoch 1640 | lr=6.2500e-05 | Recon MSE=3.592459e-05 | ‖ω‖₁=5.380230e-02
  λ=1.728e+00 | Epoch 1650 | lr=6.2500e-05 | Recon MSE=3.953886e-05 | ‖ω‖₁=5.385453e-02
  λ=1.728e+00 | Epoch 1660 | lr=6.2500e-05 | Recon MSE=3.858772e-05 | ‖ω‖₁=5.383135e-02
  λ=1.728e+00 | Epoch 1670 | lr=6.2500e-05 | Recon MSE=3.771003e-05 | ‖ω‖₁=5.371577e-02
  λ=1.728e+00 | Epoch 1680 | lr=6.2500e-05 | Recon MSE=3.701677e-05 | ‖ω‖₁=5.364857e-02
  λ=1.728e+00 | Epoch 1690 | lr=6.2500e-05 | Recon MSE=3.877721e-05 | ‖ω‖₁=5.358502e-02
  λ=1.728e+00 | Epoch 1700 | lr=6.2500e-05 | Recon MSE=3.707217e-05 | ‖ω‖₁=5.343232e-02
  λ=1.728e+00 | Epoch 1710 | lr=6.2500e-05 | Recon MSE=3.779229e-05 | ‖ω‖₁=5.332920e-02
  λ=1.728e+00 | Epoch 1720 | lr=6.2500e-05 | Recon MSE=4.124112e-05 | ‖ω‖₁=5.325414e-02
  λ=1.728e+00 | Epoch 1730 | lr=6.2500e-05 | Recon MSE=3.866891e-05 | ‖ω‖₁=5.316142e-02
  λ=1.728e+00 | Epoch 1740 | lr=6.2500e-05 | Recon MSE=3.512712e-05 | ‖ω‖₁=5.317517e-02
  λ=1.728e+00 | Epoch 1750 | lr=6.2500e-05 | Recon MSE=3.731187e-05 | ‖ω‖₁=5.303009e-02
  λ=1.728e+00 | Epoch 1760 | lr=6.2500e-05 | Recon MSE=3.944082e-05 | ‖ω‖₁=5.299787e-02
  λ=1.728e+00 | Epoch 1770 | lr=6.2500e-05 | Recon MSE=3.792882e-05 | ‖ω‖₁=5.301128e-02
  λ=1.728e+00 | Epoch 1780 | lr=6.2500e-05 | Recon MSE=3.557871e-05 | ‖ω‖₁=5.304168e-02
  λ=1.728e+00 | Epoch 1790 | lr=6.2500e-05 | Recon MSE=3.957726e-05 | ‖ω‖₁=5.298597e-02
  λ=1.728e+00 | Epoch 1800 | lr=6.2500e-05 | Recon MSE=3.737733e-05 | ‖ω‖₁=5.290888e-02
  λ=1.728e+00 | Epoch 1810 | lr=6.2500e-05 | Recon MSE=3.871277e-05 | ‖ω‖₁=5.286617e-02
  λ=1.728e+00 | Epoch 1820 | lr=6.2500e-05 | Recon MSE=3.691034e-05 | ‖ω‖₁=5.284061e-02
  λ=1.728e+00 | Epoch 1830 | lr=6.2500e-05 | Recon MSE=4.065834e-05 | ‖ω‖₁=5.276614e-02
  λ=1.728e+00 | Epoch 1840 | lr=6.2500e-05 | Recon MSE=3.914500e-05 | ‖ω‖₁=5.285939e-02
  λ=1.728e+00 | Epoch 1850 | lr=6.2500e-05 | Recon MSE=3.728855e-05 | ‖ω‖₁=5.277909e-02
  λ=1.728e+00 | Epoch 1860 | lr=6.2500e-05 | Recon MSE=3.591513e-05 | ‖ω‖₁=5.270804e-02
  λ=1.728e+00 | Epoch 1870 | lr=6.2500e-05 | Recon MSE=3.745255e-05 | ‖ω‖₁=5.267494e-02
  λ=1.728e+00 | Epoch 1880 | lr=6.2500e-05 | Recon MSE=3.908319e-05 | ‖ω‖₁=5.264942e-02
  λ=1.728e+00 | Epoch 1890 | lr=6.2500e-05 | Recon MSE=3.863754e-05 | ‖ω‖₁=5.259450e-02
  λ=1.728e+00 | Epoch 1900 | lr=6.2500e-05 | Recon MSE=4.029335e-05 | ‖ω‖₁=5.256667e-02
  λ=1.728e+00 | Epoch 1910 | lr=6.2500e-05 | Recon MSE=3.774043e-05 | ‖ω‖₁=5.263556e-02
  λ=1.728e+00 | Epoch 1920 | lr=6.2500e-05 | Recon MSE=3.897691e-05 | ‖ω‖₁=5.256356e-02
  λ=1.728e+00 | Epoch 1930 | lr=6.2500e-05 | Recon MSE=3.950829e-05 | ‖ω‖₁=5.258968e-02
  λ=1.728e+00 | Epoch 1940 | lr=6.2500e-05 | Recon MSE=3.718578e-05 | ‖ω‖₁=5.275650e-02
  λ=1.728e+00 | Epoch 1950 | lr=6.2500e-05 | Recon MSE=3.836043e-05 | ‖ω‖₁=5.259701e-02
  λ=1.728e+00 | Epoch 1960 | lr=6.2500e-05 | Recon MSE=3.646348e-05 | ‖ω‖₁=5.264092e-02
  λ=1.728e+00 | Epoch 1970 | lr=6.2500e-05 | Recon MSE=3.661035e-05 | ‖ω‖₁=5.241879e-02
  λ=1.728e+00 | Epoch 1980 | lr=6.2500e-05 | Recon MSE=3.957491e-05 | ‖ω‖₁=5.240657e-02
  λ=1.728e+00 | Epoch 1990 | lr=6.2500e-05 | Recon MSE=3.924548e-05 | ‖ω‖₁=5.230361e-02
  λ=1.728e+00 | Epoch 2000 | lr=3.1250e-05 | Recon MSE=3.754610e-05 | ‖ω‖₁=5.214591e-02
  → at λ=1.728e+00: r(λ)=4, rel_err=1.387570e-03
  → selected modes: [0, 1, 2, 3]

-- Path iteration 5, λ = 2.074e+00 (r(λ) prev = 4)
  λ=2.074e+00 | Epoch   1 | lr=1.0000e-03 | Recon MSE=9.398805e-03 | ‖ω‖₁=2.897357e+01
  λ=2.074e+00 | Epoch  10 | lr=1.0000e-03 | Recon MSE=1.886164e-04 | ‖ω‖₁=1.132236e+01
  λ=2.074e+00 | Epoch  20 | lr=1.0000e-03 | Recon MSE=2.301597e-04 | ‖ω‖₁=8.679097e-01
  λ=2.074e+00 | Epoch  30 | lr=1.0000e-03 | Recon MSE=1.914849e-04 | ‖ω‖₁=5.180796e-01
  λ=2.074e+00 | Epoch  40 | lr=1.0000e-03 | Recon MSE=1.603124e-04 | ‖ω‖₁=4.587970e-01
  λ=2.074e+00 | Epoch  50 | lr=1.0000e-03 | Recon MSE=1.391287e-04 | ‖ω‖₁=4.319813e-01
  λ=2.074e+00 | Epoch  60 | lr=1.0000e-03 | Recon MSE=1.186959e-04 | ‖ω‖₁=4.133976e-01
  λ=2.074e+00 | Epoch  70 | lr=1.0000e-03 | Recon MSE=1.058872e-04 | ‖ω‖₁=4.014841e-01
  λ=2.074e+00 | Epoch  80 | lr=1.0000e-03 | Recon MSE=9.583189e-05 | ‖ω‖₁=3.947405e-01
  λ=2.074e+00 | Epoch  90 | lr=1.0000e-03 | Recon MSE=9.110593e-05 | ‖ω‖₁=3.825924e-01
  λ=2.074e+00 | Epoch 100 | lr=1.0000e-03 | Recon MSE=8.253697e-05 | ‖ω‖₁=3.725751e-01
  λ=2.074e+00 | Epoch 110 | lr=1.0000e-03 | Recon MSE=7.820617e-05 | ‖ω‖₁=3.594961e-01
  λ=2.074e+00 | Epoch 120 | lr=1.0000e-03 | Recon MSE=7.708297e-05 | ‖ω‖₁=3.447785e-01
  λ=2.074e+00 | Epoch 130 | lr=1.0000e-03 | Recon MSE=7.348031e-05 | ‖ω‖₁=3.330798e-01
  λ=2.074e+00 | Epoch 140 | lr=1.0000e-03 | Recon MSE=6.797936e-05 | ‖ω‖₁=3.209751e-01
  λ=2.074e+00 | Epoch 150 | lr=1.0000e-03 | Recon MSE=6.034347e-05 | ‖ω‖₁=3.084510e-01
  λ=2.074e+00 | Epoch 160 | lr=1.0000e-03 | Recon MSE=6.021616e-05 | ‖ω‖₁=3.031469e-01
  λ=2.074e+00 | Epoch 170 | lr=1.0000e-03 | Recon MSE=6.385557e-05 | ‖ω‖₁=2.963106e-01
  λ=2.074e+00 | Epoch 180 | lr=1.0000e-03 | Recon MSE=6.637260e-05 | ‖ω‖₁=2.847990e-01
  λ=2.074e+00 | Epoch 190 | lr=1.0000e-03 | Recon MSE=5.948532e-05 | ‖ω‖₁=2.743536e-01
  λ=2.074e+00 | Epoch 200 | lr=1.0000e-03 | Recon MSE=5.898278e-05 | ‖ω‖₁=2.622468e-01
  λ=2.074e+00 | Epoch 210 | lr=1.0000e-03 | Recon MSE=5.260288e-05 | ‖ω‖₁=2.515383e-01
  λ=2.074e+00 | Epoch 220 | lr=1.0000e-03 | Recon MSE=4.805963e-05 | ‖ω‖₁=2.441026e-01
  λ=2.074e+00 | Epoch 230 | lr=1.0000e-03 | Recon MSE=4.563743e-05 | ‖ω‖₁=2.350571e-01
  λ=2.074e+00 | Epoch 240 | lr=1.0000e-03 | Recon MSE=4.918998e-05 | ‖ω‖₁=2.305129e-01
  λ=2.074e+00 | Epoch 250 | lr=1.0000e-03 | Recon MSE=4.501128e-05 | ‖ω‖₁=2.247876e-01
  λ=2.074e+00 | Epoch 260 | lr=1.0000e-03 | Recon MSE=4.903505e-05 | ‖ω‖₁=2.165816e-01
  λ=2.074e+00 | Epoch 270 | lr=1.0000e-03 | Recon MSE=4.212471e-05 | ‖ω‖₁=2.111427e-01
  λ=2.074e+00 | Epoch 280 | lr=1.0000e-03 | Recon MSE=4.593029e-05 | ‖ω‖₁=2.064182e-01
  λ=2.074e+00 | Epoch 290 | lr=1.0000e-03 | Recon MSE=4.536511e-05 | ‖ω‖₁=1.975618e-01
  λ=2.074e+00 | Epoch 300 | lr=1.0000e-03 | Recon MSE=4.768896e-05 | ‖ω‖₁=1.871082e-01
  λ=2.074e+00 | Epoch 310 | lr=1.0000e-03 | Recon MSE=4.310747e-05 | ‖ω‖₁=1.815166e-01
  λ=2.074e+00 | Epoch 320 | lr=1.0000e-03 | Recon MSE=4.300381e-05 | ‖ω‖₁=1.733631e-01
  λ=2.074e+00 | Epoch 330 | lr=1.0000e-03 | Recon MSE=4.134820e-05 | ‖ω‖₁=1.665680e-01
  λ=2.074e+00 | Epoch 340 | lr=1.0000e-03 | Recon MSE=5.033007e-05 | ‖ω‖₁=1.578136e-01
  λ=2.074e+00 | Epoch 350 | lr=1.0000e-03 | Recon MSE=5.013369e-05 | ‖ω‖₁=1.505657e-01
  λ=2.074e+00 | Epoch 360 | lr=1.0000e-03 | Recon MSE=3.971755e-05 | ‖ω‖₁=1.418699e-01
  λ=2.074e+00 | Epoch 370 | lr=1.0000e-03 | Recon MSE=5.050131e-05 | ‖ω‖₁=1.354215e-01
  λ=2.074e+00 | Epoch 380 | lr=1.0000e-03 | Recon MSE=4.379875e-05 | ‖ω‖₁=1.259156e-01
  λ=2.074e+00 | Epoch 390 | lr=1.0000e-03 | Recon MSE=4.175748e-05 | ‖ω‖₁=1.209071e-01
  λ=2.074e+00 | Epoch 400 | lr=5.0000e-04 | Recon MSE=4.919708e-05 | ‖ω‖₁=1.155310e-01
  λ=2.074e+00 | Epoch 410 | lr=5.0000e-04 | Recon MSE=3.961453e-05 | ‖ω‖₁=1.114719e-01
  λ=2.074e+00 | Epoch 420 | lr=5.0000e-04 | Recon MSE=4.281204e-05 | ‖ω‖₁=1.092550e-01
  λ=2.074e+00 | Epoch 430 | lr=5.0000e-04 | Recon MSE=3.940487e-05 | ‖ω‖₁=1.058197e-01
  λ=2.074e+00 | Epoch 440 | lr=5.0000e-04 | Recon MSE=4.229633e-05 | ‖ω‖₁=1.028995e-01
  λ=2.074e+00 | Epoch 450 | lr=5.0000e-04 | Recon MSE=3.851110e-05 | ‖ω‖₁=9.936680e-02
  λ=2.074e+00 | Epoch 460 | lr=5.0000e-04 | Recon MSE=3.915840e-05 | ‖ω‖₁=9.673554e-02
  λ=2.074e+00 | Epoch 470 | lr=5.0000e-04 | Recon MSE=3.954749e-05 | ‖ω‖₁=9.605202e-02
  λ=2.074e+00 | Epoch 480 | lr=5.0000e-04 | Recon MSE=4.068833e-05 | ‖ω‖₁=9.373178e-02
  λ=2.074e+00 | Epoch 490 | lr=5.0000e-04 | Recon MSE=4.380257e-05 | ‖ω‖₁=9.184660e-02
  λ=2.074e+00 | Epoch 500 | lr=5.0000e-04 | Recon MSE=3.882067e-05 | ‖ω‖₁=9.028599e-02
  λ=2.074e+00 | Epoch 510 | lr=5.0000e-04 | Recon MSE=4.176619e-05 | ‖ω‖₁=8.877143e-02
  λ=2.074e+00 | Epoch 520 | lr=5.0000e-04 | Recon MSE=4.768315e-05 | ‖ω‖₁=8.788425e-02
  λ=2.074e+00 | Epoch 530 | lr=5.0000e-04 | Recon MSE=4.747872e-05 | ‖ω‖₁=8.630634e-02
  λ=2.074e+00 | Epoch 540 | lr=5.0000e-04 | Recon MSE=3.932198e-05 | ‖ω‖₁=8.543213e-02
  λ=2.074e+00 | Epoch 550 | lr=5.0000e-04 | Recon MSE=4.056211e-05 | ‖ω‖₁=8.379814e-02
  λ=2.074e+00 | Epoch 560 | lr=5.0000e-04 | Recon MSE=4.197732e-05 | ‖ω‖₁=8.249471e-02
  λ=2.074e+00 | Epoch 570 | lr=5.0000e-04 | Recon MSE=3.823455e-05 | ‖ω‖₁=8.251222e-02
  λ=2.074e+00 | Epoch 580 | lr=5.0000e-04 | Recon MSE=4.065513e-05 | ‖ω‖₁=8.085384e-02
  λ=2.074e+00 | Epoch 590 | lr=5.0000e-04 | Recon MSE=4.320964e-05 | ‖ω‖₁=8.163453e-02
  λ=2.074e+00 | Epoch 600 | lr=5.0000e-04 | Recon MSE=3.985611e-05 | ‖ω‖₁=8.020840e-02
  λ=2.074e+00 | Epoch 610 | lr=5.0000e-04 | Recon MSE=4.076826e-05 | ‖ω‖₁=7.941912e-02
  λ=2.074e+00 | Epoch 620 | lr=5.0000e-04 | Recon MSE=3.936800e-05 | ‖ω‖₁=7.886461e-02
  λ=2.074e+00 | Epoch 630 | lr=5.0000e-04 | Recon MSE=3.771742e-05 | ‖ω‖₁=7.898339e-02
  λ=2.074e+00 | Epoch 640 | lr=5.0000e-04 | Recon MSE=4.272743e-05 | ‖ω‖₁=7.823756e-02
  λ=2.074e+00 | Epoch 650 | lr=5.0000e-04 | Recon MSE=4.456390e-05 | ‖ω‖₁=7.702023e-02
  λ=2.074e+00 | Epoch 660 | lr=5.0000e-04 | Recon MSE=4.290407e-05 | ‖ω‖₁=7.641625e-02
  λ=2.074e+00 | Epoch 670 | lr=5.0000e-04 | Recon MSE=3.907153e-05 | ‖ω‖₁=7.688676e-02
  λ=2.074e+00 | Epoch 680 | lr=5.0000e-04 | Recon MSE=4.413528e-05 | ‖ω‖₁=7.517021e-02
  λ=2.074e+00 | Epoch 690 | lr=5.0000e-04 | Recon MSE=3.882981e-05 | ‖ω‖₁=7.556303e-02
  λ=2.074e+00 | Epoch 700 | lr=5.0000e-04 | Recon MSE=3.919421e-05 | ‖ω‖₁=7.539609e-02
  λ=2.074e+00 | Epoch 710 | lr=5.0000e-04 | Recon MSE=3.694925e-05 | ‖ω‖₁=7.520966e-02
  λ=2.074e+00 | Epoch 720 | lr=5.0000e-04 | Recon MSE=3.831561e-05 | ‖ω‖₁=7.381140e-02
  λ=2.074e+00 | Epoch 730 | lr=5.0000e-04 | Recon MSE=4.476041e-05 | ‖ω‖₁=7.268590e-02
  λ=2.074e+00 | Epoch 740 | lr=5.0000e-04 | Recon MSE=4.055887e-05 | ‖ω‖₁=7.328288e-02
  λ=2.074e+00 | Epoch 750 | lr=5.0000e-04 | Recon MSE=3.985931e-05 | ‖ω‖₁=7.325556e-02
  λ=2.074e+00 | Epoch 760 | lr=5.0000e-04 | Recon MSE=3.978762e-05 | ‖ω‖₁=7.218188e-02
  λ=2.074e+00 | Epoch 770 | lr=5.0000e-04 | Recon MSE=3.677415e-05 | ‖ω‖₁=7.047553e-02
  λ=2.074e+00 | Epoch 780 | lr=5.0000e-04 | Recon MSE=5.130345e-05 | ‖ω‖₁=7.031355e-02
  λ=2.074e+00 | Epoch 790 | lr=5.0000e-04 | Recon MSE=4.066439e-05 | ‖ω‖₁=6.989327e-02
  λ=2.074e+00 | Epoch 800 | lr=2.5000e-04 | Recon MSE=3.870079e-05 | ‖ω‖₁=6.912451e-02
  λ=2.074e+00 | Epoch 810 | lr=2.5000e-04 | Recon MSE=3.821579e-05 | ‖ω‖₁=6.940605e-02
  λ=2.074e+00 | Epoch 820 | lr=2.5000e-04 | Recon MSE=3.870537e-05 | ‖ω‖₁=6.908111e-02
  λ=2.074e+00 | Epoch 830 | lr=2.5000e-04 | Recon MSE=3.709046e-05 | ‖ω‖₁=6.916515e-02
  λ=2.074e+00 | Epoch 840 | lr=2.5000e-04 | Recon MSE=3.755680e-05 | ‖ω‖₁=6.917367e-02
  λ=2.074e+00 | Epoch 850 | lr=2.5000e-04 | Recon MSE=3.731537e-05 | ‖ω‖₁=6.915373e-02
  λ=2.074e+00 | Epoch 860 | lr=2.5000e-04 | Recon MSE=3.664558e-05 | ‖ω‖₁=6.838937e-02
  λ=2.074e+00 | Epoch 870 | lr=2.5000e-04 | Recon MSE=3.939002e-05 | ‖ω‖₁=6.807075e-02
  λ=2.074e+00 | Epoch 880 | lr=2.5000e-04 | Recon MSE=4.464662e-05 | ‖ω‖₁=6.809901e-02
  λ=2.074e+00 | Epoch 890 | lr=2.5000e-04 | Recon MSE=3.905045e-05 | ‖ω‖₁=6.787845e-02
  λ=2.074e+00 | Epoch 900 | lr=2.5000e-04 | Recon MSE=3.635793e-05 | ‖ω‖₁=6.788976e-02
  λ=2.074e+00 | Epoch 910 | lr=2.5000e-04 | Recon MSE=4.256393e-05 | ‖ω‖₁=6.668553e-02
  λ=2.074e+00 | Epoch 920 | lr=2.5000e-04 | Recon MSE=3.777335e-05 | ‖ω‖₁=6.636291e-02
  λ=2.074e+00 | Epoch 930 | lr=2.5000e-04 | Recon MSE=4.047890e-05 | ‖ω‖₁=6.597265e-02
  λ=2.074e+00 | Epoch 940 | lr=2.5000e-04 | Recon MSE=4.225323e-05 | ‖ω‖₁=6.593563e-02
  λ=2.074e+00 | Epoch 950 | lr=2.5000e-04 | Recon MSE=3.997033e-05 | ‖ω‖₁=6.586145e-02
  λ=2.074e+00 | Epoch 960 | lr=2.5000e-04 | Recon MSE=3.890387e-05 | ‖ω‖₁=6.578232e-02
  λ=2.074e+00 | Epoch 970 | lr=2.5000e-04 | Recon MSE=4.053779e-05 | ‖ω‖₁=6.542300e-02
  λ=2.074e+00 | Epoch 980 | lr=2.5000e-04 | Recon MSE=4.295730e-05 | ‖ω‖₁=6.549373e-02
  λ=2.074e+00 | Epoch 990 | lr=2.5000e-04 | Recon MSE=4.373781e-05 | ‖ω‖₁=6.557787e-02
  λ=2.074e+00 | Epoch 1000 | lr=2.5000e-04 | Recon MSE=3.989977e-05 | ‖ω‖₁=6.508956e-02
  λ=2.074e+00 | Epoch 1010 | lr=2.5000e-04 | Recon MSE=3.997194e-05 | ‖ω‖₁=6.445875e-02
  λ=2.074e+00 | Epoch 1020 | lr=2.5000e-04 | Recon MSE=4.099625e-05 | ‖ω‖₁=6.439395e-02
  λ=2.074e+00 | Epoch 1030 | lr=2.5000e-04 | Recon MSE=4.195266e-05 | ‖ω‖₁=6.410457e-02
  λ=2.074e+00 | Epoch 1040 | lr=2.5000e-04 | Recon MSE=3.829722e-05 | ‖ω‖₁=6.335455e-02
  λ=2.074e+00 | Epoch 1050 | lr=2.5000e-04 | Recon MSE=3.980434e-05 | ‖ω‖₁=6.273336e-02
  λ=2.074e+00 | Epoch 1060 | lr=2.5000e-04 | Recon MSE=4.027407e-05 | ‖ω‖₁=6.279597e-02
  λ=2.074e+00 | Epoch 1070 | lr=2.5000e-04 | Recon MSE=4.302489e-05 | ‖ω‖₁=6.293944e-02
  λ=2.074e+00 | Epoch 1080 | lr=2.5000e-04 | Recon MSE=4.126115e-05 | ‖ω‖₁=6.274373e-02
  λ=2.074e+00 | Epoch 1090 | lr=2.5000e-04 | Recon MSE=4.019878e-05 | ‖ω‖₁=6.245066e-02
  λ=2.074e+00 | Epoch 1100 | lr=2.5000e-04 | Recon MSE=4.161410e-05 | ‖ω‖₁=6.237452e-02
  λ=2.074e+00 | Epoch 1110 | lr=2.5000e-04 | Recon MSE=3.965793e-05 | ‖ω‖₁=6.176710e-02
  λ=2.074e+00 | Epoch 1120 | lr=2.5000e-04 | Recon MSE=3.789525e-05 | ‖ω‖₁=6.203337e-02
  λ=2.074e+00 | Epoch 1130 | lr=2.5000e-04 | Recon MSE=4.018596e-05 | ‖ω‖₁=6.150397e-02
  λ=2.074e+00 | Epoch 1140 | lr=2.5000e-04 | Recon MSE=4.134766e-05 | ‖ω‖₁=6.190070e-02
  λ=2.074e+00 | Epoch 1150 | lr=2.5000e-04 | Recon MSE=3.997503e-05 | ‖ω‖₁=6.099627e-02
  λ=2.074e+00 | Epoch 1160 | lr=2.5000e-04 | Recon MSE=3.870791e-05 | ‖ω‖₁=6.136928e-02
  λ=2.074e+00 | Epoch 1170 | lr=2.5000e-04 | Recon MSE=4.180565e-05 | ‖ω‖₁=6.147331e-02
  λ=2.074e+00 | Epoch 1180 | lr=2.5000e-04 | Recon MSE=3.582898e-05 | ‖ω‖₁=6.091883e-02
  λ=2.074e+00 | Epoch 1190 | lr=2.5000e-04 | Recon MSE=4.212918e-05 | ‖ω‖₁=6.080260e-02
  λ=2.074e+00 | Epoch 1200 | lr=1.2500e-04 | Recon MSE=4.194957e-05 | ‖ω‖₁=6.098583e-02
  λ=2.074e+00 | Epoch 1210 | lr=1.2500e-04 | Recon MSE=3.543594e-05 | ‖ω‖₁=6.030206e-02
  λ=2.074e+00 | Epoch 1220 | lr=1.2500e-04 | Recon MSE=3.879261e-05 | ‖ω‖₁=6.023604e-02
  λ=2.074e+00 | Epoch 1230 | lr=1.2500e-04 | Recon MSE=3.618363e-05 | ‖ω‖₁=6.020631e-02
  λ=2.074e+00 | Epoch 1240 | lr=1.2500e-04 | Recon MSE=3.919565e-05 | ‖ω‖₁=6.034542e-02
  λ=2.074e+00 | Epoch 1250 | lr=1.2500e-04 | Recon MSE=4.143214e-05 | ‖ω‖₁=6.011997e-02
  λ=2.074e+00 | Epoch 1260 | lr=1.2500e-04 | Recon MSE=3.816982e-05 | ‖ω‖₁=6.013166e-02
  λ=2.074e+00 | Epoch 1270 | lr=1.2500e-04 | Recon MSE=3.774496e-05 | ‖ω‖₁=6.020875e-02
  λ=2.074e+00 | Epoch 1280 | lr=1.2500e-04 | Recon MSE=3.876104e-05 | ‖ω‖₁=6.000510e-02
  λ=2.074e+00 | Epoch 1290 | lr=1.2500e-04 | Recon MSE=3.693211e-05 | ‖ω‖₁=6.022847e-02
  λ=2.074e+00 | Epoch 1300 | lr=1.2500e-04 | Recon MSE=4.048088e-05 | ‖ω‖₁=5.984125e-02
  λ=2.074e+00 | Epoch 1310 | lr=1.2500e-04 | Recon MSE=4.096610e-05 | ‖ω‖₁=6.008236e-02
  λ=2.074e+00 | Epoch 1320 | lr=1.2500e-04 | Recon MSE=4.036623e-05 | ‖ω‖₁=6.048848e-02
  λ=2.074e+00 | Epoch 1330 | lr=1.2500e-04 | Recon MSE=3.990597e-05 | ‖ω‖₁=6.018396e-02
  λ=2.074e+00 | Epoch 1340 | lr=1.2500e-04 | Recon MSE=4.010527e-05 | ‖ω‖₁=6.004475e-02
  λ=2.074e+00 | Epoch 1350 | lr=1.2500e-04 | Recon MSE=4.206045e-05 | ‖ω‖₁=5.960179e-02
  λ=2.074e+00 | Epoch 1360 | lr=1.2500e-04 | Recon MSE=3.920210e-05 | ‖ω‖₁=5.948576e-02
  λ=2.074e+00 | Epoch 1370 | lr=1.2500e-04 | Recon MSE=3.670502e-05 | ‖ω‖₁=5.935773e-02
  λ=2.074e+00 | Epoch 1380 | lr=1.2500e-04 | Recon MSE=3.780542e-05 | ‖ω‖₁=5.930005e-02
  λ=2.074e+00 | Epoch 1390 | lr=1.2500e-04 | Recon MSE=3.835289e-05 | ‖ω‖₁=5.920899e-02
  λ=2.074e+00 | Epoch 1400 | lr=1.2500e-04 | Recon MSE=4.129600e-05 | ‖ω‖₁=5.897844e-02
  λ=2.074e+00 | Epoch 1410 | lr=1.2500e-04 | Recon MSE=3.741090e-05 | ‖ω‖₁=5.882086e-02
  λ=2.074e+00 | Epoch 1420 | lr=1.2500e-04 | Recon MSE=3.852987e-05 | ‖ω‖₁=5.867148e-02
  λ=2.074e+00 | Epoch 1430 | lr=1.2500e-04 | Recon MSE=3.867465e-05 | ‖ω‖₁=5.857155e-02
  λ=2.074e+00 | Epoch 1440 | lr=1.2500e-04 | Recon MSE=3.892026e-05 | ‖ω‖₁=5.846161e-02
  λ=2.074e+00 | Epoch 1450 | lr=1.2500e-04 | Recon MSE=3.950188e-05 | ‖ω‖₁=5.800766e-02
  λ=2.074e+00 | Epoch 1460 | lr=1.2500e-04 | Recon MSE=3.795745e-05 | ‖ω‖₁=5.781189e-02
  λ=2.074e+00 | Epoch 1470 | lr=1.2500e-04 | Recon MSE=3.992023e-05 | ‖ω‖₁=5.747152e-02
  λ=2.074e+00 | Epoch 1480 | lr=1.2500e-04 | Recon MSE=3.744645e-05 | ‖ω‖₁=5.761168e-02
  λ=2.074e+00 | Epoch 1490 | lr=1.2500e-04 | Recon MSE=4.048559e-05 | ‖ω‖₁=5.742258e-02
  λ=2.074e+00 | Epoch 1500 | lr=1.2500e-04 | Recon MSE=3.764218e-05 | ‖ω‖₁=5.743428e-02
  λ=2.074e+00 | Epoch 1510 | lr=1.2500e-04 | Recon MSE=3.842075e-05 | ‖ω‖₁=5.733698e-02
  λ=2.074e+00 | Epoch 1520 | lr=1.2500e-04 | Recon MSE=4.414350e-05 | ‖ω‖₁=5.720422e-02
  λ=2.074e+00 | Epoch 1530 | lr=1.2500e-04 | Recon MSE=3.504131e-05 | ‖ω‖₁=5.732369e-02
  λ=2.074e+00 | Epoch 1540 | lr=1.2500e-04 | Recon MSE=3.770629e-05 | ‖ω‖₁=5.710561e-02
  λ=2.074e+00 | Epoch 1550 | lr=1.2500e-04 | Recon MSE=4.034536e-05 | ‖ω‖₁=5.667180e-02
  λ=2.074e+00 | Epoch 1560 | lr=1.2500e-04 | Recon MSE=3.481707e-05 | ‖ω‖₁=5.636174e-02
  λ=2.074e+00 | Epoch 1570 | lr=1.2500e-04 | Recon MSE=3.840352e-05 | ‖ω‖₁=5.627953e-02
  λ=2.074e+00 | Epoch 1580 | lr=1.2500e-04 | Recon MSE=3.982102e-05 | ‖ω‖₁=5.610626e-02
  λ=2.074e+00 | Epoch 1590 | lr=1.2500e-04 | Recon MSE=3.921979e-05 | ‖ω‖₁=5.597446e-02
  λ=2.074e+00 | Epoch 1600 | lr=6.2500e-05 | Recon MSE=3.964081e-05 | ‖ω‖₁=5.592219e-02
  λ=2.074e+00 | Epoch 1610 | lr=6.2500e-05 | Recon MSE=3.870321e-05 | ‖ω‖₁=5.592964e-02
  λ=2.074e+00 | Epoch 1620 | lr=6.2500e-05 | Recon MSE=3.905632e-05 | ‖ω‖₁=5.584510e-02
  λ=2.074e+00 | Epoch 1630 | lr=6.2500e-05 | Recon MSE=3.916483e-05 | ‖ω‖₁=5.580918e-02
  λ=2.074e+00 | Epoch 1640 | lr=6.2500e-05 | Recon MSE=4.091912e-05 | ‖ω‖₁=5.570892e-02
  λ=2.074e+00 | Epoch 1650 | lr=6.2500e-05 | Recon MSE=3.718680e-05 | ‖ω‖₁=5.564616e-02
  λ=2.074e+00 | Epoch 1660 | lr=6.2500e-05 | Recon MSE=3.817772e-05 | ‖ω‖₁=5.555915e-02
  λ=2.074e+00 | Epoch 1670 | lr=6.2500e-05 | Recon MSE=3.795696e-05 | ‖ω‖₁=5.555627e-02
  λ=2.074e+00 | Epoch 1680 | lr=6.2500e-05 | Recon MSE=3.883898e-05 | ‖ω‖₁=5.541808e-02
  λ=2.074e+00 | Epoch 1690 | lr=6.2500e-05 | Recon MSE=3.930245e-05 | ‖ω‖₁=5.528512e-02
  λ=2.074e+00 | Epoch 1700 | lr=6.2500e-05 | Recon MSE=3.993952e-05 | ‖ω‖₁=5.536123e-02
  λ=2.074e+00 | Epoch 1710 | lr=6.2500e-05 | Recon MSE=3.812390e-05 | ‖ω‖₁=5.515339e-02
  λ=2.074e+00 | Epoch 1720 | lr=6.2500e-05 | Recon MSE=3.701196e-05 | ‖ω‖₁=5.505675e-02
  λ=2.074e+00 | Epoch 1730 | lr=6.2500e-05 | Recon MSE=3.876845e-05 | ‖ω‖₁=5.497381e-02
  λ=2.074e+00 | Epoch 1740 | lr=6.2500e-05 | Recon MSE=3.625240e-05 | ‖ω‖₁=5.486955e-02
  λ=2.074e+00 | Epoch 1750 | lr=6.2500e-05 | Recon MSE=4.128192e-05 | ‖ω‖₁=5.502295e-02
  λ=2.074e+00 | Epoch 1760 | lr=6.2500e-05 | Recon MSE=3.973142e-05 | ‖ω‖₁=5.491188e-02
  λ=2.074e+00 | Epoch 1770 | lr=6.2500e-05 | Recon MSE=3.775640e-05 | ‖ω‖₁=5.489398e-02
  λ=2.074e+00 | Epoch 1780 | lr=6.2500e-05 | Recon MSE=3.877350e-05 | ‖ω‖₁=5.503416e-02
  λ=2.074e+00 | Epoch 1790 | lr=6.2500e-05 | Recon MSE=3.876739e-05 | ‖ω‖₁=5.495402e-02
  λ=2.074e+00 | Epoch 1800 | lr=6.2500e-05 | Recon MSE=3.689355e-05 | ‖ω‖₁=5.487282e-02
  λ=2.074e+00 | Epoch 1810 | lr=6.2500e-05 | Recon MSE=3.990072e-05 | ‖ω‖₁=5.491985e-02
  λ=2.074e+00 | Epoch 1820 | lr=6.2500e-05 | Recon MSE=3.811683e-05 | ‖ω‖₁=5.487804e-02
  λ=2.074e+00 | Epoch 1830 | lr=6.2500e-05 | Recon MSE=3.819164e-05 | ‖ω‖₁=5.492171e-02
  λ=2.074e+00 | Epoch 1840 | lr=6.2500e-05 | Recon MSE=4.036578e-05 | ‖ω‖₁=5.483283e-02
  λ=2.074e+00 | Epoch 1850 | lr=6.2500e-05 | Recon MSE=3.787599e-05 | ‖ω‖₁=5.483883e-02
  λ=2.074e+00 | Epoch 1860 | lr=6.2500e-05 | Recon MSE=4.102445e-05 | ‖ω‖₁=5.483240e-02
  λ=2.074e+00 | Epoch 1870 | lr=6.2500e-05 | Recon MSE=3.939348e-05 | ‖ω‖₁=5.481106e-02
  λ=2.074e+00 | Epoch 1880 | lr=6.2500e-05 | Recon MSE=3.837955e-05 | ‖ω‖₁=5.481360e-02
  λ=2.074e+00 | Epoch 1890 | lr=6.2500e-05 | Recon MSE=3.992151e-05 | ‖ω‖₁=5.485193e-02
  λ=2.074e+00 | Epoch 1900 | lr=6.2500e-05 | Recon MSE=3.873542e-05 | ‖ω‖₁=5.503275e-02
  λ=2.074e+00 | Epoch 1910 | lr=6.2500e-05 | Recon MSE=3.529806e-05 | ‖ω‖₁=5.491139e-02
  λ=2.074e+00 | Epoch 1920 | lr=6.2500e-05 | Recon MSE=3.702884e-05 | ‖ω‖₁=5.493532e-02
  λ=2.074e+00 | Epoch 1930 | lr=6.2500e-05 | Recon MSE=4.008922e-05 | ‖ω‖₁=5.466419e-02
  λ=2.074e+00 | Epoch 1940 | lr=6.2500e-05 | Recon MSE=3.908938e-05 | ‖ω‖₁=5.456957e-02
  λ=2.074e+00 | Epoch 1950 | lr=6.2500e-05 | Recon MSE=3.867674e-05 | ‖ω‖₁=5.459729e-02
  λ=2.074e+00 | Epoch 1960 | lr=6.2500e-05 | Recon MSE=3.891941e-05 | ‖ω‖₁=5.461607e-02
  λ=2.074e+00 | Epoch 1970 | lr=6.2500e-05 | Recon MSE=3.768455e-05 | ‖ω‖₁=5.445967e-02
  λ=2.074e+00 | Epoch 1980 | lr=6.2500e-05 | Recon MSE=4.228393e-05 | ‖ω‖₁=5.441488e-02
  λ=2.074e+00 | Epoch 1990 | lr=6.2500e-05 | Recon MSE=3.922206e-05 | ‖ω‖₁=5.425935e-02
  λ=2.074e+00 | Epoch 2000 | lr=3.1250e-05 | Recon MSE=3.610162e-05 | ‖ω‖₁=5.426518e-02
  → at λ=2.074e+00: r(λ)=5, rel_err=3.661737e-03
  → selected modes: [0, 1, 2, 3, 4]

-- Path iteration 6, λ = 2.488e+00 (r(λ) prev = 5)
  λ=2.488e+00 | Epoch   1 | lr=1.0000e-03 | Recon MSE=7.525908e-03 | ‖ω‖₁=2.876527e+01
  λ=2.488e+00 | Epoch  10 | lr=1.0000e-03 | Recon MSE=2.014877e-04 | ‖ω‖₁=7.755216e+00
  λ=2.488e+00 | Epoch  20 | lr=1.0000e-03 | Recon MSE=1.989313e-04 | ‖ω‖₁=6.144717e-01
  λ=2.488e+00 | Epoch  30 | lr=1.0000e-03 | Recon MSE=1.609053e-04 | ‖ω‖₁=4.580006e-01
  λ=2.488e+00 | Epoch  40 | lr=1.0000e-03 | Recon MSE=1.612236e-04 | ‖ω‖₁=4.234711e-01
  λ=2.488e+00 | Epoch  50 | lr=1.0000e-03 | Recon MSE=1.380746e-04 | ‖ω‖₁=4.009525e-01
  λ=2.488e+00 | Epoch  60 | lr=1.0000e-03 | Recon MSE=1.202363e-04 | ‖ω‖₁=3.842035e-01
  λ=2.488e+00 | Epoch  70 | lr=1.0000e-03 | Recon MSE=1.066477e-04 | ‖ω‖₁=3.743039e-01
  λ=2.488e+00 | Epoch  80 | lr=1.0000e-03 | Recon MSE=1.022766e-04 | ‖ω‖₁=3.644883e-01
  λ=2.488e+00 | Epoch  90 | lr=1.0000e-03 | Recon MSE=9.454244e-05 | ‖ω‖₁=3.519650e-01
  λ=2.488e+00 | Epoch 100 | lr=1.0000e-03 | Recon MSE=8.912391e-05 | ‖ω‖₁=3.407250e-01
  λ=2.488e+00 | Epoch 110 | lr=1.0000e-03 | Recon MSE=8.493190e-05 | ‖ω‖₁=3.278340e-01
  λ=2.488e+00 | Epoch 120 | lr=1.0000e-03 | Recon MSE=7.887307e-05 | ‖ω‖₁=3.154989e-01
  λ=2.488e+00 | Epoch 130 | lr=1.0000e-03 | Recon MSE=7.396849e-05 | ‖ω‖₁=3.043922e-01
  λ=2.488e+00 | Epoch 140 | lr=1.0000e-03 | Recon MSE=6.568823e-05 | ‖ω‖₁=2.914874e-01
  λ=2.488e+00 | Epoch 150 | lr=1.0000e-03 | Recon MSE=6.611189e-05 | ‖ω‖₁=2.799093e-01
  λ=2.488e+00 | Epoch 160 | lr=1.0000e-03 | Recon MSE=5.994371e-05 | ‖ω‖₁=2.649960e-01
  λ=2.488e+00 | Epoch 170 | lr=1.0000e-03 | Recon MSE=5.701943e-05 | ‖ω‖₁=2.510599e-01
  λ=2.488e+00 | Epoch 180 | lr=1.0000e-03 | Recon MSE=4.998484e-05 | ‖ω‖₁=2.387616e-01
  λ=2.488e+00 | Epoch 190 | lr=1.0000e-03 | Recon MSE=5.957150e-05 | ‖ω‖₁=2.262019e-01
  λ=2.488e+00 | Epoch 200 | lr=1.0000e-03 | Recon MSE=5.184898e-05 | ‖ω‖₁=2.151874e-01
  λ=2.488e+00 | Epoch 210 | lr=1.0000e-03 | Recon MSE=5.009109e-05 | ‖ω‖₁=2.032270e-01
  λ=2.488e+00 | Epoch 220 | lr=1.0000e-03 | Recon MSE=4.470939e-05 | ‖ω‖₁=1.919738e-01
  λ=2.488e+00 | Epoch 230 | lr=1.0000e-03 | Recon MSE=4.928151e-05 | ‖ω‖₁=1.819130e-01
  λ=2.488e+00 | Epoch 240 | lr=1.0000e-03 | Recon MSE=4.368106e-05 | ‖ω‖₁=1.720944e-01
  λ=2.488e+00 | Epoch 250 | lr=1.0000e-03 | Recon MSE=4.472324e-05 | ‖ω‖₁=1.632432e-01
  λ=2.488e+00 | Epoch 260 | lr=1.0000e-03 | Recon MSE=4.797989e-05 | ‖ω‖₁=1.547057e-01
  λ=2.488e+00 | Epoch 270 | lr=1.0000e-03 | Recon MSE=4.719232e-05 | ‖ω‖₁=1.509002e-01
  λ=2.488e+00 | Epoch 280 | lr=1.0000e-03 | Recon MSE=4.136424e-05 | ‖ω‖₁=1.427584e-01
  λ=2.488e+00 | Epoch 290 | lr=1.0000e-03 | Recon MSE=4.083621e-05 | ‖ω‖₁=1.364333e-01
  λ=2.488e+00 | Epoch 300 | lr=1.0000e-03 | Recon MSE=4.593796e-05 | ‖ω‖₁=1.312028e-01
  λ=2.488e+00 | Epoch 310 | lr=1.0000e-03 | Recon MSE=4.304163e-05 | ‖ω‖₁=1.239428e-01
  λ=2.488e+00 | Epoch 320 | lr=1.0000e-03 | Recon MSE=4.252031e-05 | ‖ω‖₁=1.171669e-01
  λ=2.488e+00 | Epoch 330 | lr=1.0000e-03 | Recon MSE=4.393224e-05 | ‖ω‖₁=1.124427e-01
  λ=2.488e+00 | Epoch 340 | lr=1.0000e-03 | Recon MSE=4.347489e-05 | ‖ω‖₁=1.045379e-01
  λ=2.488e+00 | Epoch 350 | lr=1.0000e-03 | Recon MSE=5.147196e-05 | ‖ω‖₁=9.623029e-02
  λ=2.488e+00 | Epoch 360 | lr=1.0000e-03 | Recon MSE=4.705126e-05 | ‖ω‖₁=9.373882e-02
  λ=2.488e+00 | Epoch 370 | lr=1.0000e-03 | Recon MSE=4.999002e-05 | ‖ω‖₁=8.875734e-02
  λ=2.488e+00 | Epoch 380 | lr=1.0000e-03 | Recon MSE=4.687794e-05 | ‖ω‖₁=8.299385e-02
  λ=2.488e+00 | Epoch 390 | lr=1.0000e-03 | Recon MSE=5.990922e-05 | ‖ω‖₁=7.976637e-02
  λ=2.488e+00 | Epoch 400 | lr=5.0000e-04 | Recon MSE=4.368806e-05 | ‖ω‖₁=7.622541e-02
  λ=2.488e+00 | Epoch 410 | lr=5.0000e-04 | Recon MSE=4.225461e-05 | ‖ω‖₁=7.577898e-02
  λ=2.488e+00 | Epoch 420 | lr=5.0000e-04 | Recon MSE=4.215738e-05 | ‖ω‖₁=7.456612e-02
  λ=2.488e+00 | Epoch 430 | lr=5.0000e-04 | Recon MSE=3.779097e-05 | ‖ω‖₁=7.435501e-02
  λ=2.488e+00 | Epoch 440 | lr=5.0000e-04 | Recon MSE=4.002404e-05 | ‖ω‖₁=7.392076e-02
  λ=2.488e+00 | Epoch 450 | lr=5.0000e-04 | Recon MSE=4.406433e-05 | ‖ω‖₁=7.376983e-02
  λ=2.488e+00 | Epoch 460 | lr=5.0000e-04 | Recon MSE=3.981788e-05 | ‖ω‖₁=7.433655e-02
  λ=2.488e+00 | Epoch 470 | lr=5.0000e-04 | Recon MSE=4.061701e-05 | ‖ω‖₁=7.388991e-02
  λ=2.488e+00 | Epoch 480 | lr=5.0000e-04 | Recon MSE=4.263704e-05 | ‖ω‖₁=7.348004e-02
  λ=2.488e+00 | Epoch 490 | lr=5.0000e-04 | Recon MSE=4.132818e-05 | ‖ω‖₁=7.221569e-02
  λ=2.488e+00 | Epoch 500 | lr=5.0000e-04 | Recon MSE=4.059971e-05 | ‖ω‖₁=7.094679e-02
  λ=2.488e+00 | Epoch 510 | lr=5.0000e-04 | Recon MSE=4.047205e-05 | ‖ω‖₁=7.041677e-02
  λ=2.488e+00 | Epoch 520 | lr=5.0000e-04 | Recon MSE=4.114627e-05 | ‖ω‖₁=7.056836e-02
  λ=2.488e+00 | Epoch 530 | lr=5.0000e-04 | Recon MSE=4.159870e-05 | ‖ω‖₁=7.149183e-02
  λ=2.488e+00 | Epoch 540 | lr=5.0000e-04 | Recon MSE=3.894739e-05 | ‖ω‖₁=7.173209e-02
  λ=2.488e+00 | Epoch 550 | lr=5.0000e-04 | Recon MSE=4.503153e-05 | ‖ω‖₁=7.067863e-02
  λ=2.488e+00 | Epoch 560 | lr=5.0000e-04 | Recon MSE=3.886746e-05 | ‖ω‖₁=7.147442e-02
  λ=2.488e+00 | Epoch 570 | lr=5.0000e-04 | Recon MSE=4.164573e-05 | ‖ω‖₁=7.073535e-02
  λ=2.488e+00 | Epoch 580 | lr=5.0000e-04 | Recon MSE=4.030638e-05 | ‖ω‖₁=7.028358e-02
  λ=2.488e+00 | Epoch 590 | lr=5.0000e-04 | Recon MSE=3.976112e-05 | ‖ω‖₁=6.933173e-02
  λ=2.488e+00 | Epoch 600 | lr=5.0000e-04 | Recon MSE=3.767991e-05 | ‖ω‖₁=6.843113e-02
  λ=2.488e+00 | Epoch 610 | lr=5.0000e-04 | Recon MSE=3.834296e-05 | ‖ω‖₁=6.789736e-02
  λ=2.488e+00 | Epoch 620 | lr=5.0000e-04 | Recon MSE=3.839358e-05 | ‖ω‖₁=6.797925e-02
  λ=2.488e+00 | Epoch 630 | lr=5.0000e-04 | Recon MSE=4.014851e-05 | ‖ω‖₁=6.606033e-02
  λ=2.488e+00 | Epoch 640 | lr=5.0000e-04 | Recon MSE=4.016381e-05 | ‖ω‖₁=6.500752e-02
  λ=2.488e+00 | Epoch 650 | lr=5.0000e-04 | Recon MSE=4.063996e-05 | ‖ω‖₁=6.467514e-02
  λ=2.488e+00 | Epoch 660 | lr=5.0000e-04 | Recon MSE=4.198462e-05 | ‖ω‖₁=6.540842e-02
  λ=2.488e+00 | Epoch 670 | lr=5.0000e-04 | Recon MSE=4.024468e-05 | ‖ω‖₁=6.471289e-02
  λ=2.488e+00 | Epoch 680 | lr=5.0000e-04 | Recon MSE=4.113366e-05 | ‖ω‖₁=6.434560e-02
  λ=2.488e+00 | Epoch 690 | lr=5.0000e-04 | Recon MSE=3.980980e-05 | ‖ω‖₁=6.515886e-02
  λ=2.488e+00 | Epoch 700 | lr=5.0000e-04 | Recon MSE=3.966495e-05 | ‖ω‖₁=6.495739e-02
  λ=2.488e+00 | Epoch 710 | lr=5.0000e-04 | Recon MSE=4.433871e-05 | ‖ω‖₁=6.371762e-02
  λ=2.488e+00 | Epoch 720 | lr=5.0000e-04 | Recon MSE=4.060878e-05 | ‖ω‖₁=6.386261e-02
  λ=2.488e+00 | Epoch 730 | lr=5.0000e-04 | Recon MSE=3.968444e-05 | ‖ω‖₁=6.372958e-02
  λ=2.488e+00 | Epoch 740 | lr=5.0000e-04 | Recon MSE=3.720438e-05 | ‖ω‖₁=6.374515e-02
  λ=2.488e+00 | Epoch 750 | lr=5.0000e-04 | Recon MSE=4.110677e-05 | ‖ω‖₁=6.295485e-02
  λ=2.488e+00 | Epoch 760 | lr=5.0000e-04 | Recon MSE=3.747685e-05 | ‖ω‖₁=6.367504e-02
  λ=2.488e+00 | Epoch 770 | lr=5.0000e-04 | Recon MSE=4.327423e-05 | ‖ω‖₁=6.431631e-02
  λ=2.488e+00 | Epoch 780 | lr=5.0000e-04 | Recon MSE=3.905696e-05 | ‖ω‖₁=6.337014e-02
  λ=2.488e+00 | Epoch 790 | lr=5.0000e-04 | Recon MSE=4.466550e-05 | ‖ω‖₁=6.188903e-02
  λ=2.488e+00 | Epoch 800 | lr=2.5000e-04 | Recon MSE=4.289017e-05 | ‖ω‖₁=6.054944e-02
  λ=2.488e+00 | Epoch 810 | lr=2.5000e-04 | Recon MSE=3.750457e-05 | ‖ω‖₁=6.032304e-02
  λ=2.488e+00 | Epoch 820 | lr=2.5000e-04 | Recon MSE=4.062131e-05 | ‖ω‖₁=6.041051e-02
  λ=2.488e+00 | Epoch 830 | lr=2.5000e-04 | Recon MSE=4.036513e-05 | ‖ω‖₁=6.070601e-02
  λ=2.488e+00 | Epoch 840 | lr=2.5000e-04 | Recon MSE=3.965520e-05 | ‖ω‖₁=6.005663e-02
  λ=2.488e+00 | Epoch 850 | lr=2.5000e-04 | Recon MSE=4.024624e-05 | ‖ω‖₁=6.008772e-02
  λ=2.488e+00 | Epoch 860 | lr=2.5000e-04 | Recon MSE=3.954579e-05 | ‖ω‖₁=6.021443e-02
  λ=2.488e+00 | Epoch 870 | lr=2.5000e-04 | Recon MSE=4.153532e-05 | ‖ω‖₁=5.971342e-02
  λ=2.488e+00 | Epoch 880 | lr=2.5000e-04 | Recon MSE=4.126651e-05 | ‖ω‖₁=5.915884e-02
  λ=2.488e+00 | Epoch 890 | lr=2.5000e-04 | Recon MSE=4.008739e-05 | ‖ω‖₁=5.833858e-02
  λ=2.488e+00 | Epoch 900 | lr=2.5000e-04 | Recon MSE=4.108506e-05 | ‖ω‖₁=5.837492e-02
  λ=2.488e+00 | Epoch 910 | lr=2.5000e-04 | Recon MSE=4.230183e-05 | ‖ω‖₁=5.795633e-02
  λ=2.488e+00 | Epoch 920 | lr=2.5000e-04 | Recon MSE=4.212596e-05 | ‖ω‖₁=5.842688e-02
  λ=2.488e+00 | Epoch 930 | lr=2.5000e-04 | Recon MSE=4.106154e-05 | ‖ω‖₁=5.795195e-02
  λ=2.488e+00 | Epoch 940 | lr=2.5000e-04 | Recon MSE=4.011074e-05 | ‖ω‖₁=5.774704e-02
  λ=2.488e+00 | Epoch 950 | lr=2.5000e-04 | Recon MSE=4.107490e-05 | ‖ω‖₁=5.809379e-02
  λ=2.488e+00 | Epoch 960 | lr=2.5000e-04 | Recon MSE=3.872493e-05 | ‖ω‖₁=5.713295e-02
  λ=2.488e+00 | Epoch 970 | lr=2.5000e-04 | Recon MSE=3.928964e-05 | ‖ω‖₁=5.726236e-02
  λ=2.488e+00 | Epoch 980 | lr=2.5000e-04 | Recon MSE=4.166350e-05 | ‖ω‖₁=5.728758e-02
  λ=2.488e+00 | Epoch 990 | lr=2.5000e-04 | Recon MSE=3.884507e-05 | ‖ω‖₁=5.696138e-02
  λ=2.488e+00 | Epoch 1000 | lr=2.5000e-04 | Recon MSE=3.764429e-05 | ‖ω‖₁=5.693927e-02
  λ=2.488e+00 | Epoch 1010 | lr=2.5000e-04 | Recon MSE=3.750801e-05 | ‖ω‖₁=5.690897e-02
  λ=2.488e+00 | Epoch 1020 | lr=2.5000e-04 | Recon MSE=4.262634e-05 | ‖ω‖₁=5.654664e-02
  λ=2.488e+00 | Epoch 1030 | lr=2.5000e-04 | Recon MSE=4.350994e-05 | ‖ω‖₁=5.638367e-02
  λ=2.488e+00 | Epoch 1040 | lr=2.5000e-04 | Recon MSE=4.201211e-05 | ‖ω‖₁=5.656558e-02
  λ=2.488e+00 | Epoch 1050 | lr=2.5000e-04 | Recon MSE=3.932233e-05 | ‖ω‖₁=5.618440e-02
  λ=2.488e+00 | Epoch 1060 | lr=2.5000e-04 | Recon MSE=3.954705e-05 | ‖ω‖₁=5.536179e-02
  λ=2.488e+00 | Epoch 1070 | lr=2.5000e-04 | Recon MSE=4.071647e-05 | ‖ω‖₁=5.510069e-02
  λ=2.488e+00 | Epoch 1080 | lr=2.5000e-04 | Recon MSE=4.351606e-05 | ‖ω‖₁=5.502359e-02
  λ=2.488e+00 | Epoch 1090 | lr=2.5000e-04 | Recon MSE=3.434147e-05 | ‖ω‖₁=5.504473e-02
  λ=2.488e+00 | Epoch 1100 | lr=2.5000e-04 | Recon MSE=3.960951e-05 | ‖ω‖₁=5.528831e-02
  λ=2.488e+00 | Epoch 1110 | lr=2.5000e-04 | Recon MSE=3.937341e-05 | ‖ω‖₁=5.507867e-02
  λ=2.488e+00 | Epoch 1120 | lr=2.5000e-04 | Recon MSE=4.039400e-05 | ‖ω‖₁=5.390507e-02
  λ=2.488e+00 | Epoch 1130 | lr=2.5000e-04 | Recon MSE=4.060627e-05 | ‖ω‖₁=5.389631e-02
  λ=2.488e+00 | Epoch 1140 | lr=2.5000e-04 | Recon MSE=3.888779e-05 | ‖ω‖₁=5.416443e-02
  λ=2.488e+00 | Epoch 1150 | lr=2.5000e-04 | Recon MSE=3.662492e-05 | ‖ω‖₁=5.401275e-02
  λ=2.488e+00 | Epoch 1160 | lr=2.5000e-04 | Recon MSE=3.969402e-05 | ‖ω‖₁=5.413745e-02
  λ=2.488e+00 | Epoch 1170 | lr=2.5000e-04 | Recon MSE=3.887131e-05 | ‖ω‖₁=5.363673e-02
  λ=2.488e+00 | Epoch 1180 | lr=2.5000e-04 | Recon MSE=4.785619e-05 | ‖ω‖₁=5.389622e-02
  λ=2.488e+00 | Epoch 1190 | lr=2.5000e-04 | Recon MSE=3.846224e-05 | ‖ω‖₁=5.392281e-02
  λ=2.488e+00 | Epoch 1200 | lr=1.2500e-04 | Recon MSE=4.393544e-05 | ‖ω‖₁=5.356856e-02
  λ=2.488e+00 | Epoch 1210 | lr=1.2500e-04 | Recon MSE=3.902955e-05 | ‖ω‖₁=5.330992e-02
  λ=2.488e+00 | Epoch 1220 | lr=1.2500e-04 | Recon MSE=4.060079e-05 | ‖ω‖₁=5.297746e-02
  λ=2.488e+00 | Epoch 1230 | lr=1.2500e-04 | Recon MSE=4.085941e-05 | ‖ω‖₁=5.298644e-02
  λ=2.488e+00 | Epoch 1240 | lr=1.2500e-04 | Recon MSE=3.798485e-05 | ‖ω‖₁=5.288243e-02
  λ=2.488e+00 | Epoch 1250 | lr=1.2500e-04 | Recon MSE=4.129859e-05 | ‖ω‖₁=5.270310e-02
  λ=2.488e+00 | Epoch 1260 | lr=1.2500e-04 | Recon MSE=3.912280e-05 | ‖ω‖₁=5.266533e-02
  λ=2.488e+00 | Epoch 1270 | lr=1.2500e-04 | Recon MSE=3.774534e-05 | ‖ω‖₁=5.258400e-02
  λ=2.488e+00 | Epoch 1280 | lr=1.2500e-04 | Recon MSE=4.104135e-05 | ‖ω‖₁=5.276390e-02
  λ=2.488e+00 | Epoch 1290 | lr=1.2500e-04 | Recon MSE=3.974119e-05 | ‖ω‖₁=5.308905e-02
  λ=2.488e+00 | Epoch 1300 | lr=1.2500e-04 | Recon MSE=4.070856e-05 | ‖ω‖₁=5.254935e-02
  λ=2.488e+00 | Epoch 1310 | lr=1.2500e-04 | Recon MSE=3.886263e-05 | ‖ω‖₁=5.262264e-02
  λ=2.488e+00 | Epoch 1320 | lr=1.2500e-04 | Recon MSE=3.942551e-05 | ‖ω‖₁=5.274335e-02
  λ=2.488e+00 | Epoch 1330 | lr=1.2500e-04 | Recon MSE=4.019782e-05 | ‖ω‖₁=5.307790e-02
  λ=2.488e+00 | Epoch 1340 | lr=1.2500e-04 | Recon MSE=3.791084e-05 | ‖ω‖₁=5.278702e-02
  λ=2.488e+00 | Epoch 1350 | lr=1.2500e-04 | Recon MSE=4.002526e-05 | ‖ω‖₁=5.223788e-02
  λ=2.488e+00 | Epoch 1360 | lr=1.2500e-04 | Recon MSE=3.921208e-05 | ‖ω‖₁=5.227569e-02
  λ=2.488e+00 | Epoch 1370 | lr=1.2500e-04 | Recon MSE=3.771188e-05 | ‖ω‖₁=5.250346e-02
  λ=2.488e+00 | Epoch 1380 | lr=1.2500e-04 | Recon MSE=3.999373e-05 | ‖ω‖₁=5.235552e-02
  λ=2.488e+00 | Epoch 1390 | lr=1.2500e-04 | Recon MSE=3.982358e-05 | ‖ω‖₁=5.227152e-02
  λ=2.488e+00 | Epoch 1400 | lr=1.2500e-04 | Recon MSE=3.866596e-05 | ‖ω‖₁=5.226309e-02
  λ=2.488e+00 | Epoch 1410 | lr=1.2500e-04 | Recon MSE=3.930262e-05 | ‖ω‖₁=5.239054e-02
  λ=2.488e+00 | Epoch 1420 | lr=1.2500e-04 | Recon MSE=3.674154e-05 | ‖ω‖₁=5.216459e-02
  λ=2.488e+00 | Epoch 1430 | lr=1.2500e-04 | Recon MSE=4.154792e-05 | ‖ω‖₁=5.223930e-02
  λ=2.488e+00 | Epoch 1440 | lr=1.2500e-04 | Recon MSE=4.244748e-05 | ‖ω‖₁=5.189529e-02
  λ=2.488e+00 | Epoch 1450 | lr=1.2500e-04 | Recon MSE=3.886095e-05 | ‖ω‖₁=5.129217e-02
  λ=2.488e+00 | Epoch 1460 | lr=1.2500e-04 | Recon MSE=3.909914e-05 | ‖ω‖₁=5.100601e-02
  λ=2.488e+00 | Epoch 1470 | lr=1.2500e-04 | Recon MSE=3.802660e-05 | ‖ω‖₁=5.052450e-02
  λ=2.488e+00 | Epoch 1480 | lr=1.2500e-04 | Recon MSE=3.591546e-05 | ‖ω‖₁=5.063074e-02
  λ=2.488e+00 | Epoch 1490 | lr=1.2500e-04 | Recon MSE=3.923130e-05 | ‖ω‖₁=5.066122e-02
  λ=2.488e+00 | Epoch 1500 | lr=1.2500e-04 | Recon MSE=3.589604e-05 | ‖ω‖₁=5.062979e-02
  λ=2.488e+00 | Epoch 1510 | lr=1.2500e-04 | Recon MSE=4.259664e-05 | ‖ω‖₁=5.049412e-02
  λ=2.488e+00 | Epoch 1520 | lr=1.2500e-04 | Recon MSE=3.686888e-05 | ‖ω‖₁=5.014092e-02
  λ=2.488e+00 | Epoch 1530 | lr=1.2500e-04 | Recon MSE=3.810069e-05 | ‖ω‖₁=5.042611e-02
  λ=2.488e+00 | Epoch 1540 | lr=1.2500e-04 | Recon MSE=4.354874e-05 | ‖ω‖₁=5.058112e-02
  λ=2.488e+00 | Epoch 1550 | lr=1.2500e-04 | Recon MSE=4.130379e-05 | ‖ω‖₁=5.015927e-02
  λ=2.488e+00 | Epoch 1560 | lr=1.2500e-04 | Recon MSE=3.894070e-05 | ‖ω‖₁=4.967689e-02
  λ=2.488e+00 | Epoch 1570 | lr=1.2500e-04 | Recon MSE=3.789797e-05 | ‖ω‖₁=4.954326e-02
  λ=2.488e+00 | Epoch 1580 | lr=1.2500e-04 | Recon MSE=3.676821e-05 | ‖ω‖₁=4.937138e-02
  λ=2.488e+00 | Epoch 1590 | lr=1.2500e-04 | Recon MSE=3.749243e-05 | ‖ω‖₁=4.941490e-02
  λ=2.488e+00 | Epoch 1600 | lr=6.2500e-05 | Recon MSE=4.094331e-05 | ‖ω‖₁=4.978816e-02
  λ=2.488e+00 | Epoch 1610 | lr=6.2500e-05 | Recon MSE=3.941411e-05 | ‖ω‖₁=4.956409e-02
  λ=2.488e+00 | Epoch 1620 | lr=6.2500e-05 | Recon MSE=3.909783e-05 | ‖ω‖₁=4.984679e-02
  λ=2.488e+00 | Epoch 1630 | lr=6.2500e-05 | Recon MSE=3.756540e-05 | ‖ω‖₁=4.985885e-02
  λ=2.488e+00 | Epoch 1640 | lr=6.2500e-05 | Recon MSE=4.090668e-05 | ‖ω‖₁=4.978125e-02
  λ=2.488e+00 | Epoch 1650 | lr=6.2500e-05 | Recon MSE=3.705459e-05 | ‖ω‖₁=4.998923e-02
  λ=2.488e+00 | Epoch 1660 | lr=6.2500e-05 | Recon MSE=4.076393e-05 | ‖ω‖₁=4.976134e-02
  λ=2.488e+00 | Epoch 1670 | lr=6.2500e-05 | Recon MSE=3.562500e-05 | ‖ω‖₁=4.971347e-02
  λ=2.488e+00 | Epoch 1680 | lr=6.2500e-05 | Recon MSE=3.922701e-05 | ‖ω‖₁=4.975736e-02
  λ=2.488e+00 | Epoch 1690 | lr=6.2500e-05 | Recon MSE=3.924532e-05 | ‖ω‖₁=4.970490e-02
  λ=2.488e+00 | Epoch 1700 | lr=6.2500e-05 | Recon MSE=4.029071e-05 | ‖ω‖₁=4.967682e-02
  λ=2.488e+00 | Epoch 1710 | lr=6.2500e-05 | Recon MSE=3.663510e-05 | ‖ω‖₁=4.985743e-02
  λ=2.488e+00 | Epoch 1720 | lr=6.2500e-05 | Recon MSE=3.734650e-05 | ‖ω‖₁=5.007124e-02
  λ=2.488e+00 | Epoch 1730 | lr=6.2500e-05 | Recon MSE=3.707633e-05 | ‖ω‖₁=5.000131e-02
  λ=2.488e+00 | Epoch 1740 | lr=6.2500e-05 | Recon MSE=3.953468e-05 | ‖ω‖₁=4.984045e-02
  λ=2.488e+00 | Epoch 1750 | lr=6.2500e-05 | Recon MSE=3.821822e-05 | ‖ω‖₁=4.972725e-02
  λ=2.488e+00 | Epoch 1760 | lr=6.2500e-05 | Recon MSE=4.122295e-05 | ‖ω‖₁=4.968397e-02
  λ=2.488e+00 | Epoch 1770 | lr=6.2500e-05 | Recon MSE=3.922316e-05 | ‖ω‖₁=4.940554e-02
  λ=2.488e+00 | Epoch 1780 | lr=6.2500e-05 | Recon MSE=3.846606e-05 | ‖ω‖₁=4.940640e-02
  λ=2.488e+00 | Epoch 1790 | lr=6.2500e-05 | Recon MSE=3.647506e-05 | ‖ω‖₁=4.951364e-02
  λ=2.488e+00 | Epoch 1800 | lr=6.2500e-05 | Recon MSE=3.997049e-05 | ‖ω‖₁=4.937557e-02
  λ=2.488e+00 | Epoch 1810 | lr=6.2500e-05 | Recon MSE=3.947366e-05 | ‖ω‖₁=4.945746e-02
  λ=2.488e+00 | Epoch 1820 | lr=6.2500e-05 | Recon MSE=4.041516e-05 | ‖ω‖₁=4.946302e-02
  λ=2.488e+00 | Epoch 1830 | lr=6.2500e-05 | Recon MSE=3.972104e-05 | ‖ω‖₁=4.925536e-02
  λ=2.488e+00 | Epoch 1840 | lr=6.2500e-05 | Recon MSE=4.004242e-05 | ‖ω‖₁=4.919418e-02
  λ=2.488e+00 | Epoch 1850 | lr=6.2500e-05 | Recon MSE=4.069893e-05 | ‖ω‖₁=4.900016e-02
  λ=2.488e+00 | Epoch 1860 | lr=6.2500e-05 | Recon MSE=3.844593e-05 | ‖ω‖₁=4.895917e-02
  λ=2.488e+00 | Epoch 1870 | lr=6.2500e-05 | Recon MSE=3.943965e-05 | ‖ω‖₁=4.882679e-02
  λ=2.488e+00 | Epoch 1880 | lr=6.2500e-05 | Recon MSE=4.198063e-05 | ‖ω‖₁=4.888770e-02
  λ=2.488e+00 | Epoch 1890 | lr=6.2500e-05 | Recon MSE=3.912785e-05 | ‖ω‖₁=4.888972e-02
  λ=2.488e+00 | Epoch 1900 | lr=6.2500e-05 | Recon MSE=3.770218e-05 | ‖ω‖₁=4.902016e-02
  λ=2.488e+00 | Epoch 1910 | lr=6.2500e-05 | Recon MSE=4.180298e-05 | ‖ω‖₁=4.892147e-02
  λ=2.488e+00 | Epoch 1920 | lr=6.2500e-05 | Recon MSE=3.890626e-05 | ‖ω‖₁=4.895784e-02
  λ=2.488e+00 | Epoch 1930 | lr=6.2500e-05 | Recon MSE=3.830907e-05 | ‖ω‖₁=4.905256e-02
  λ=2.488e+00 | Epoch 1940 | lr=6.2500e-05 | Recon MSE=4.028874e-05 | ‖ω‖₁=4.914316e-02
  λ=2.488e+00 | Epoch 1950 | lr=6.2500e-05 | Recon MSE=3.699498e-05 | ‖ω‖₁=4.916344e-02
  λ=2.488e+00 | Epoch 1960 | lr=6.2500e-05 | Recon MSE=3.884864e-05 | ‖ω‖₁=4.886876e-02
  λ=2.488e+00 | Epoch 1970 | lr=6.2500e-05 | Recon MSE=3.907039e-05 | ‖ω‖₁=4.889647e-02
  λ=2.488e+00 | Epoch 1980 | lr=6.2500e-05 | Recon MSE=3.809271e-05 | ‖ω‖₁=4.870883e-02
  λ=2.488e+00 | Epoch 1990 | lr=6.2500e-05 | Recon MSE=3.649528e-05 | ‖ω‖₁=4.878876e-02
  λ=2.488e+00 | Epoch 2000 | lr=3.1250e-05 | Recon MSE=3.799057e-05 | ‖ω‖₁=4.882980e-02
  → at λ=2.488e+00: r(λ)=5, rel_err=2.497993e-03
  → selected modes: [0, 1, 2, 3, 4]

-- Path iteration 7, λ = 2.986e+00 (r(λ) prev = 5)
  λ=2.986e+00 | Epoch   1 | lr=1.0000e-03 | Recon MSE=5.890082e-03 | ‖ω‖₁=2.851764e+01
  λ=2.986e+00 | Epoch  10 | lr=1.0000e-03 | Recon MSE=2.096138e-04 | ‖ω‖₁=3.159431e+00
  λ=2.986e+00 | Epoch  20 | lr=1.0000e-03 | Recon MSE=1.782056e-04 | ‖ω‖₁=4.957891e-01
  λ=2.986e+00 | Epoch  30 | lr=1.0000e-03 | Recon MSE=1.443022e-04 | ‖ω‖₁=4.549953e-01
  λ=2.986e+00 | Epoch  40 | lr=1.0000e-03 | Recon MSE=1.207734e-04 | ‖ω‖₁=4.320627e-01
  λ=2.986e+00 | Epoch  50 | lr=1.0000e-03 | Recon MSE=1.088846e-04 | ‖ω‖₁=4.172829e-01
  λ=2.986e+00 | Epoch  60 | lr=1.0000e-03 | Recon MSE=8.959357e-05 | ‖ω‖₁=3.994603e-01
  λ=2.986e+00 | Epoch  70 | lr=1.0000e-03 | Recon MSE=8.697826e-05 | ‖ω‖₁=3.829008e-01
  λ=2.986e+00 | Epoch  80 | lr=1.0000e-03 | Recon MSE=7.979284e-05 | ‖ω‖₁=3.616430e-01
  λ=2.986e+00 | Epoch  90 | lr=1.0000e-03 | Recon MSE=7.316886e-05 | ‖ω‖₁=3.422134e-01
  λ=2.986e+00 | Epoch 100 | lr=1.0000e-03 | Recon MSE=6.956615e-05 | ‖ω‖₁=3.256246e-01
  λ=2.986e+00 | Epoch 110 | lr=1.0000e-03 | Recon MSE=8.325150e-05 | ‖ω‖₁=3.152790e-01
  λ=2.986e+00 | Epoch 120 | lr=1.0000e-03 | Recon MSE=6.278772e-05 | ‖ω‖₁=3.020711e-01
  λ=2.986e+00 | Epoch 130 | lr=1.0000e-03 | Recon MSE=5.698686e-05 | ‖ω‖₁=2.886469e-01
  λ=2.986e+00 | Epoch 140 | lr=1.0000e-03 | Recon MSE=6.000185e-05 | ‖ω‖₁=2.749915e-01
  λ=2.986e+00 | Epoch 150 | lr=1.0000e-03 | Recon MSE=5.365744e-05 | ‖ω‖₁=2.590169e-01
  λ=2.986e+00 | Epoch 160 | lr=1.0000e-03 | Recon MSE=5.840276e-05 | ‖ω‖₁=2.462780e-01
  λ=2.986e+00 | Epoch 170 | lr=1.0000e-03 | Recon MSE=5.034758e-05 | ‖ω‖₁=2.337002e-01
  λ=2.986e+00 | Epoch 180 | lr=1.0000e-03 | Recon MSE=5.296378e-05 | ‖ω‖₁=2.195220e-01
  λ=2.986e+00 | Epoch 190 | lr=1.0000e-03 | Recon MSE=4.915349e-05 | ‖ω‖₁=2.063050e-01
  λ=2.986e+00 | Epoch 200 | lr=1.0000e-03 | Recon MSE=4.829828e-05 | ‖ω‖₁=1.945467e-01
  λ=2.986e+00 | Epoch 210 | lr=1.0000e-03 | Recon MSE=4.909384e-05 | ‖ω‖₁=1.815659e-01
  λ=2.986e+00 | Epoch 220 | lr=1.0000e-03 | Recon MSE=4.883721e-05 | ‖ω‖₁=1.722097e-01
  λ=2.986e+00 | Epoch 230 | lr=1.0000e-03 | Recon MSE=4.353040e-05 | ‖ω‖₁=1.596043e-01
  λ=2.986e+00 | Epoch 240 | lr=1.0000e-03 | Recon MSE=4.821457e-05 | ‖ω‖₁=1.466174e-01
  λ=2.986e+00 | Epoch 250 | lr=1.0000e-03 | Recon MSE=4.286675e-05 | ‖ω‖₁=1.363556e-01
  λ=2.986e+00 | Epoch 260 | lr=1.0000e-03 | Recon MSE=4.041641e-05 | ‖ω‖₁=1.267910e-01
  λ=2.986e+00 | Epoch 270 | lr=1.0000e-03 | Recon MSE=4.420520e-05 | ‖ω‖₁=1.184429e-01
  λ=2.986e+00 | Epoch 280 | lr=1.0000e-03 | Recon MSE=4.463876e-05 | ‖ω‖₁=1.063474e-01
  λ=2.986e+00 | Epoch 290 | lr=1.0000e-03 | Recon MSE=4.079954e-05 | ‖ω‖₁=9.757311e-02
  λ=2.986e+00 | Epoch 300 | lr=1.0000e-03 | Recon MSE=4.841044e-05 | ‖ω‖₁=9.246048e-02
  λ=2.986e+00 | Epoch 310 | lr=1.0000e-03 | Recon MSE=4.564227e-05 | ‖ω‖₁=8.703521e-02
  λ=2.986e+00 | Epoch 320 | lr=1.0000e-03 | Recon MSE=4.097080e-05 | ‖ω‖₁=8.028386e-02
  λ=2.986e+00 | Epoch 330 | lr=1.0000e-03 | Recon MSE=4.239320e-05 | ‖ω‖₁=7.661670e-02
  λ=2.986e+00 | Epoch 340 | lr=1.0000e-03 | Recon MSE=3.798077e-05 | ‖ω‖₁=7.557216e-02
  λ=2.986e+00 | Epoch 350 | lr=1.0000e-03 | Recon MSE=4.016662e-05 | ‖ω‖₁=7.259993e-02
  λ=2.986e+00 | Epoch 360 | lr=1.0000e-03 | Recon MSE=4.512641e-05 | ‖ω‖₁=7.130086e-02
  λ=2.986e+00 | Epoch 370 | lr=1.0000e-03 | Recon MSE=4.488537e-05 | ‖ω‖₁=6.915686e-02
  λ=2.986e+00 | Epoch 380 | lr=1.0000e-03 | Recon MSE=4.722852e-05 | ‖ω‖₁=6.819664e-02
  λ=2.986e+00 | Epoch 390 | lr=1.0000e-03 | Recon MSE=4.395878e-05 | ‖ω‖₁=6.651787e-02
  λ=2.986e+00 | Epoch 400 | lr=5.0000e-04 | Recon MSE=4.601233e-05 | ‖ω‖₁=6.683979e-02
  λ=2.986e+00 | Epoch 410 | lr=5.0000e-04 | Recon MSE=4.572433e-05 | ‖ω‖₁=6.483809e-02
  λ=2.986e+00 | Epoch 420 | lr=5.0000e-04 | Recon MSE=4.154432e-05 | ‖ω‖₁=6.390181e-02
  λ=2.986e+00 | Epoch 430 | lr=5.0000e-04 | Recon MSE=4.007277e-05 | ‖ω‖₁=6.290177e-02
  λ=2.986e+00 | Epoch 440 | lr=5.0000e-04 | Recon MSE=3.829922e-05 | ‖ω‖₁=6.372961e-02
  λ=2.986e+00 | Epoch 450 | lr=5.0000e-04 | Recon MSE=4.084374e-05 | ‖ω‖₁=6.484964e-02
  λ=2.986e+00 | Epoch 460 | lr=5.0000e-04 | Recon MSE=4.428021e-05 | ‖ω‖₁=6.380069e-02
  λ=2.986e+00 | Epoch 470 | lr=5.0000e-04 | Recon MSE=3.827037e-05 | ‖ω‖₁=6.409707e-02
  λ=2.986e+00 | Epoch 480 | lr=5.0000e-04 | Recon MSE=4.137910e-05 | ‖ω‖₁=6.378946e-02
  λ=2.986e+00 | Epoch 490 | lr=5.0000e-04 | Recon MSE=4.141453e-05 | ‖ω‖₁=6.325457e-02
  λ=2.986e+00 | Epoch 500 | lr=5.0000e-04 | Recon MSE=4.423784e-05 | ‖ω‖₁=6.262556e-02
  λ=2.986e+00 | Epoch 510 | lr=5.0000e-04 | Recon MSE=3.804135e-05 | ‖ω‖₁=6.276668e-02
  λ=2.986e+00 | Epoch 520 | lr=5.0000e-04 | Recon MSE=4.111620e-05 | ‖ω‖₁=6.230925e-02
  λ=2.986e+00 | Epoch 530 | lr=5.0000e-04 | Recon MSE=4.059642e-05 | ‖ω‖₁=5.996958e-02
  λ=2.986e+00 | Epoch 540 | lr=5.0000e-04 | Recon MSE=4.597942e-05 | ‖ω‖₁=5.890323e-02
  λ=2.986e+00 | Epoch 550 | lr=5.0000e-04 | Recon MSE=4.074432e-05 | ‖ω‖₁=5.813154e-02
  λ=2.986e+00 | Epoch 560 | lr=5.0000e-04 | Recon MSE=4.358413e-05 | ‖ω‖₁=5.793870e-02
  λ=2.986e+00 | Epoch 570 | lr=5.0000e-04 | Recon MSE=4.092675e-05 | ‖ω‖₁=5.618034e-02
  λ=2.986e+00 | Epoch 580 | lr=5.0000e-04 | Recon MSE=4.022486e-05 | ‖ω‖₁=5.493429e-02
  λ=2.986e+00 | Epoch 590 | lr=5.0000e-04 | Recon MSE=3.889548e-05 | ‖ω‖₁=5.466826e-02
  λ=2.986e+00 | Epoch 600 | lr=5.0000e-04 | Recon MSE=4.247450e-05 | ‖ω‖₁=5.380914e-02
  λ=2.986e+00 | Epoch 610 | lr=5.0000e-04 | Recon MSE=4.061588e-05 | ‖ω‖₁=5.292907e-02
  λ=2.986e+00 | Epoch 620 | lr=5.0000e-04 | Recon MSE=4.141505e-05 | ‖ω‖₁=5.216241e-02
  λ=2.986e+00 | Epoch 630 | lr=5.0000e-04 | Recon MSE=4.367610e-05 | ‖ω‖₁=5.250870e-02
  λ=2.986e+00 | Epoch 640 | lr=5.0000e-04 | Recon MSE=4.105023e-05 | ‖ω‖₁=5.198846e-02
  λ=2.986e+00 | Epoch 650 | lr=5.0000e-04 | Recon MSE=4.004117e-05 | ‖ω‖₁=5.212512e-02
  λ=2.986e+00 | Epoch 660 | lr=5.0000e-04 | Recon MSE=3.929261e-05 | ‖ω‖₁=5.074902e-02
  λ=2.986e+00 | Epoch 670 | lr=5.0000e-04 | Recon MSE=4.486249e-05 | ‖ω‖₁=4.846221e-02
  λ=2.986e+00 | Epoch 680 | lr=5.0000e-04 | Recon MSE=4.183867e-05 | ‖ω‖₁=4.800507e-02
  λ=2.986e+00 | Epoch 690 | lr=5.0000e-04 | Recon MSE=4.494391e-05 | ‖ω‖₁=4.688747e-02
  λ=2.986e+00 | Epoch 700 | lr=5.0000e-04 | Recon MSE=4.615722e-05 | ‖ω‖₁=4.579983e-02
  λ=2.986e+00 | Epoch 710 | lr=5.0000e-04 | Recon MSE=4.854800e-05 | ‖ω‖₁=4.511164e-02
  λ=2.986e+00 | Epoch 720 | lr=5.0000e-04 | Recon MSE=4.017386e-05 | ‖ω‖₁=4.418041e-02
  λ=2.986e+00 | Epoch 730 | lr=5.0000e-04 | Recon MSE=3.980712e-05 | ‖ω‖₁=4.508739e-02
  λ=2.986e+00 | Epoch 740 | lr=5.0000e-04 | Recon MSE=3.924756e-05 | ‖ω‖₁=4.492459e-02
  λ=2.986e+00 | Epoch 750 | lr=5.0000e-04 | Recon MSE=4.270014e-05 | ‖ω‖₁=4.372364e-02
  λ=2.986e+00 | Epoch 760 | lr=5.0000e-04 | Recon MSE=4.190228e-05 | ‖ω‖₁=4.223186e-02
  λ=2.986e+00 | Epoch 770 | lr=5.0000e-04 | Recon MSE=4.138430e-05 | ‖ω‖₁=4.362552e-02
  λ=2.986e+00 | Epoch 780 | lr=5.0000e-04 | Recon MSE=4.297977e-05 | ‖ω‖₁=4.344967e-02
  λ=2.986e+00 | Epoch 790 | lr=5.0000e-04 | Recon MSE=4.840184e-05 | ‖ω‖₁=4.454626e-02
  λ=2.986e+00 | Epoch 800 | lr=2.5000e-04 | Recon MSE=4.100556e-05 | ‖ω‖₁=4.260411e-02
  λ=2.986e+00 | Epoch 810 | lr=2.5000e-04 | Recon MSE=3.871973e-05 | ‖ω‖₁=4.214506e-02
  λ=2.986e+00 | Epoch 820 | lr=2.5000e-04 | Recon MSE=4.306901e-05 | ‖ω‖₁=4.218365e-02
  λ=2.986e+00 | Epoch 830 | lr=2.5000e-04 | Recon MSE=4.017934e-05 | ‖ω‖₁=4.188831e-02
  λ=2.986e+00 | Epoch 840 | lr=2.5000e-04 | Recon MSE=3.821127e-05 | ‖ω‖₁=4.175098e-02
  λ=2.986e+00 | Epoch 850 | lr=2.5000e-04 | Recon MSE=3.773951e-05 | ‖ω‖₁=4.117006e-02
  λ=2.986e+00 | Epoch 860 | lr=2.5000e-04 | Recon MSE=4.063481e-05 | ‖ω‖₁=4.075938e-02
  λ=2.986e+00 | Epoch 870 | lr=2.5000e-04 | Recon MSE=3.902695e-05 | ‖ω‖₁=4.088651e-02
  λ=2.986e+00 | Epoch 880 | lr=2.5000e-04 | Recon MSE=3.865574e-05 | ‖ω‖₁=4.070599e-02
  λ=2.986e+00 | Epoch 890 | lr=2.5000e-04 | Recon MSE=3.967985e-05 | ‖ω‖₁=4.074138e-02
  λ=2.986e+00 | Epoch 900 | lr=2.5000e-04 | Recon MSE=3.977573e-05 | ‖ω‖₁=4.077301e-02
  λ=2.986e+00 | Epoch 910 | lr=2.5000e-04 | Recon MSE=3.842980e-05 | ‖ω‖₁=4.079035e-02
  λ=2.986e+00 | Epoch 920 | lr=2.5000e-04 | Recon MSE=4.072771e-05 | ‖ω‖₁=4.069724e-02
  λ=2.986e+00 | Epoch 930 | lr=2.5000e-04 | Recon MSE=4.114467e-05 | ‖ω‖₁=4.096494e-02
  λ=2.986e+00 | Epoch 940 | lr=2.5000e-04 | Recon MSE=4.244831e-05 | ‖ω‖₁=4.089443e-02
  λ=2.986e+00 | Epoch 950 | lr=2.5000e-04 | Recon MSE=4.259195e-05 | ‖ω‖₁=4.018433e-02
  λ=2.986e+00 | Epoch 960 | lr=2.5000e-04 | Recon MSE=3.469365e-05 | ‖ω‖₁=3.975110e-02
  λ=2.986e+00 | Epoch 970 | lr=2.5000e-04 | Recon MSE=4.009478e-05 | ‖ω‖₁=4.035319e-02
  λ=2.986e+00 | Epoch 980 | lr=2.5000e-04 | Recon MSE=3.860557e-05 | ‖ω‖₁=3.983008e-02
  λ=2.986e+00 | Epoch 990 | lr=2.5000e-04 | Recon MSE=3.861838e-05 | ‖ω‖₁=3.907554e-02
  λ=2.986e+00 | Epoch 1000 | lr=2.5000e-04 | Recon MSE=4.341422e-05 | ‖ω‖₁=4.051587e-02
  λ=2.986e+00 | Epoch 1010 | lr=2.5000e-04 | Recon MSE=3.586030e-05 | ‖ω‖₁=4.013795e-02
  λ=2.986e+00 | Epoch 1020 | lr=2.5000e-04 | Recon MSE=4.200541e-05 | ‖ω‖₁=4.022625e-02
  λ=2.986e+00 | Epoch 1030 | lr=2.5000e-04 | Recon MSE=3.951409e-05 | ‖ω‖₁=4.100526e-02
  λ=2.986e+00 | Epoch 1040 | lr=2.5000e-04 | Recon MSE=4.037108e-05 | ‖ω‖₁=3.959480e-02
  λ=2.986e+00 | Epoch 1050 | lr=2.5000e-04 | Recon MSE=3.939964e-05 | ‖ω‖₁=3.928590e-02
  λ=2.986e+00 | Epoch 1060 | lr=2.5000e-04 | Recon MSE=3.856395e-05 | ‖ω‖₁=3.917918e-02
  λ=2.986e+00 | Epoch 1070 | lr=2.5000e-04 | Recon MSE=4.061861e-05 | ‖ω‖₁=3.886607e-02
  λ=2.986e+00 | Epoch 1080 | lr=2.5000e-04 | Recon MSE=4.211106e-05 | ‖ω‖₁=3.835260e-02
  λ=2.986e+00 | Epoch 1090 | lr=2.5000e-04 | Recon MSE=4.034240e-05 | ‖ω‖₁=3.837731e-02
  λ=2.986e+00 | Epoch 1100 | lr=2.5000e-04 | Recon MSE=3.843809e-05 | ‖ω‖₁=4.025142e-02
  λ=2.986e+00 | Epoch 1110 | lr=2.5000e-04 | Recon MSE=3.950315e-05 | ‖ω‖₁=3.962877e-02
  λ=2.986e+00 | Epoch 1120 | lr=2.5000e-04 | Recon MSE=4.167645e-05 | ‖ω‖₁=3.855090e-02
  λ=2.986e+00 | Epoch 1130 | lr=2.5000e-04 | Recon MSE=3.849296e-05 | ‖ω‖₁=3.943326e-02
  λ=2.986e+00 | Epoch 1140 | lr=2.5000e-04 | Recon MSE=4.134373e-05 | ‖ω‖₁=3.866766e-02
  λ=2.986e+00 | Epoch 1150 | lr=2.5000e-04 | Recon MSE=3.875969e-05 | ‖ω‖₁=3.790942e-02
  λ=2.986e+00 | Epoch 1160 | lr=2.5000e-04 | Recon MSE=4.163916e-05 | ‖ω‖₁=3.767286e-02
  λ=2.986e+00 | Epoch 1170 | lr=2.5000e-04 | Recon MSE=3.648112e-05 | ‖ω‖₁=3.682201e-02
  λ=2.986e+00 | Epoch 1180 | lr=2.5000e-04 | Recon MSE=4.151800e-05 | ‖ω‖₁=3.738885e-02
  λ=2.986e+00 | Epoch 1190 | lr=2.5000e-04 | Recon MSE=4.137184e-05 | ‖ω‖₁=3.652188e-02
  λ=2.986e+00 | Epoch 1200 | lr=1.2500e-04 | Recon MSE=4.139073e-05 | ‖ω‖₁=3.632265e-02
  λ=2.986e+00 | Epoch 1210 | lr=1.2500e-04 | Recon MSE=3.933260e-05 | ‖ω‖₁=3.630922e-02
  λ=2.986e+00 | Epoch 1220 | lr=1.2500e-04 | Recon MSE=3.706857e-05 | ‖ω‖₁=3.614849e-02
  λ=2.986e+00 | Epoch 1230 | lr=1.2500e-04 | Recon MSE=3.690169e-05 | ‖ω‖₁=3.638661e-02
  λ=2.986e+00 | Epoch 1240 | lr=1.2500e-04 | Recon MSE=3.989364e-05 | ‖ω‖₁=3.633310e-02
  λ=2.986e+00 | Epoch 1250 | lr=1.2500e-04 | Recon MSE=3.960785e-05 | ‖ω‖₁=3.630128e-02
  λ=2.986e+00 | Epoch 1260 | lr=1.2500e-04 | Recon MSE=3.874342e-05 | ‖ω‖₁=3.643226e-02
  λ=2.986e+00 | Epoch 1270 | lr=1.2500e-04 | Recon MSE=4.049306e-05 | ‖ω‖₁=3.629704e-02
  λ=2.986e+00 | Epoch 1280 | lr=1.2500e-04 | Recon MSE=3.816319e-05 | ‖ω‖₁=3.630501e-02
  λ=2.986e+00 | Epoch 1290 | lr=1.2500e-04 | Recon MSE=4.218868e-05 | ‖ω‖₁=3.602623e-02
  λ=2.986e+00 | Epoch 1300 | lr=1.2500e-04 | Recon MSE=3.828682e-05 | ‖ω‖₁=3.548269e-02
  λ=2.986e+00 | Epoch 1310 | lr=1.2500e-04 | Recon MSE=4.109365e-05 | ‖ω‖₁=3.570718e-02
  λ=2.986e+00 | Epoch 1320 | lr=1.2500e-04 | Recon MSE=3.928263e-05 | ‖ω‖₁=3.610932e-02
  λ=2.986e+00 | Epoch 1330 | lr=1.2500e-04 | Recon MSE=3.761024e-05 | ‖ω‖₁=3.606112e-02
  λ=2.986e+00 | Epoch 1340 | lr=1.2500e-04 | Recon MSE=3.880474e-05 | ‖ω‖₁=3.576039e-02
  λ=2.986e+00 | Epoch 1350 | lr=1.2500e-04 | Recon MSE=3.892391e-05 | ‖ω‖₁=3.619566e-02
  λ=2.986e+00 | Epoch 1360 | lr=1.2500e-04 | Recon MSE=4.326483e-05 | ‖ω‖₁=3.587208e-02
  λ=2.986e+00 | Epoch 1370 | lr=1.2500e-04 | Recon MSE=4.063883e-05 | ‖ω‖₁=3.591586e-02
  λ=2.986e+00 | Epoch 1380 | lr=1.2500e-04 | Recon MSE=4.098802e-05 | ‖ω‖₁=3.590850e-02
  λ=2.986e+00 | Epoch 1390 | lr=1.2500e-04 | Recon MSE=4.166297e-05 | ‖ω‖₁=3.560909e-02
  λ=2.986e+00 | Epoch 1400 | lr=1.2500e-04 | Recon MSE=3.975935e-05 | ‖ω‖₁=3.538601e-02
  λ=2.986e+00 | Epoch 1410 | lr=1.2500e-04 | Recon MSE=4.115773e-05 | ‖ω‖₁=3.521644e-02
  λ=2.986e+00 | Epoch 1420 | lr=1.2500e-04 | Recon MSE=3.831060e-05 | ‖ω‖₁=3.563982e-02
  λ=2.986e+00 | Epoch 1430 | lr=1.2500e-04 | Recon MSE=4.330124e-05 | ‖ω‖₁=3.560759e-02
  λ=2.986e+00 | Epoch 1440 | lr=1.2500e-04 | Recon MSE=3.991551e-05 | ‖ω‖₁=3.541281e-02
  λ=2.986e+00 | Epoch 1450 | lr=1.2500e-04 | Recon MSE=3.494988e-05 | ‖ω‖₁=3.521839e-02
  λ=2.986e+00 | Epoch 1460 | lr=1.2500e-04 | Recon MSE=3.881440e-05 | ‖ω‖₁=3.523929e-02
  λ=2.986e+00 | Epoch 1470 | lr=1.2500e-04 | Recon MSE=4.046260e-05 | ‖ω‖₁=3.561581e-02
  λ=2.986e+00 | Epoch 1480 | lr=1.2500e-04 | Recon MSE=4.167042e-05 | ‖ω‖₁=3.563453e-02
  λ=2.986e+00 | Epoch 1490 | lr=1.2500e-04 | Recon MSE=3.991446e-05 | ‖ω‖₁=3.525360e-02
  λ=2.986e+00 | Epoch 1500 | lr=1.2500e-04 | Recon MSE=4.000956e-05 | ‖ω‖₁=3.516630e-02
  λ=2.986e+00 | Epoch 1510 | lr=1.2500e-04 | Recon MSE=3.885600e-05 | ‖ω‖₁=3.468477e-02
  λ=2.986e+00 | Epoch 1520 | lr=1.2500e-04 | Recon MSE=4.144350e-05 | ‖ω‖₁=3.500369e-02
  λ=2.986e+00 | Epoch 1530 | lr=1.2500e-04 | Recon MSE=3.764766e-05 | ‖ω‖₁=3.498175e-02
  λ=2.986e+00 | Epoch 1540 | lr=1.2500e-04 | Recon MSE=3.989079e-05 | ‖ω‖₁=3.491456e-02
  λ=2.986e+00 | Epoch 1550 | lr=1.2500e-04 | Recon MSE=4.111456e-05 | ‖ω‖₁=3.470641e-02
  λ=2.986e+00 | Epoch 1560 | lr=1.2500e-04 | Recon MSE=3.987136e-05 | ‖ω‖₁=3.436797e-02
  λ=2.986e+00 | Epoch 1570 | lr=1.2500e-04 | Recon MSE=4.030760e-05 | ‖ω‖₁=3.425381e-02
  λ=2.986e+00 | Epoch 1580 | lr=1.2500e-04 | Recon MSE=3.733234e-05 | ‖ω‖₁=3.396947e-02
  λ=2.986e+00 | Epoch 1590 | lr=1.2500e-04 | Recon MSE=3.886869e-05 | ‖ω‖₁=3.395212e-02
  λ=2.986e+00 | Epoch 1600 | lr=6.2500e-05 | Recon MSE=3.897336e-05 | ‖ω‖₁=3.372318e-02
  λ=2.986e+00 | Epoch 1610 | lr=6.2500e-05 | Recon MSE=3.909033e-05 | ‖ω‖₁=3.346388e-02
  λ=2.986e+00 | Epoch 1620 | lr=6.2500e-05 | Recon MSE=3.813094e-05 | ‖ω‖₁=3.338915e-02
  λ=2.986e+00 | Epoch 1630 | lr=6.2500e-05 | Recon MSE=3.946334e-05 | ‖ω‖₁=3.327467e-02
  λ=2.986e+00 | Epoch 1640 | lr=6.2500e-05 | Recon MSE=4.124128e-05 | ‖ω‖₁=3.321880e-02
  λ=2.986e+00 | Epoch 1650 | lr=6.2500e-05 | Recon MSE=3.536521e-05 | ‖ω‖₁=3.323134e-02
  λ=2.986e+00 | Epoch 1660 | lr=6.2500e-05 | Recon MSE=4.050968e-05 | ‖ω‖₁=3.328892e-02
  λ=2.986e+00 | Epoch 1670 | lr=6.2500e-05 | Recon MSE=3.877725e-05 | ‖ω‖₁=3.345311e-02
  λ=2.986e+00 | Epoch 1680 | lr=6.2500e-05 | Recon MSE=3.749799e-05 | ‖ω‖₁=3.338610e-02
  λ=2.986e+00 | Epoch 1690 | lr=6.2500e-05 | Recon MSE=4.060282e-05 | ‖ω‖₁=3.356727e-02
  λ=2.986e+00 | Epoch 1700 | lr=6.2500e-05 | Recon MSE=3.730277e-05 | ‖ω‖₁=3.354258e-02
  λ=2.986e+00 | Epoch 1710 | lr=6.2500e-05 | Recon MSE=4.259515e-05 | ‖ω‖₁=3.358306e-02
  λ=2.986e+00 | Epoch 1720 | lr=6.2500e-05 | Recon MSE=4.090862e-05 | ‖ω‖₁=3.362607e-02
  λ=2.986e+00 | Epoch 1730 | lr=6.2500e-05 | Recon MSE=3.944429e-05 | ‖ω‖₁=3.343656e-02
  λ=2.986e+00 | Epoch 1740 | lr=6.2500e-05 | Recon MSE=3.917248e-05 | ‖ω‖₁=3.336479e-02
  λ=2.986e+00 | Epoch 1750 | lr=6.2500e-05 | Recon MSE=3.809669e-05 | ‖ω‖₁=3.350187e-02
  λ=2.986e+00 | Epoch 1760 | lr=6.2500e-05 | Recon MSE=3.987547e-05 | ‖ω‖₁=3.350697e-02
  λ=2.986e+00 | Epoch 1770 | lr=6.2500e-05 | Recon MSE=4.031664e-05 | ‖ω‖₁=3.316505e-02
  λ=2.986e+00 | Epoch 1780 | lr=6.2500e-05 | Recon MSE=3.930586e-05 | ‖ω‖₁=3.300545e-02
  λ=2.986e+00 | Epoch 1790 | lr=6.2500e-05 | Recon MSE=3.944545e-05 | ‖ω‖₁=3.318161e-02
  λ=2.986e+00 | Epoch 1800 | lr=6.2500e-05 | Recon MSE=4.055097e-05 | ‖ω‖₁=3.344118e-02
  λ=2.986e+00 | Epoch 1810 | lr=6.2500e-05 | Recon MSE=4.268482e-05 | ‖ω‖₁=3.336884e-02
  λ=2.986e+00 | Epoch 1820 | lr=6.2500e-05 | Recon MSE=4.052452e-05 | ‖ω‖₁=3.325782e-02
  λ=2.986e+00 | Epoch 1830 | lr=6.2500e-05 | Recon MSE=3.711900e-05 | ‖ω‖₁=3.323432e-02
  λ=2.986e+00 | Epoch 1840 | lr=6.2500e-05 | Recon MSE=3.839420e-05 | ‖ω‖₁=3.320122e-02
  λ=2.986e+00 | Epoch 1850 | lr=6.2500e-05 | Recon MSE=3.940174e-05 | ‖ω‖₁=3.311173e-02
  λ=2.986e+00 | Epoch 1860 | lr=6.2500e-05 | Recon MSE=4.021738e-05 | ‖ω‖₁=3.329121e-02
  λ=2.986e+00 | Epoch 1870 | lr=6.2500e-05 | Recon MSE=4.101789e-05 | ‖ω‖₁=3.329574e-02
  λ=2.986e+00 | Epoch 1880 | lr=6.2500e-05 | Recon MSE=3.831969e-05 | ‖ω‖₁=3.319871e-02
  λ=2.986e+00 | Epoch 1890 | lr=6.2500e-05 | Recon MSE=4.071662e-05 | ‖ω‖₁=3.310315e-02
  λ=2.986e+00 | Epoch 1900 | lr=6.2500e-05 | Recon MSE=3.916839e-05 | ‖ω‖₁=3.314422e-02
  λ=2.986e+00 | Epoch 1910 | lr=6.2500e-05 | Recon MSE=3.908760e-05 | ‖ω‖₁=3.321386e-02
  λ=2.986e+00 | Epoch 1920 | lr=6.2500e-05 | Recon MSE=3.999996e-05 | ‖ω‖₁=3.301691e-02
  λ=2.986e+00 | Epoch 1930 | lr=6.2500e-05 | Recon MSE=3.552410e-05 | ‖ω‖₁=3.268210e-02
  λ=2.986e+00 | Epoch 1940 | lr=6.2500e-05 | Recon MSE=3.863312e-05 | ‖ω‖₁=3.271228e-02
  λ=2.986e+00 | Epoch 1950 | lr=6.2500e-05 | Recon MSE=4.385261e-05 | ‖ω‖₁=3.251759e-02
  λ=2.986e+00 | Epoch 1960 | lr=6.2500e-05 | Recon MSE=3.768128e-05 | ‖ω‖₁=3.265418e-02
  λ=2.986e+00 | Epoch 1970 | lr=6.2500e-05 | Recon MSE=3.703323e-05 | ‖ω‖₁=3.274604e-02
  λ=2.986e+00 | Epoch 1980 | lr=6.2500e-05 | Recon MSE=3.756044e-05 | ‖ω‖₁=3.256464e-02
  λ=2.986e+00 | Epoch 1990 | lr=6.2500e-05 | Recon MSE=3.947020e-05 | ‖ω‖₁=3.250060e-02
  λ=2.986e+00 | Epoch 2000 | lr=3.1250e-05 | Recon MSE=3.717442e-05 | ‖ω‖₁=3.258145e-02
  → at λ=2.986e+00: r(λ)=5, rel_err=3.140647e-03
  → selected modes: [0, 1, 2, 3, 4]

-- Path iteration 8, λ = 3.583e+00 (r(λ) prev = 5)
  λ=3.583e+00 | Epoch   1 | lr=1.0000e-03 | Recon MSE=6.984347e-03 | ‖ω‖₁=2.822900e+01
  λ=3.583e+00 | Epoch  10 | lr=1.0000e-03 | Recon MSE=2.604644e-04 | ‖ω‖₁=8.818447e-01
  λ=3.583e+00 | Epoch  20 | lr=1.0000e-03 | Recon MSE=2.160321e-04 | ‖ω‖₁=4.618091e-01
  λ=3.583e+00 | Epoch  30 | lr=1.0000e-03 | Recon MSE=1.839514e-04 | ‖ω‖₁=4.151570e-01
  λ=3.583e+00 | Epoch  40 | lr=1.0000e-03 | Recon MSE=1.660746e-04 | ‖ω‖₁=3.789690e-01
  λ=3.583e+00 | Epoch  50 | lr=1.0000e-03 | Recon MSE=1.393228e-04 | ‖ω‖₁=3.552776e-01
  λ=3.583e+00 | Epoch  60 | lr=1.0000e-03 | Recon MSE=1.305000e-04 | ‖ω‖₁=3.322943e-01
  λ=3.583e+00 | Epoch  70 | lr=1.0000e-03 | Recon MSE=1.161759e-04 | ‖ω‖₁=3.143529e-01
  λ=3.583e+00 | Epoch  80 | lr=1.0000e-03 | Recon MSE=1.023675e-04 | ‖ω‖₁=3.055045e-01
  λ=3.583e+00 | Epoch  90 | lr=1.0000e-03 | Recon MSE=9.170420e-05 | ‖ω‖₁=2.962876e-01
  λ=3.583e+00 | Epoch 100 | lr=1.0000e-03 | Recon MSE=7.757499e-05 | ‖ω‖₁=2.873562e-01
  λ=3.583e+00 | Epoch 110 | lr=1.0000e-03 | Recon MSE=8.744001e-05 | ‖ω‖₁=2.774587e-01
  λ=3.583e+00 | Epoch 120 | lr=1.0000e-03 | Recon MSE=6.697176e-05 | ‖ω‖₁=2.629295e-01
  λ=3.583e+00 | Epoch 130 | lr=1.0000e-03 | Recon MSE=7.227040e-05 | ‖ω‖₁=2.497125e-01
  λ=3.583e+00 | Epoch 140 | lr=1.0000e-03 | Recon MSE=6.861963e-05 | ‖ω‖₁=2.293729e-01
  λ=3.583e+00 | Epoch 150 | lr=1.0000e-03 | Recon MSE=5.592393e-05 | ‖ω‖₁=2.148839e-01
  λ=3.583e+00 | Epoch 160 | lr=1.0000e-03 | Recon MSE=5.303219e-05 | ‖ω‖₁=1.989548e-01
  λ=3.583e+00 | Epoch 170 | lr=1.0000e-03 | Recon MSE=5.364041e-05 | ‖ω‖₁=1.862298e-01
  λ=3.583e+00 | Epoch 180 | lr=1.0000e-03 | Recon MSE=5.386353e-05 | ‖ω‖₁=1.719227e-01
  λ=3.583e+00 | Epoch 190 | lr=1.0000e-03 | Recon MSE=5.443128e-05 | ‖ω‖₁=1.565420e-01
  λ=3.583e+00 | Epoch 200 | lr=1.0000e-03 | Recon MSE=5.999585e-05 | ‖ω‖₁=1.434361e-01
  λ=3.583e+00 | Epoch 210 | lr=1.0000e-03 | Recon MSE=5.049001e-05 | ‖ω‖₁=1.317091e-01
  λ=3.583e+00 | Epoch 220 | lr=1.0000e-03 | Recon MSE=4.630032e-05 | ‖ω‖₁=1.192652e-01
  λ=3.583e+00 | Epoch 230 | lr=1.0000e-03 | Recon MSE=5.072732e-05 | ‖ω‖₁=1.084741e-01
  λ=3.583e+00 | Epoch 240 | lr=1.0000e-03 | Recon MSE=4.573769e-05 | ‖ω‖₁=9.879725e-02
  λ=3.583e+00 | Epoch 250 | lr=1.0000e-03 | Recon MSE=4.438618e-05 | ‖ω‖₁=9.124582e-02
  λ=3.583e+00 | Epoch 260 | lr=1.0000e-03 | Recon MSE=4.372999e-05 | ‖ω‖₁=8.596244e-02
  λ=3.583e+00 | Epoch 270 | lr=1.0000e-03 | Recon MSE=4.999066e-05 | ‖ω‖₁=8.075259e-02
  λ=3.583e+00 | Epoch 280 | lr=1.0000e-03 | Recon MSE=4.098721e-05 | ‖ω‖₁=7.859191e-02
  λ=3.583e+00 | Epoch 290 | lr=1.0000e-03 | Recon MSE=4.603919e-05 | ‖ω‖₁=7.463339e-02
  λ=3.583e+00 | Epoch 300 | lr=1.0000e-03 | Recon MSE=4.815135e-05 | ‖ω‖₁=7.033425e-02
  λ=3.583e+00 | Epoch 310 | lr=1.0000e-03 | Recon MSE=4.732526e-05 | ‖ω‖₁=6.860800e-02
  λ=3.583e+00 | Epoch 320 | lr=1.0000e-03 | Recon MSE=5.009673e-05 | ‖ω‖₁=6.667181e-02
  λ=3.583e+00 | Epoch 330 | lr=1.0000e-03 | Recon MSE=4.287042e-05 | ‖ω‖₁=6.382725e-02
  λ=3.583e+00 | Epoch 340 | lr=1.0000e-03 | Recon MSE=4.243527e-05 | ‖ω‖₁=6.183220e-02
  λ=3.583e+00 | Epoch 350 | lr=1.0000e-03 | Recon MSE=4.076255e-05 | ‖ω‖₁=5.979039e-02
  λ=3.583e+00 | Epoch 360 | lr=1.0000e-03 | Recon MSE=4.038486e-05 | ‖ω‖₁=5.890116e-02
  λ=3.583e+00 | Epoch 370 | lr=1.0000e-03 | Recon MSE=4.299340e-05 | ‖ω‖₁=6.150914e-02
  λ=3.583e+00 | Epoch 380 | lr=1.0000e-03 | Recon MSE=4.938270e-05 | ‖ω‖₁=5.867443e-02
  λ=3.583e+00 | Epoch 390 | lr=1.0000e-03 | Recon MSE=4.481971e-05 | ‖ω‖₁=5.854797e-02
  λ=3.583e+00 | Epoch 400 | lr=5.0000e-04 | Recon MSE=4.541264e-05 | ‖ω‖₁=5.561383e-02
  λ=3.583e+00 | Epoch 410 | lr=5.0000e-04 | Recon MSE=4.111037e-05 | ‖ω‖₁=5.410405e-02
  λ=3.583e+00 | Epoch 420 | lr=5.0000e-04 | Recon MSE=4.108092e-05 | ‖ω‖₁=5.395486e-02
  λ=3.583e+00 | Epoch 430 | lr=5.0000e-04 | Recon MSE=3.916631e-05 | ‖ω‖₁=5.518586e-02
  λ=3.583e+00 | Epoch 440 | lr=5.0000e-04 | Recon MSE=3.950698e-05 | ‖ω‖₁=5.475656e-02
  λ=3.583e+00 | Epoch 450 | lr=5.0000e-04 | Recon MSE=4.071283e-05 | ‖ω‖₁=5.438584e-02
  λ=3.583e+00 | Epoch 460 | lr=5.0000e-04 | Recon MSE=4.064781e-05 | ‖ω‖₁=5.280378e-02
  λ=3.583e+00 | Epoch 470 | lr=5.0000e-04 | Recon MSE=4.385105e-05 | ‖ω‖₁=5.221000e-02
  λ=3.583e+00 | Epoch 480 | lr=5.0000e-04 | Recon MSE=4.218359e-05 | ‖ω‖₁=5.029821e-02
  λ=3.583e+00 | Epoch 490 | lr=5.0000e-04 | Recon MSE=4.330193e-05 | ‖ω‖₁=5.089136e-02
  λ=3.583e+00 | Epoch 500 | lr=5.0000e-04 | Recon MSE=3.800485e-05 | ‖ω‖₁=4.975515e-02
  λ=3.583e+00 | Epoch 510 | lr=5.0000e-04 | Recon MSE=3.821497e-05 | ‖ω‖₁=5.153872e-02
  λ=3.583e+00 | Epoch 520 | lr=5.0000e-04 | Recon MSE=4.436448e-05 | ‖ω‖₁=4.970027e-02
  λ=3.583e+00 | Epoch 530 | lr=5.0000e-04 | Recon MSE=4.380834e-05 | ‖ω‖₁=4.948778e-02
  λ=3.583e+00 | Epoch 540 | lr=5.0000e-04 | Recon MSE=4.275228e-05 | ‖ω‖₁=4.985803e-02
  λ=3.583e+00 | Epoch 550 | lr=5.0000e-04 | Recon MSE=4.118069e-05 | ‖ω‖₁=4.810707e-02
  λ=3.583e+00 | Epoch 560 | lr=5.0000e-04 | Recon MSE=4.050784e-05 | ‖ω‖₁=4.801061e-02
  λ=3.583e+00 | Epoch 570 | lr=5.0000e-04 | Recon MSE=4.053994e-05 | ‖ω‖₁=5.050623e-02
  λ=3.583e+00 | Epoch 580 | lr=5.0000e-04 | Recon MSE=5.248597e-05 | ‖ω‖₁=4.889027e-02
  λ=3.583e+00 | Epoch 590 | lr=5.0000e-04 | Recon MSE=3.628572e-05 | ‖ω‖₁=4.796012e-02
  λ=3.583e+00 | Epoch 600 | lr=5.0000e-04 | Recon MSE=4.944941e-05 | ‖ω‖₁=4.758618e-02
  λ=3.583e+00 | Epoch 610 | lr=5.0000e-04 | Recon MSE=4.294863e-05 | ‖ω‖₁=4.876760e-02
  λ=3.583e+00 | Epoch 620 | lr=5.0000e-04 | Recon MSE=4.087559e-05 | ‖ω‖₁=4.873548e-02
  λ=3.583e+00 | Epoch 630 | lr=5.0000e-04 | Recon MSE=4.192448e-05 | ‖ω‖₁=4.704329e-02
  λ=3.583e+00 | Epoch 640 | lr=5.0000e-04 | Recon MSE=4.011720e-05 | ‖ω‖₁=4.574477e-02
  λ=3.583e+00 | Epoch 650 | lr=5.0000e-04 | Recon MSE=3.956888e-05 | ‖ω‖₁=4.560281e-02
  λ=3.583e+00 | Epoch 660 | lr=5.0000e-04 | Recon MSE=4.609150e-05 | ‖ω‖₁=4.563408e-02
  λ=3.583e+00 | Epoch 670 | lr=5.0000e-04 | Recon MSE=4.910480e-05 | ‖ω‖₁=4.490278e-02
  λ=3.583e+00 | Epoch 680 | lr=5.0000e-04 | Recon MSE=4.030263e-05 | ‖ω‖₁=4.435697e-02
  λ=3.583e+00 | Epoch 690 | lr=5.0000e-04 | Recon MSE=4.065912e-05 | ‖ω‖₁=4.331297e-02
  λ=3.583e+00 | Epoch 700 | lr=5.0000e-04 | Recon MSE=3.964573e-05 | ‖ω‖₁=4.428776e-02
  λ=3.583e+00 | Epoch 710 | lr=5.0000e-04 | Recon MSE=4.320558e-05 | ‖ω‖₁=4.334554e-02
  λ=3.583e+00 | Epoch 720 | lr=5.0000e-04 | Recon MSE=4.002552e-05 | ‖ω‖₁=4.349002e-02
  λ=3.583e+00 | Epoch 730 | lr=5.0000e-04 | Recon MSE=3.618311e-05 | ‖ω‖₁=4.333351e-02
  λ=3.583e+00 | Epoch 740 | lr=5.0000e-04 | Recon MSE=4.243402e-05 | ‖ω‖₁=4.134837e-02
  λ=3.583e+00 | Epoch 750 | lr=5.0000e-04 | Recon MSE=4.271436e-05 | ‖ω‖₁=4.088748e-02
  λ=3.583e+00 | Epoch 760 | lr=5.0000e-04 | Recon MSE=4.277462e-05 | ‖ω‖₁=4.260295e-02
  λ=3.583e+00 | Epoch 770 | lr=5.0000e-04 | Recon MSE=4.216526e-05 | ‖ω‖₁=3.981474e-02
  λ=3.583e+00 | Epoch 780 | lr=5.0000e-04 | Recon MSE=4.327163e-05 | ‖ω‖₁=3.907133e-02
  λ=3.583e+00 | Epoch 790 | lr=5.0000e-04 | Recon MSE=4.107962e-05 | ‖ω‖₁=4.029884e-02
  λ=3.583e+00 | Epoch 800 | lr=2.5000e-04 | Recon MSE=4.263133e-05 | ‖ω‖₁=3.883355e-02
  λ=3.583e+00 | Epoch 810 | lr=2.5000e-04 | Recon MSE=3.894244e-05 | ‖ω‖₁=3.822723e-02
  λ=3.583e+00 | Epoch 820 | lr=2.5000e-04 | Recon MSE=4.110224e-05 | ‖ω‖₁=3.839352e-02
  λ=3.583e+00 | Epoch 830 | lr=2.5000e-04 | Recon MSE=3.891700e-05 | ‖ω‖₁=3.848117e-02
  λ=3.583e+00 | Epoch 840 | lr=2.5000e-04 | Recon MSE=4.100263e-05 | ‖ω‖₁=3.857207e-02
  λ=3.583e+00 | Epoch 850 | lr=2.5000e-04 | Recon MSE=3.766591e-05 | ‖ω‖₁=3.802590e-02
  λ=3.583e+00 | Epoch 860 | lr=2.5000e-04 | Recon MSE=3.980422e-05 | ‖ω‖₁=3.857714e-02
  λ=3.583e+00 | Epoch 870 | lr=2.5000e-04 | Recon MSE=4.163478e-05 | ‖ω‖₁=3.774770e-02
  λ=3.583e+00 | Epoch 880 | lr=2.5000e-04 | Recon MSE=3.861590e-05 | ‖ω‖₁=3.856161e-02
  λ=3.583e+00 | Epoch 890 | lr=2.5000e-04 | Recon MSE=4.134440e-05 | ‖ω‖₁=3.706479e-02
  λ=3.583e+00 | Epoch 900 | lr=2.5000e-04 | Recon MSE=4.189767e-05 | ‖ω‖₁=3.646534e-02
  λ=3.583e+00 | Epoch 910 | lr=2.5000e-04 | Recon MSE=4.044246e-05 | ‖ω‖₁=3.642091e-02
  λ=3.583e+00 | Epoch 920 | lr=2.5000e-04 | Recon MSE=4.145815e-05 | ‖ω‖₁=3.558370e-02
  λ=3.583e+00 | Epoch 930 | lr=2.5000e-04 | Recon MSE=4.298848e-05 | ‖ω‖₁=3.571394e-02
  λ=3.583e+00 | Epoch 940 | lr=2.5000e-04 | Recon MSE=4.342297e-05 | ‖ω‖₁=3.583893e-02
  λ=3.583e+00 | Epoch 950 | lr=2.5000e-04 | Recon MSE=3.794535e-05 | ‖ω‖₁=3.669748e-02
  λ=3.583e+00 | Epoch 960 | lr=2.5000e-04 | Recon MSE=4.038769e-05 | ‖ω‖₁=3.582893e-02
  λ=3.583e+00 | Epoch 970 | lr=2.5000e-04 | Recon MSE=3.963572e-05 | ‖ω‖₁=3.555286e-02
  λ=3.583e+00 | Epoch 980 | lr=2.5000e-04 | Recon MSE=4.031118e-05 | ‖ω‖₁=3.632151e-02
  λ=3.583e+00 | Epoch 990 | lr=2.5000e-04 | Recon MSE=4.719779e-05 | ‖ω‖₁=3.545247e-02
  λ=3.583e+00 | Epoch 1000 | lr=2.5000e-04 | Recon MSE=3.992260e-05 | ‖ω‖₁=3.514131e-02
  λ=3.583e+00 | Epoch 1010 | lr=2.5000e-04 | Recon MSE=4.489341e-05 | ‖ω‖₁=3.502903e-02
  λ=3.583e+00 | Epoch 1020 | lr=2.5000e-04 | Recon MSE=3.924497e-05 | ‖ω‖₁=3.541962e-02
  λ=3.583e+00 | Epoch 1030 | lr=2.5000e-04 | Recon MSE=4.022423e-05 | ‖ω‖₁=3.525098e-02
  λ=3.583e+00 | Epoch 1040 | lr=2.5000e-04 | Recon MSE=4.313253e-05 | ‖ω‖₁=3.505868e-02
  λ=3.583e+00 | Epoch 1050 | lr=2.5000e-04 | Recon MSE=4.234161e-05 | ‖ω‖₁=3.536501e-02
  λ=3.583e+00 | Epoch 1060 | lr=2.5000e-04 | Recon MSE=4.162329e-05 | ‖ω‖₁=3.545997e-02
  λ=3.583e+00 | Epoch 1070 | lr=2.5000e-04 | Recon MSE=3.967373e-05 | ‖ω‖₁=3.442190e-02
  λ=3.583e+00 | Epoch 1080 | lr=2.5000e-04 | Recon MSE=4.108492e-05 | ‖ω‖₁=3.456296e-02
  λ=3.583e+00 | Epoch 1090 | lr=2.5000e-04 | Recon MSE=4.027583e-05 | ‖ω‖₁=3.498683e-02
  λ=3.583e+00 | Epoch 1100 | lr=2.5000e-04 | Recon MSE=3.842232e-05 | ‖ω‖₁=3.555746e-02
  λ=3.583e+00 | Epoch 1110 | lr=2.5000e-04 | Recon MSE=3.831181e-05 | ‖ω‖₁=3.545354e-02
  λ=3.583e+00 | Epoch 1120 | lr=2.5000e-04 | Recon MSE=3.892702e-05 | ‖ω‖₁=3.571920e-02
  λ=3.583e+00 | Epoch 1130 | lr=2.5000e-04 | Recon MSE=4.196662e-05 | ‖ω‖₁=3.494887e-02
  λ=3.583e+00 | Epoch 1140 | lr=2.5000e-04 | Recon MSE=4.194017e-05 | ‖ω‖₁=3.432030e-02
  λ=3.583e+00 | Epoch 1150 | lr=2.5000e-04 | Recon MSE=3.911838e-05 | ‖ω‖₁=3.385989e-02
  λ=3.583e+00 | Epoch 1160 | lr=2.5000e-04 | Recon MSE=3.969588e-05 | ‖ω‖₁=3.404896e-02
  λ=3.583e+00 | Epoch 1170 | lr=2.5000e-04 | Recon MSE=4.180192e-05 | ‖ω‖₁=3.325643e-02
  λ=3.583e+00 | Epoch 1180 | lr=2.5000e-04 | Recon MSE=4.272444e-05 | ‖ω‖₁=3.338512e-02
  λ=3.583e+00 | Epoch 1190 | lr=2.5000e-04 | Recon MSE=4.176026e-05 | ‖ω‖₁=3.263806e-02
  λ=3.583e+00 | Epoch 1200 | lr=1.2500e-04 | Recon MSE=4.157785e-05 | ‖ω‖₁=3.250530e-02
  λ=3.583e+00 | Epoch 1210 | lr=1.2500e-04 | Recon MSE=3.965405e-05 | ‖ω‖₁=3.243153e-02
  λ=3.583e+00 | Epoch 1220 | lr=1.2500e-04 | Recon MSE=3.865437e-05 | ‖ω‖₁=3.232478e-02
  λ=3.583e+00 | Epoch 1230 | lr=1.2500e-04 | Recon MSE=3.762249e-05 | ‖ω‖₁=3.239810e-02
  λ=3.583e+00 | Epoch 1240 | lr=1.2500e-04 | Recon MSE=3.728704e-05 | ‖ω‖₁=3.259430e-02
  λ=3.583e+00 | Epoch 1250 | lr=1.2500e-04 | Recon MSE=3.887461e-05 | ‖ω‖₁=3.300632e-02
  λ=3.583e+00 | Epoch 1260 | lr=1.2500e-04 | Recon MSE=3.869775e-05 | ‖ω‖₁=3.272769e-02
  λ=3.583e+00 | Epoch 1270 | lr=1.2500e-04 | Recon MSE=4.216451e-05 | ‖ω‖₁=3.236978e-02
  λ=3.583e+00 | Epoch 1280 | lr=1.2500e-04 | Recon MSE=4.103987e-05 | ‖ω‖₁=3.240224e-02
  λ=3.583e+00 | Epoch 1290 | lr=1.2500e-04 | Recon MSE=3.806661e-05 | ‖ω‖₁=3.225759e-02
  λ=3.583e+00 | Epoch 1300 | lr=1.2500e-04 | Recon MSE=3.791670e-05 | ‖ω‖₁=3.258397e-02
  λ=3.583e+00 | Epoch 1310 | lr=1.2500e-04 | Recon MSE=3.578262e-05 | ‖ω‖₁=3.251978e-02
  λ=3.583e+00 | Epoch 1320 | lr=1.2500e-04 | Recon MSE=3.792576e-05 | ‖ω‖₁=3.299499e-02
  λ=3.583e+00 | Epoch 1330 | lr=1.2500e-04 | Recon MSE=4.182777e-05 | ‖ω‖₁=3.278580e-02
  λ=3.583e+00 | Epoch 1340 | lr=1.2500e-04 | Recon MSE=4.023365e-05 | ‖ω‖₁=3.267999e-02
  λ=3.583e+00 | Epoch 1350 | lr=1.2500e-04 | Recon MSE=3.944156e-05 | ‖ω‖₁=3.263011e-02
  λ=3.583e+00 | Epoch 1360 | lr=1.2500e-04 | Recon MSE=3.744725e-05 | ‖ω‖₁=3.266753e-02
  λ=3.583e+00 | Epoch 1370 | lr=1.2500e-04 | Recon MSE=3.759020e-05 | ‖ω‖₁=3.209641e-02
  λ=3.583e+00 | Epoch 1380 | lr=1.2500e-04 | Recon MSE=3.683459e-05 | ‖ω‖₁=3.202681e-02
  λ=3.583e+00 | Epoch 1390 | lr=1.2500e-04 | Recon MSE=3.930986e-05 | ‖ω‖₁=3.217729e-02
  λ=3.583e+00 | Epoch 1400 | lr=1.2500e-04 | Recon MSE=3.952900e-05 | ‖ω‖₁=3.172343e-02
  λ=3.583e+00 | Epoch 1410 | lr=1.2500e-04 | Recon MSE=4.081350e-05 | ‖ω‖₁=3.174969e-02
  λ=3.583e+00 | Epoch 1420 | lr=1.2500e-04 | Recon MSE=3.706811e-05 | ‖ω‖₁=3.218644e-02
  λ=3.583e+00 | Epoch 1430 | lr=1.2500e-04 | Recon MSE=4.045245e-05 | ‖ω‖₁=3.199437e-02
  λ=3.583e+00 | Epoch 1440 | lr=1.2500e-04 | Recon MSE=3.670962e-05 | ‖ω‖₁=3.150220e-02
  λ=3.583e+00 | Epoch 1450 | lr=1.2500e-04 | Recon MSE=4.115701e-05 | ‖ω‖₁=3.155516e-02
  λ=3.583e+00 | Epoch 1460 | lr=1.2500e-04 | Recon MSE=3.894624e-05 | ‖ω‖₁=3.129087e-02
  λ=3.583e+00 | Epoch 1470 | lr=1.2500e-04 | Recon MSE=3.960337e-05 | ‖ω‖₁=3.140308e-02
  λ=3.583e+00 | Epoch 1480 | lr=1.2500e-04 | Recon MSE=4.003818e-05 | ‖ω‖₁=3.159937e-02
  λ=3.583e+00 | Epoch 1490 | lr=1.2500e-04 | Recon MSE=3.861049e-05 | ‖ω‖₁=3.119431e-02
  λ=3.583e+00 | Epoch 1500 | lr=1.2500e-04 | Recon MSE=3.848036e-05 | ‖ω‖₁=3.092090e-02
  λ=3.583e+00 | Epoch 1510 | lr=1.2500e-04 | Recon MSE=3.964844e-05 | ‖ω‖₁=3.082024e-02
  λ=3.583e+00 | Epoch 1520 | lr=1.2500e-04 | Recon MSE=4.093924e-05 | ‖ω‖₁=3.087819e-02
  λ=3.583e+00 | Epoch 1530 | lr=1.2500e-04 | Recon MSE=3.824578e-05 | ‖ω‖₁=3.079006e-02
  λ=3.583e+00 | Epoch 1540 | lr=1.2500e-04 | Recon MSE=4.016076e-05 | ‖ω‖₁=3.100957e-02
  λ=3.583e+00 | Epoch 1550 | lr=1.2500e-04 | Recon MSE=4.052693e-05 | ‖ω‖₁=3.103271e-02
  λ=3.583e+00 | Epoch 1560 | lr=1.2500e-04 | Recon MSE=4.090791e-05 | ‖ω‖₁=3.048690e-02
  λ=3.583e+00 | Epoch 1570 | lr=1.2500e-04 | Recon MSE=3.939939e-05 | ‖ω‖₁=3.051944e-02
  λ=3.583e+00 | Epoch 1580 | lr=1.2500e-04 | Recon MSE=4.057354e-05 | ‖ω‖₁=3.048413e-02
  λ=3.583e+00 | Epoch 1590 | lr=1.2500e-04 | Recon MSE=4.207610e-05 | ‖ω‖₁=3.059212e-02
  λ=3.583e+00 | Epoch 1600 | lr=6.2500e-05 | Recon MSE=3.848869e-05 | ‖ω‖₁=3.026086e-02
  λ=3.583e+00 | Epoch 1610 | lr=6.2500e-05 | Recon MSE=3.737619e-05 | ‖ω‖₁=3.030705e-02
  λ=3.583e+00 | Epoch 1620 | lr=6.2500e-05 | Recon MSE=3.766836e-05 | ‖ω‖₁=3.054700e-02
  λ=3.583e+00 | Epoch 1630 | lr=6.2500e-05 | Recon MSE=3.961516e-05 | ‖ω‖₁=3.044460e-02
  λ=3.583e+00 | Epoch 1640 | lr=6.2500e-05 | Recon MSE=3.956266e-05 | ‖ω‖₁=3.045836e-02
  λ=3.583e+00 | Epoch 1650 | lr=6.2500e-05 | Recon MSE=4.222783e-05 | ‖ω‖₁=3.052720e-02
  λ=3.583e+00 | Epoch 1660 | lr=6.2500e-05 | Recon MSE=3.905251e-05 | ‖ω‖₁=3.039799e-02
  λ=3.583e+00 | Epoch 1670 | lr=6.2500e-05 | Recon MSE=4.002946e-05 | ‖ω‖₁=3.054238e-02
  λ=3.583e+00 | Epoch 1680 | lr=6.2500e-05 | Recon MSE=3.736586e-05 | ‖ω‖₁=3.065603e-02
  λ=3.583e+00 | Epoch 1690 | lr=6.2500e-05 | Recon MSE=3.953822e-05 | ‖ω‖₁=3.064953e-02
  λ=3.583e+00 | Epoch 1700 | lr=6.2500e-05 | Recon MSE=3.955244e-05 | ‖ω‖₁=3.075691e-02
  λ=3.583e+00 | Epoch 1710 | lr=6.2500e-05 | Recon MSE=3.929719e-05 | ‖ω‖₁=3.064957e-02
  λ=3.583e+00 | Epoch 1720 | lr=6.2500e-05 | Recon MSE=3.958410e-05 | ‖ω‖₁=3.073233e-02
  λ=3.583e+00 | Epoch 1730 | lr=6.2500e-05 | Recon MSE=3.861139e-05 | ‖ω‖₁=3.056325e-02
  λ=3.583e+00 | Epoch 1740 | lr=6.2500e-05 | Recon MSE=3.872323e-05 | ‖ω‖₁=3.023337e-02
  λ=3.583e+00 | Epoch 1750 | lr=6.2500e-05 | Recon MSE=3.828113e-05 | ‖ω‖₁=2.989803e-02
  λ=3.583e+00 | Epoch 1760 | lr=6.2500e-05 | Recon MSE=4.223887e-05 | ‖ω‖₁=2.987271e-02
  λ=3.583e+00 | Epoch 1770 | lr=6.2500e-05 | Recon MSE=3.883383e-05 | ‖ω‖₁=2.972662e-02
  λ=3.583e+00 | Epoch 1780 | lr=6.2500e-05 | Recon MSE=3.653623e-05 | ‖ω‖₁=2.978984e-02
  λ=3.583e+00 | Epoch 1790 | lr=6.2500e-05 | Recon MSE=3.968303e-05 | ‖ω‖₁=2.996519e-02
  λ=3.583e+00 | Epoch 1800 | lr=6.2500e-05 | Recon MSE=3.904246e-05 | ‖ω‖₁=3.013018e-02
  λ=3.583e+00 | Epoch 1810 | lr=6.2500e-05 | Recon MSE=3.938376e-05 | ‖ω‖₁=2.988243e-02
  λ=3.583e+00 | Epoch 1820 | lr=6.2500e-05 | Recon MSE=4.189594e-05 | ‖ω‖₁=2.973726e-02
  λ=3.583e+00 | Epoch 1830 | lr=6.2500e-05 | Recon MSE=3.952117e-05 | ‖ω‖₁=2.977110e-02
  λ=3.583e+00 | Epoch 1840 | lr=6.2500e-05 | Recon MSE=3.709579e-05 | ‖ω‖₁=2.966091e-02
  λ=3.583e+00 | Epoch 1850 | lr=6.2500e-05 | Recon MSE=4.179040e-05 | ‖ω‖₁=2.937697e-02
  λ=3.583e+00 | Epoch 1860 | lr=6.2500e-05 | Recon MSE=4.005729e-05 | ‖ω‖₁=2.943045e-02
  λ=3.583e+00 | Epoch 1870 | lr=6.2500e-05 | Recon MSE=4.076737e-05 | ‖ω‖₁=2.928626e-02
  λ=3.583e+00 | Epoch 1880 | lr=6.2500e-05 | Recon MSE=3.897183e-05 | ‖ω‖₁=2.935543e-02
  λ=3.583e+00 | Epoch 1890 | lr=6.2500e-05 | Recon MSE=3.951609e-05 | ‖ω‖₁=2.926813e-02
  λ=3.583e+00 | Epoch 1900 | lr=6.2500e-05 | Recon MSE=4.007596e-05 | ‖ω‖₁=2.935502e-02
  λ=3.583e+00 | Epoch 1910 | lr=6.2500e-05 | Recon MSE=3.817856e-05 | ‖ω‖₁=2.942717e-02
  λ=3.583e+00 | Epoch 1920 | lr=6.2500e-05 | Recon MSE=3.749410e-05 | ‖ω‖₁=2.934815e-02
  λ=3.583e+00 | Epoch 1930 | lr=6.2500e-05 | Recon MSE=3.868255e-05 | ‖ω‖₁=2.940708e-02
  λ=3.583e+00 | Epoch 1940 | lr=6.2500e-05 | Recon MSE=3.876451e-05 | ‖ω‖₁=2.931029e-02
  λ=3.583e+00 | Epoch 1950 | lr=6.2500e-05 | Recon MSE=4.093459e-05 | ‖ω‖₁=2.911903e-02
  λ=3.583e+00 | Epoch 1960 | lr=6.2500e-05 | Recon MSE=3.860761e-05 | ‖ω‖₁=2.907933e-02
  λ=3.583e+00 | Epoch 1970 | lr=6.2500e-05 | Recon MSE=3.815068e-05 | ‖ω‖₁=2.896885e-02
  λ=3.583e+00 | Epoch 1980 | lr=6.2500e-05 | Recon MSE=3.885205e-05 | ‖ω‖₁=2.905758e-02
  λ=3.583e+00 | Epoch 1990 | lr=6.2500e-05 | Recon MSE=3.913481e-05 | ‖ω‖₁=2.912517e-02
  λ=3.583e+00 | Epoch 2000 | lr=3.1250e-05 | Recon MSE=4.003637e-05 | ‖ω‖₁=2.916977e-02
  → at λ=3.583e+00: r(λ)=5, rel_err=1.712798e-03
  → selected modes: [0, 1, 2, 3, 4]

-- Path iteration 9, λ = 4.300e+00 (r(λ) prev = 5)
  λ=4.300e+00 | Epoch   1 | lr=1.0000e-03 | Recon MSE=6.634149e-03 | ‖ω‖₁=2.788821e+01
  λ=4.300e+00 | Epoch  10 | lr=1.0000e-03 | Recon MSE=5.355189e-04 | ‖ω‖₁=5.469364e-01
  λ=4.300e+00 | Epoch  20 | lr=1.0000e-03 | Recon MSE=1.900706e-04 | ‖ω‖₁=4.340030e-01
  λ=4.300e+00 | Epoch  30 | lr=1.0000e-03 | Recon MSE=1.593422e-04 | ‖ω‖₁=3.903728e-01
  λ=4.300e+00 | Epoch  40 | lr=1.0000e-03 | Recon MSE=1.387927e-04 | ‖ω‖₁=3.545283e-01
  λ=4.300e+00 | Epoch  50 | lr=1.0000e-03 | Recon MSE=1.325937e-04 | ‖ω‖₁=3.248369e-01
  λ=4.300e+00 | Epoch  60 | lr=1.0000e-03 | Recon MSE=1.149273e-04 | ‖ω‖₁=2.993741e-01
  λ=4.300e+00 | Epoch  70 | lr=1.0000e-03 | Recon MSE=9.749258e-05 | ‖ω‖₁=2.787811e-01
  λ=4.300e+00 | Epoch  80 | lr=1.0000e-03 | Recon MSE=8.703866e-05 | ‖ω‖₁=2.652151e-01
  λ=4.300e+00 | Epoch  90 | lr=1.0000e-03 | Recon MSE=9.102124e-05 | ‖ω‖₁=2.650763e-01
  λ=4.300e+00 | Epoch 100 | lr=1.0000e-03 | Recon MSE=7.162624e-05 | ‖ω‖₁=2.626182e-01
  λ=4.300e+00 | Epoch 110 | lr=1.0000e-03 | Recon MSE=7.037455e-05 | ‖ω‖₁=2.526947e-01
  λ=4.300e+00 | Epoch 120 | lr=1.0000e-03 | Recon MSE=6.976240e-05 | ‖ω‖₁=2.403086e-01
  λ=4.300e+00 | Epoch 130 | lr=1.0000e-03 | Recon MSE=6.343968e-05 | ‖ω‖₁=2.241270e-01
  λ=4.300e+00 | Epoch 140 | lr=1.0000e-03 | Recon MSE=6.258686e-05 | ‖ω‖₁=2.104931e-01
  λ=4.300e+00 | Epoch 150 | lr=1.0000e-03 | Recon MSE=6.076704e-05 | ‖ω‖₁=1.972754e-01
  λ=4.300e+00 | Epoch 160 | lr=1.0000e-03 | Recon MSE=6.096031e-05 | ‖ω‖₁=1.849989e-01
  λ=4.300e+00 | Epoch 170 | lr=1.0000e-03 | Recon MSE=5.396141e-05 | ‖ω‖₁=1.687368e-01
  λ=4.300e+00 | Epoch 180 | lr=1.0000e-03 | Recon MSE=4.878732e-05 | ‖ω‖₁=1.560800e-01
  λ=4.300e+00 | Epoch 190 | lr=1.0000e-03 | Recon MSE=4.906621e-05 | ‖ω‖₁=1.440456e-01
  λ=4.300e+00 | Epoch 200 | lr=1.0000e-03 | Recon MSE=5.486780e-05 | ‖ω‖₁=1.326533e-01
  λ=4.300e+00 | Epoch 210 | lr=1.0000e-03 | Recon MSE=5.673094e-05 | ‖ω‖₁=1.253560e-01
  λ=4.300e+00 | Epoch 220 | lr=1.0000e-03 | Recon MSE=5.006754e-05 | ‖ω‖₁=1.180830e-01
  λ=4.300e+00 | Epoch 230 | lr=1.0000e-03 | Recon MSE=4.726142e-05 | ‖ω‖₁=1.113746e-01
  λ=4.300e+00 | Epoch 240 | lr=1.0000e-03 | Recon MSE=4.795697e-05 | ‖ω‖₁=1.076877e-01
  λ=4.300e+00 | Epoch 250 | lr=1.0000e-03 | Recon MSE=4.466082e-05 | ‖ω‖₁=1.032215e-01
  λ=4.300e+00 | Epoch 260 | lr=1.0000e-03 | Recon MSE=4.720206e-05 | ‖ω‖₁=9.814447e-02
  λ=4.300e+00 | Epoch 270 | lr=1.0000e-03 | Recon MSE=4.889252e-05 | ‖ω‖₁=9.512469e-02
  λ=4.300e+00 | Epoch 280 | lr=1.0000e-03 | Recon MSE=4.678609e-05 | ‖ω‖₁=9.028966e-02
  λ=4.300e+00 | Epoch 290 | lr=1.0000e-03 | Recon MSE=5.180585e-05 | ‖ω‖₁=8.712334e-02
  λ=4.300e+00 | Epoch 300 | lr=1.0000e-03 | Recon MSE=4.355909e-05 | ‖ω‖₁=8.407207e-02
  λ=4.300e+00 | Epoch 310 | lr=1.0000e-03 | Recon MSE=4.723482e-05 | ‖ω‖₁=8.124396e-02
  λ=4.300e+00 | Epoch 320 | lr=1.0000e-03 | Recon MSE=4.072455e-05 | ‖ω‖₁=7.851822e-02
  λ=4.300e+00 | Epoch 330 | lr=1.0000e-03 | Recon MSE=4.142371e-05 | ‖ω‖₁=7.584175e-02
  λ=4.300e+00 | Epoch 340 | lr=1.0000e-03 | Recon MSE=5.463179e-05 | ‖ω‖₁=7.557117e-02
  λ=4.300e+00 | Epoch 350 | lr=1.0000e-03 | Recon MSE=4.288601e-05 | ‖ω‖₁=7.217678e-02
  λ=4.300e+00 | Epoch 360 | lr=1.0000e-03 | Recon MSE=4.391380e-05 | ‖ω‖₁=6.754433e-02
  λ=4.300e+00 | Epoch 370 | lr=1.0000e-03 | Recon MSE=4.686413e-05 | ‖ω‖₁=6.731115e-02
  λ=4.300e+00 | Epoch 380 | lr=1.0000e-03 | Recon MSE=4.683118e-05 | ‖ω‖₁=6.454086e-02
  λ=4.300e+00 | Epoch 390 | lr=1.0000e-03 | Recon MSE=4.398003e-05 | ‖ω‖₁=6.077914e-02
  λ=4.300e+00 | Epoch 400 | lr=5.0000e-04 | Recon MSE=4.492550e-05 | ‖ω‖₁=5.870806e-02
  λ=4.300e+00 | Epoch 410 | lr=5.0000e-04 | Recon MSE=4.277066e-05 | ‖ω‖₁=5.811585e-02
  λ=4.300e+00 | Epoch 420 | lr=5.0000e-04 | Recon MSE=3.985162e-05 | ‖ω‖₁=5.696280e-02
  λ=4.300e+00 | Epoch 430 | lr=5.0000e-04 | Recon MSE=3.836741e-05 | ‖ω‖₁=5.611184e-02
  λ=4.300e+00 | Epoch 440 | lr=5.0000e-04 | Recon MSE=4.172324e-05 | ‖ω‖₁=5.665425e-02
  λ=4.300e+00 | Epoch 450 | lr=5.0000e-04 | Recon MSE=3.902011e-05 | ‖ω‖₁=5.536116e-02
  λ=4.300e+00 | Epoch 460 | lr=5.0000e-04 | Recon MSE=4.273638e-05 | ‖ω‖₁=5.422520e-02
  λ=4.300e+00 | Epoch 470 | lr=5.0000e-04 | Recon MSE=4.271828e-05 | ‖ω‖₁=5.421618e-02
  λ=4.300e+00 | Epoch 480 | lr=5.0000e-04 | Recon MSE=4.263488e-05 | ‖ω‖₁=5.500507e-02
  λ=4.300e+00 | Epoch 490 | lr=5.0000e-04 | Recon MSE=3.948667e-05 | ‖ω‖₁=5.491036e-02
  λ=4.300e+00 | Epoch 500 | lr=5.0000e-04 | Recon MSE=4.451196e-05 | ‖ω‖₁=5.353712e-02
  λ=4.300e+00 | Epoch 510 | lr=5.0000e-04 | Recon MSE=3.979821e-05 | ‖ω‖₁=5.280701e-02
  λ=4.300e+00 | Epoch 520 | lr=5.0000e-04 | Recon MSE=4.281324e-05 | ‖ω‖₁=5.248228e-02
  λ=4.300e+00 | Epoch 530 | lr=5.0000e-04 | Recon MSE=3.789547e-05 | ‖ω‖₁=5.201244e-02
  λ=4.300e+00 | Epoch 540 | lr=5.0000e-04 | Recon MSE=4.451280e-05 | ‖ω‖₁=5.169315e-02
  λ=4.300e+00 | Epoch 550 | lr=5.0000e-04 | Recon MSE=4.213942e-05 | ‖ω‖₁=5.120273e-02
  λ=4.300e+00 | Epoch 560 | lr=5.0000e-04 | Recon MSE=4.202090e-05 | ‖ω‖₁=4.854524e-02
  λ=4.300e+00 | Epoch 570 | lr=5.0000e-04 | Recon MSE=3.874227e-05 | ‖ω‖₁=4.773103e-02
  λ=4.300e+00 | Epoch 580 | lr=5.0000e-04 | Recon MSE=4.698846e-05 | ‖ω‖₁=4.749625e-02
  λ=4.300e+00 | Epoch 590 | lr=5.0000e-04 | Recon MSE=3.874919e-05 | ‖ω‖₁=4.681609e-02
  λ=4.300e+00 | Epoch 600 | lr=5.0000e-04 | Recon MSE=4.231290e-05 | ‖ω‖₁=4.642119e-02
  λ=4.300e+00 | Epoch 610 | lr=5.0000e-04 | Recon MSE=4.082690e-05 | ‖ω‖₁=4.671333e-02
  λ=4.300e+00 | Epoch 620 | lr=5.0000e-04 | Recon MSE=4.253669e-05 | ‖ω‖₁=4.731947e-02
  λ=4.300e+00 | Epoch 630 | lr=5.0000e-04 | Recon MSE=4.691636e-05 | ‖ω‖₁=4.583574e-02
  λ=4.300e+00 | Epoch 640 | lr=5.0000e-04 | Recon MSE=4.141072e-05 | ‖ω‖₁=4.413496e-02
  λ=4.300e+00 | Epoch 650 | lr=5.0000e-04 | Recon MSE=5.595733e-05 | ‖ω‖₁=4.356506e-02
  λ=4.300e+00 | Epoch 660 | lr=5.0000e-04 | Recon MSE=4.230485e-05 | ‖ω‖₁=4.291068e-02
  λ=4.300e+00 | Epoch 670 | lr=5.0000e-04 | Recon MSE=3.886477e-05 | ‖ω‖₁=4.232610e-02
  λ=4.300e+00 | Epoch 680 | lr=5.0000e-04 | Recon MSE=4.023927e-05 | ‖ω‖₁=4.202348e-02
  λ=4.300e+00 | Epoch 690 | lr=5.0000e-04 | Recon MSE=4.057570e-05 | ‖ω‖₁=4.270650e-02
  λ=4.300e+00 | Epoch 700 | lr=5.0000e-04 | Recon MSE=3.926658e-05 | ‖ω‖₁=4.037554e-02
  λ=4.300e+00 | Epoch 710 | lr=5.0000e-04 | Recon MSE=4.155944e-05 | ‖ω‖₁=4.019613e-02
  λ=4.300e+00 | Epoch 720 | lr=5.0000e-04 | Recon MSE=5.039358e-05 | ‖ω‖₁=3.953218e-02
  λ=4.300e+00 | Epoch 730 | lr=5.0000e-04 | Recon MSE=5.227682e-05 | ‖ω‖₁=3.879179e-02
  λ=4.300e+00 | Epoch 740 | lr=5.0000e-04 | Recon MSE=4.011664e-05 | ‖ω‖₁=3.863606e-02
  λ=4.300e+00 | Epoch 750 | lr=5.0000e-04 | Recon MSE=4.082498e-05 | ‖ω‖₁=3.700546e-02
  λ=4.300e+00 | Epoch 760 | lr=5.0000e-04 | Recon MSE=4.809085e-05 | ‖ω‖₁=3.672485e-02
  λ=4.300e+00 | Epoch 770 | lr=5.0000e-04 | Recon MSE=4.147656e-05 | ‖ω‖₁=3.725480e-02
  λ=4.300e+00 | Epoch 780 | lr=5.0000e-04 | Recon MSE=4.242907e-05 | ‖ω‖₁=3.543781e-02
  λ=4.300e+00 | Epoch 790 | lr=5.0000e-04 | Recon MSE=4.146188e-05 | ‖ω‖₁=3.486129e-02
  λ=4.300e+00 | Epoch 800 | lr=2.5000e-04 | Recon MSE=4.157711e-05 | ‖ω‖₁=3.414841e-02
  λ=4.300e+00 | Epoch 810 | lr=2.5000e-04 | Recon MSE=3.774558e-05 | ‖ω‖₁=3.441051e-02
  λ=4.300e+00 | Epoch 820 | lr=2.5000e-04 | Recon MSE=4.230453e-05 | ‖ω‖₁=3.507895e-02
  λ=4.300e+00 | Epoch 830 | lr=2.5000e-04 | Recon MSE=4.194494e-05 | ‖ω‖₁=3.486234e-02
  λ=4.300e+00 | Epoch 840 | lr=2.5000e-04 | Recon MSE=3.623610e-05 | ‖ω‖₁=3.494649e-02
  λ=4.300e+00 | Epoch 850 | lr=2.5000e-04 | Recon MSE=4.302999e-05 | ‖ω‖₁=3.406908e-02
  λ=4.300e+00 | Epoch 860 | lr=2.5000e-04 | Recon MSE=3.789510e-05 | ‖ω‖₁=3.364630e-02
  λ=4.300e+00 | Epoch 870 | lr=2.5000e-04 | Recon MSE=3.982251e-05 | ‖ω‖₁=3.256142e-02
  λ=4.300e+00 | Epoch 880 | lr=2.5000e-04 | Recon MSE=4.019844e-05 | ‖ω‖₁=3.297191e-02
  λ=4.300e+00 | Epoch 890 | lr=2.5000e-04 | Recon MSE=4.145677e-05 | ‖ω‖₁=3.333345e-02
  λ=4.300e+00 | Epoch 900 | lr=2.5000e-04 | Recon MSE=4.011261e-05 | ‖ω‖₁=3.316103e-02
  λ=4.300e+00 | Epoch 910 | lr=2.5000e-04 | Recon MSE=4.395144e-05 | ‖ω‖₁=3.360415e-02
  λ=4.300e+00 | Epoch 920 | lr=2.5000e-04 | Recon MSE=4.064340e-05 | ‖ω‖₁=3.295574e-02
  λ=4.300e+00 | Epoch 930 | lr=2.5000e-04 | Recon MSE=4.556419e-05 | ‖ω‖₁=3.282722e-02
  λ=4.300e+00 | Epoch 940 | lr=2.5000e-04 | Recon MSE=4.242204e-05 | ‖ω‖₁=3.235214e-02
  λ=4.300e+00 | Epoch 950 | lr=2.5000e-04 | Recon MSE=3.899043e-05 | ‖ω‖₁=3.198202e-02
  λ=4.300e+00 | Epoch 960 | lr=2.5000e-04 | Recon MSE=4.039414e-05 | ‖ω‖₁=3.162322e-02
  λ=4.300e+00 | Epoch 970 | lr=2.5000e-04 | Recon MSE=4.485620e-05 | ‖ω‖₁=3.135859e-02
  λ=4.300e+00 | Epoch 980 | lr=2.5000e-04 | Recon MSE=3.893568e-05 | ‖ω‖₁=3.074278e-02
  λ=4.300e+00 | Epoch 990 | lr=2.5000e-04 | Recon MSE=4.110014e-05 | ‖ω‖₁=3.054517e-02
  λ=4.300e+00 | Epoch 1000 | lr=2.5000e-04 | Recon MSE=4.142868e-05 | ‖ω‖₁=3.031507e-02
  λ=4.300e+00 | Epoch 1010 | lr=2.5000e-04 | Recon MSE=4.404879e-05 | ‖ω‖₁=3.040347e-02
  λ=4.300e+00 | Epoch 1020 | lr=2.5000e-04 | Recon MSE=4.381178e-05 | ‖ω‖₁=3.091696e-02
  λ=4.300e+00 | Epoch 1030 | lr=2.5000e-04 | Recon MSE=4.136995e-05 | ‖ω‖₁=2.998368e-02
  λ=4.300e+00 | Epoch 1040 | lr=2.5000e-04 | Recon MSE=4.019667e-05 | ‖ω‖₁=3.013231e-02
  λ=4.300e+00 | Epoch 1050 | lr=2.5000e-04 | Recon MSE=3.803462e-05 | ‖ω‖₁=2.934888e-02
  λ=4.300e+00 | Epoch 1060 | lr=2.5000e-04 | Recon MSE=4.194259e-05 | ‖ω‖₁=3.047641e-02
  λ=4.300e+00 | Epoch 1070 | lr=2.5000e-04 | Recon MSE=3.836884e-05 | ‖ω‖₁=3.094065e-02
  λ=4.300e+00 | Epoch 1080 | lr=2.5000e-04 | Recon MSE=4.134615e-05 | ‖ω‖₁=3.047256e-02
  λ=4.300e+00 | Epoch 1090 | lr=2.5000e-04 | Recon MSE=4.162250e-05 | ‖ω‖₁=3.027801e-02
  λ=4.300e+00 | Epoch 1100 | lr=2.5000e-04 | Recon MSE=4.005263e-05 | ‖ω‖₁=3.049026e-02
  λ=4.300e+00 | Epoch 1110 | lr=2.5000e-04 | Recon MSE=3.979472e-05 | ‖ω‖₁=3.008078e-02
  λ=4.300e+00 | Epoch 1120 | lr=2.5000e-04 | Recon MSE=4.054172e-05 | ‖ω‖₁=2.968500e-02
  λ=4.300e+00 | Epoch 1130 | lr=2.5000e-04 | Recon MSE=3.878902e-05 | ‖ω‖₁=2.948588e-02
  λ=4.300e+00 | Epoch 1140 | lr=2.5000e-04 | Recon MSE=4.134783e-05 | ‖ω‖₁=2.916563e-02
  λ=4.300e+00 | Epoch 1150 | lr=2.5000e-04 | Recon MSE=3.876212e-05 | ‖ω‖₁=2.897158e-02
  λ=4.300e+00 | Epoch 1160 | lr=2.5000e-04 | Recon MSE=4.289887e-05 | ‖ω‖₁=2.955674e-02
  λ=4.300e+00 | Epoch 1170 | lr=2.5000e-04 | Recon MSE=3.954639e-05 | ‖ω‖₁=2.959774e-02
  λ=4.300e+00 | Epoch 1180 | lr=2.5000e-04 | Recon MSE=3.998714e-05 | ‖ω‖₁=3.011429e-02
  λ=4.300e+00 | Epoch 1190 | lr=2.5000e-04 | Recon MSE=4.164781e-05 | ‖ω‖₁=3.043896e-02
  λ=4.300e+00 | Epoch 1200 | lr=1.2500e-04 | Recon MSE=3.908980e-05 | ‖ω‖₁=2.920800e-02
  λ=4.300e+00 | Epoch 1210 | lr=1.2500e-04 | Recon MSE=4.284118e-05 | ‖ω‖₁=2.918892e-02
  λ=4.300e+00 | Epoch 1220 | lr=1.2500e-04 | Recon MSE=4.059332e-05 | ‖ω‖₁=2.938365e-02
  λ=4.300e+00 | Epoch 1230 | lr=1.2500e-04 | Recon MSE=3.763258e-05 | ‖ω‖₁=2.913821e-02
  λ=4.300e+00 | Epoch 1240 | lr=1.2500e-04 | Recon MSE=4.353349e-05 | ‖ω‖₁=2.870014e-02
  λ=4.300e+00 | Epoch 1250 | lr=1.2500e-04 | Recon MSE=4.237744e-05 | ‖ω‖₁=2.836406e-02
  λ=4.300e+00 | Epoch 1260 | lr=1.2500e-04 | Recon MSE=3.746732e-05 | ‖ω‖₁=2.874939e-02
  λ=4.300e+00 | Epoch 1270 | lr=1.2500e-04 | Recon MSE=3.899779e-05 | ‖ω‖₁=2.855716e-02
  λ=4.300e+00 | Epoch 1280 | lr=1.2500e-04 | Recon MSE=3.918913e-05 | ‖ω‖₁=2.833034e-02
  λ=4.300e+00 | Epoch 1290 | lr=1.2500e-04 | Recon MSE=3.947018e-05 | ‖ω‖₁=2.816465e-02
  λ=4.300e+00 | Epoch 1300 | lr=1.2500e-04 | Recon MSE=4.305538e-05 | ‖ω‖₁=2.777028e-02
  λ=4.300e+00 | Epoch 1310 | lr=1.2500e-04 | Recon MSE=4.012895e-05 | ‖ω‖₁=2.796414e-02
  λ=4.300e+00 | Epoch 1320 | lr=1.2500e-04 | Recon MSE=3.752986e-05 | ‖ω‖₁=2.811478e-02
  λ=4.300e+00 | Epoch 1330 | lr=1.2500e-04 | Recon MSE=3.868655e-05 | ‖ω‖₁=2.832864e-02
  λ=4.300e+00 | Epoch 1340 | lr=1.2500e-04 | Recon MSE=3.833573e-05 | ‖ω‖₁=2.867762e-02
  λ=4.300e+00 | Epoch 1350 | lr=1.2500e-04 | Recon MSE=4.224037e-05 | ‖ω‖₁=2.841164e-02
  λ=4.300e+00 | Epoch 1360 | lr=1.2500e-04 | Recon MSE=4.123716e-05 | ‖ω‖₁=2.831509e-02
  λ=4.300e+00 | Epoch 1370 | lr=1.2500e-04 | Recon MSE=3.984468e-05 | ‖ω‖₁=2.812148e-02
  λ=4.300e+00 | Epoch 1380 | lr=1.2500e-04 | Recon MSE=4.040458e-05 | ‖ω‖₁=2.759468e-02
  λ=4.300e+00 | Epoch 1390 | lr=1.2500e-04 | Recon MSE=4.184551e-05 | ‖ω‖₁=2.807438e-02
  λ=4.300e+00 | Epoch 1400 | lr=1.2500e-04 | Recon MSE=4.210012e-05 | ‖ω‖₁=2.746910e-02
  λ=4.300e+00 | Epoch 1410 | lr=1.2500e-04 | Recon MSE=4.066848e-05 | ‖ω‖₁=2.795646e-02
  λ=4.300e+00 | Epoch 1420 | lr=1.2500e-04 | Recon MSE=3.955145e-05 | ‖ω‖₁=2.757046e-02
  λ=4.300e+00 | Epoch 1430 | lr=1.2500e-04 | Recon MSE=4.172931e-05 | ‖ω‖₁=2.726019e-02
  λ=4.300e+00 | Epoch 1440 | lr=1.2500e-04 | Recon MSE=4.064331e-05 | ‖ω‖₁=2.712449e-02
  λ=4.300e+00 | Epoch 1450 | lr=1.2500e-04 | Recon MSE=3.760378e-05 | ‖ω‖₁=2.708787e-02
  λ=4.300e+00 | Epoch 1460 | lr=1.2500e-04 | Recon MSE=3.893071e-05 | ‖ω‖₁=2.718217e-02
  λ=4.300e+00 | Epoch 1470 | lr=1.2500e-04 | Recon MSE=3.758059e-05 | ‖ω‖₁=2.666232e-02
  λ=4.300e+00 | Epoch 1480 | lr=1.2500e-04 | Recon MSE=3.769928e-05 | ‖ω‖₁=2.673654e-02
  λ=4.300e+00 | Epoch 1490 | lr=1.2500e-04 | Recon MSE=4.069979e-05 | ‖ω‖₁=2.648184e-02
  λ=4.300e+00 | Epoch 1500 | lr=1.2500e-04 | Recon MSE=3.913379e-05 | ‖ω‖₁=2.660980e-02
  λ=4.300e+00 | Epoch 1510 | lr=1.2500e-04 | Recon MSE=4.063489e-05 | ‖ω‖₁=2.695881e-02
  λ=4.300e+00 | Epoch 1520 | lr=1.2500e-04 | Recon MSE=4.007896e-05 | ‖ω‖₁=2.714341e-02
  λ=4.300e+00 | Epoch 1530 | lr=1.2500e-04 | Recon MSE=4.067229e-05 | ‖ω‖₁=2.715359e-02
  λ=4.300e+00 | Epoch 1540 | lr=1.2500e-04 | Recon MSE=4.384458e-05 | ‖ω‖₁=2.688362e-02
  λ=4.300e+00 | Epoch 1550 | lr=1.2500e-04 | Recon MSE=4.078641e-05 | ‖ω‖₁=2.674865e-02
  λ=4.300e+00 | Epoch 1560 | lr=1.2500e-04 | Recon MSE=4.117451e-05 | ‖ω‖₁=2.612274e-02
  λ=4.300e+00 | Epoch 1570 | lr=1.2500e-04 | Recon MSE=4.025752e-05 | ‖ω‖₁=2.702426e-02
  λ=4.300e+00 | Epoch 1580 | lr=1.2500e-04 | Recon MSE=3.838959e-05 | ‖ω‖₁=2.626681e-02
  λ=4.300e+00 | Epoch 1590 | lr=1.2500e-04 | Recon MSE=3.916478e-05 | ‖ω‖₁=2.616048e-02
  λ=4.300e+00 | Epoch 1600 | lr=6.2500e-05 | Recon MSE=3.689885e-05 | ‖ω‖₁=2.645635e-02
  λ=4.300e+00 | Epoch 1610 | lr=6.2500e-05 | Recon MSE=3.873566e-05 | ‖ω‖₁=2.648565e-02
  λ=4.300e+00 | Epoch 1620 | lr=6.2500e-05 | Recon MSE=3.818530e-05 | ‖ω‖₁=2.663668e-02
  λ=4.300e+00 | Epoch 1630 | lr=6.2500e-05 | Recon MSE=3.961885e-05 | ‖ω‖₁=2.663433e-02
  λ=4.300e+00 | Epoch 1640 | lr=6.2500e-05 | Recon MSE=3.906034e-05 | ‖ω‖₁=2.657107e-02
  λ=4.300e+00 | Epoch 1650 | lr=6.2500e-05 | Recon MSE=3.773553e-05 | ‖ω‖₁=2.632596e-02
  λ=4.300e+00 | Epoch 1660 | lr=6.2500e-05 | Recon MSE=3.681313e-05 | ‖ω‖₁=2.635536e-02
  λ=4.300e+00 | Epoch 1670 | lr=6.2500e-05 | Recon MSE=4.068804e-05 | ‖ω‖₁=2.610421e-02
  λ=4.300e+00 | Epoch 1680 | lr=6.2500e-05 | Recon MSE=3.728799e-05 | ‖ω‖₁=2.601225e-02
  λ=4.300e+00 | Epoch 1690 | lr=6.2500e-05 | Recon MSE=3.808129e-05 | ‖ω‖₁=2.616922e-02
  λ=4.300e+00 | Epoch 1700 | lr=6.2500e-05 | Recon MSE=3.904616e-05 | ‖ω‖₁=2.608069e-02
  λ=4.300e+00 | Epoch 1710 | lr=6.2500e-05 | Recon MSE=4.039381e-05 | ‖ω‖₁=2.611023e-02
  λ=4.300e+00 | Epoch 1720 | lr=6.2500e-05 | Recon MSE=3.903591e-05 | ‖ω‖₁=2.595421e-02
  λ=4.300e+00 | Epoch 1730 | lr=6.2500e-05 | Recon MSE=3.733934e-05 | ‖ω‖₁=2.598308e-02
  λ=4.300e+00 | Epoch 1740 | lr=6.2500e-05 | Recon MSE=3.785939e-05 | ‖ω‖₁=2.574659e-02
  λ=4.300e+00 | Epoch 1750 | lr=6.2500e-05 | Recon MSE=4.048734e-05 | ‖ω‖₁=2.583010e-02
  λ=4.300e+00 | Epoch 1760 | lr=6.2500e-05 | Recon MSE=3.833583e-05 | ‖ω‖₁=2.584705e-02
  λ=4.300e+00 | Epoch 1770 | lr=6.2500e-05 | Recon MSE=3.801130e-05 | ‖ω‖₁=2.609433e-02
  λ=4.300e+00 | Epoch 1780 | lr=6.2500e-05 | Recon MSE=3.814894e-05 | ‖ω‖₁=2.590445e-02
  λ=4.300e+00 | Epoch 1790 | lr=6.2500e-05 | Recon MSE=3.681352e-05 | ‖ω‖₁=2.603421e-02
  λ=4.300e+00 | Epoch 1800 | lr=6.2500e-05 | Recon MSE=4.186309e-05 | ‖ω‖₁=2.582026e-02
  λ=4.300e+00 | Epoch 1810 | lr=6.2500e-05 | Recon MSE=3.713034e-05 | ‖ω‖₁=2.603057e-02
  λ=4.300e+00 | Epoch 1820 | lr=6.2500e-05 | Recon MSE=3.705178e-05 | ‖ω‖₁=2.602958e-02
  λ=4.300e+00 | Epoch 1830 | lr=6.2500e-05 | Recon MSE=3.905606e-05 | ‖ω‖₁=2.565072e-02
  λ=4.300e+00 | Epoch 1840 | lr=6.2500e-05 | Recon MSE=4.066957e-05 | ‖ω‖₁=2.552876e-02
  λ=4.300e+00 | Epoch 1850 | lr=6.2500e-05 | Recon MSE=3.946676e-05 | ‖ω‖₁=2.542712e-02
  λ=4.300e+00 | Epoch 1860 | lr=6.2500e-05 | Recon MSE=3.733224e-05 | ‖ω‖₁=2.529917e-02
  λ=4.300e+00 | Epoch 1870 | lr=6.2500e-05 | Recon MSE=3.984379e-05 | ‖ω‖₁=2.529328e-02
  λ=4.300e+00 | Epoch 1880 | lr=6.2500e-05 | Recon MSE=4.052589e-05 | ‖ω‖₁=2.535378e-02
  λ=4.300e+00 | Epoch 1890 | lr=6.2500e-05 | Recon MSE=3.815737e-05 | ‖ω‖₁=2.523315e-02
  λ=4.300e+00 | Epoch 1900 | lr=6.2500e-05 | Recon MSE=4.035193e-05 | ‖ω‖₁=2.532525e-02
  λ=4.300e+00 | Epoch 1910 | lr=6.2500e-05 | Recon MSE=3.990503e-05 | ‖ω‖₁=2.519945e-02
  λ=4.300e+00 | Epoch 1920 | lr=6.2500e-05 | Recon MSE=3.919476e-05 | ‖ω‖₁=2.509047e-02
  λ=4.300e+00 | Epoch 1930 | lr=6.2500e-05 | Recon MSE=3.999034e-05 | ‖ω‖₁=2.503326e-02
  λ=4.300e+00 | Epoch 1940 | lr=6.2500e-05 | Recon MSE=3.890310e-05 | ‖ω‖₁=2.499795e-02
  λ=4.300e+00 | Epoch 1950 | lr=6.2500e-05 | Recon MSE=3.896179e-05 | ‖ω‖₁=2.503191e-02
  λ=4.300e+00 | Epoch 1960 | lr=6.2500e-05 | Recon MSE=3.934760e-05 | ‖ω‖₁=2.523435e-02
  λ=4.300e+00 | Epoch 1970 | lr=6.2500e-05 | Recon MSE=3.840747e-05 | ‖ω‖₁=2.493387e-02
  λ=4.300e+00 | Epoch 1980 | lr=6.2500e-05 | Recon MSE=3.813071e-05 | ‖ω‖₁=2.476292e-02
  λ=4.300e+00 | Epoch 1990 | lr=6.2500e-05 | Recon MSE=3.856985e-05 | ‖ω‖₁=2.442367e-02
  λ=4.300e+00 | Epoch 2000 | lr=3.1250e-05 | Recon MSE=3.812126e-05 | ‖ω‖₁=2.442589e-02
  → at λ=4.300e+00: r(λ)=5, rel_err=1.817853e-03
  → selected modes: [0, 1, 2, 3, 4]

-- Path iteration 10, λ = 5.160e+00 (r(λ) prev = 5)
  λ=5.160e+00 | Epoch   1 | lr=1.0000e-03 | Recon MSE=4.521590e-03 | ‖ω‖₁=2.746997e+01
  λ=5.160e+00 | Epoch  10 | lr=1.0000e-03 | Recon MSE=4.115888e-04 | ‖ω‖₁=4.816156e-01
  λ=5.160e+00 | Epoch  20 | lr=1.0000e-03 | Recon MSE=1.777252e-04 | ‖ω‖₁=4.077182e-01
  λ=5.160e+00 | Epoch  30 | lr=1.0000e-03 | Recon MSE=1.471314e-04 | ‖ω‖₁=3.613038e-01
  λ=5.160e+00 | Epoch  40 | lr=1.0000e-03 | Recon MSE=1.301511e-04 | ‖ω‖₁=3.239534e-01
  λ=5.160e+00 | Epoch  50 | lr=1.0000e-03 | Recon MSE=1.062732e-04 | ‖ω‖₁=2.943048e-01
  λ=5.160e+00 | Epoch  60 | lr=1.0000e-03 | Recon MSE=1.029143e-04 | ‖ω‖₁=2.734453e-01
  λ=5.160e+00 | Epoch  70 | lr=1.0000e-03 | Recon MSE=8.731078e-05 | ‖ω‖₁=2.703262e-01
  λ=5.160e+00 | Epoch  80 | lr=1.0000e-03 | Recon MSE=7.963238e-05 | ‖ω‖₁=2.613608e-01
  λ=5.160e+00 | Epoch  90 | lr=1.0000e-03 | Recon MSE=7.233446e-05 | ‖ω‖₁=2.414973e-01
  λ=5.160e+00 | Epoch 100 | lr=1.0000e-03 | Recon MSE=6.617351e-05 | ‖ω‖₁=2.243549e-01
  λ=5.160e+00 | Epoch 110 | lr=1.0000e-03 | Recon MSE=6.671293e-05 | ‖ω‖₁=2.098118e-01
  λ=5.160e+00 | Epoch 120 | lr=1.0000e-03 | Recon MSE=6.471107e-05 | ‖ω‖₁=1.938385e-01
  λ=5.160e+00 | Epoch 130 | lr=1.0000e-03 | Recon MSE=6.533076e-05 | ‖ω‖₁=1.748641e-01
  λ=5.160e+00 | Epoch 140 | lr=1.0000e-03 | Recon MSE=5.586224e-05 | ‖ω‖₁=1.579975e-01
  λ=5.160e+00 | Epoch 150 | lr=1.0000e-03 | Recon MSE=6.309386e-05 | ‖ω‖₁=1.429836e-01
  λ=5.160e+00 | Epoch 160 | lr=1.0000e-03 | Recon MSE=5.118929e-05 | ‖ω‖₁=1.286405e-01
  λ=5.160e+00 | Epoch 170 | lr=1.0000e-03 | Recon MSE=4.821911e-05 | ‖ω‖₁=1.147699e-01
  λ=5.160e+00 | Epoch 180 | lr=1.0000e-03 | Recon MSE=4.457578e-05 | ‖ω‖₁=1.066480e-01
  λ=5.160e+00 | Epoch 190 | lr=1.0000e-03 | Recon MSE=4.690765e-05 | ‖ω‖₁=9.975820e-02
  λ=5.160e+00 | Epoch 200 | lr=1.0000e-03 | Recon MSE=4.654758e-05 | ‖ω‖₁=9.226503e-02
  λ=5.160e+00 | Epoch 210 | lr=1.0000e-03 | Recon MSE=4.444946e-05 | ‖ω‖₁=9.083756e-02
  λ=5.160e+00 | Epoch 220 | lr=1.0000e-03 | Recon MSE=5.200451e-05 | ‖ω‖₁=8.811745e-02
  λ=5.160e+00 | Epoch 230 | lr=1.0000e-03 | Recon MSE=4.482322e-05 | ‖ω‖₁=8.299042e-02
  λ=5.160e+00 | Epoch 240 | lr=1.0000e-03 | Recon MSE=4.235505e-05 | ‖ω‖₁=8.073058e-02
  λ=5.160e+00 | Epoch 250 | lr=1.0000e-03 | Recon MSE=4.399761e-05 | ‖ω‖₁=7.640830e-02
  λ=5.160e+00 | Epoch 260 | lr=1.0000e-03 | Recon MSE=4.835555e-05 | ‖ω‖₁=7.461535e-02
  λ=5.160e+00 | Epoch 270 | lr=1.0000e-03 | Recon MSE=5.192555e-05 | ‖ω‖₁=7.466031e-02
  λ=5.160e+00 | Epoch 280 | lr=1.0000e-03 | Recon MSE=4.526044e-05 | ‖ω‖₁=7.076802e-02
  λ=5.160e+00 | Epoch 290 | lr=1.0000e-03 | Recon MSE=4.696026e-05 | ‖ω‖₁=6.765344e-02
  λ=5.160e+00 | Epoch 300 | lr=1.0000e-03 | Recon MSE=5.369202e-05 | ‖ω‖₁=6.537426e-02
  λ=5.160e+00 | Epoch 310 | lr=1.0000e-03 | Recon MSE=4.421800e-05 | ‖ω‖₁=6.362527e-02
  λ=5.160e+00 | Epoch 320 | lr=1.0000e-03 | Recon MSE=4.425915e-05 | ‖ω‖₁=5.911700e-02
  λ=5.160e+00 | Epoch 330 | lr=1.0000e-03 | Recon MSE=4.555232e-05 | ‖ω‖₁=5.663457e-02
  λ=5.160e+00 | Epoch 340 | lr=1.0000e-03 | Recon MSE=5.225533e-05 | ‖ω‖₁=5.345811e-02
  λ=5.160e+00 | Epoch 350 | lr=1.0000e-03 | Recon MSE=4.614400e-05 | ‖ω‖₁=5.221444e-02
  λ=5.160e+00 | Epoch 360 | lr=1.0000e-03 | Recon MSE=4.844646e-05 | ‖ω‖₁=4.923113e-02
  λ=5.160e+00 | Epoch 370 | lr=1.0000e-03 | Recon MSE=4.429499e-05 | ‖ω‖₁=4.683294e-02
  λ=5.160e+00 | Epoch 380 | lr=1.0000e-03 | Recon MSE=4.512647e-05 | ‖ω‖₁=4.339340e-02
  λ=5.160e+00 | Epoch 390 | lr=1.0000e-03 | Recon MSE=4.303823e-05 | ‖ω‖₁=4.295378e-02
  λ=5.160e+00 | Epoch 400 | lr=5.0000e-04 | Recon MSE=4.704696e-05 | ‖ω‖₁=4.042765e-02
  λ=5.160e+00 | Epoch 410 | lr=5.0000e-04 | Recon MSE=3.767510e-05 | ‖ω‖₁=3.923708e-02
  λ=5.160e+00 | Epoch 420 | lr=5.0000e-04 | Recon MSE=4.237278e-05 | ‖ω‖₁=3.848550e-02
  λ=5.160e+00 | Epoch 430 | lr=5.0000e-04 | Recon MSE=3.879343e-05 | ‖ω‖₁=3.797240e-02
  λ=5.160e+00 | Epoch 440 | lr=5.0000e-04 | Recon MSE=4.248655e-05 | ‖ω‖₁=3.762778e-02
  λ=5.160e+00 | Epoch 450 | lr=5.0000e-04 | Recon MSE=4.411926e-05 | ‖ω‖₁=3.692792e-02
  λ=5.160e+00 | Epoch 460 | lr=5.0000e-04 | Recon MSE=3.955887e-05 | ‖ω‖₁=3.543822e-02
  λ=5.160e+00 | Epoch 470 | lr=5.0000e-04 | Recon MSE=4.276720e-05 | ‖ω‖₁=3.491509e-02
  λ=5.160e+00 | Epoch 480 | lr=5.0000e-04 | Recon MSE=3.708996e-05 | ‖ω‖₁=3.446157e-02
  λ=5.160e+00 | Epoch 490 | lr=5.0000e-04 | Recon MSE=4.139265e-05 | ‖ω‖₁=3.404181e-02
  λ=5.160e+00 | Epoch 500 | lr=5.0000e-04 | Recon MSE=4.373903e-05 | ‖ω‖₁=3.342812e-02
  λ=5.160e+00 | Epoch 510 | lr=5.0000e-04 | Recon MSE=4.170418e-05 | ‖ω‖₁=3.276722e-02
  λ=5.160e+00 | Epoch 520 | lr=5.0000e-04 | Recon MSE=4.270665e-05 | ‖ω‖₁=3.220366e-02
  λ=5.160e+00 | Epoch 530 | lr=5.0000e-04 | Recon MSE=3.999277e-05 | ‖ω‖₁=3.192636e-02
  λ=5.160e+00 | Epoch 540 | lr=5.0000e-04 | Recon MSE=4.463326e-05 | ‖ω‖₁=3.164595e-02
  λ=5.160e+00 | Epoch 550 | lr=5.0000e-04 | Recon MSE=4.211176e-05 | ‖ω‖₁=3.096161e-02
  λ=5.160e+00 | Epoch 560 | lr=5.0000e-04 | Recon MSE=4.495537e-05 | ‖ω‖₁=3.062309e-02
  λ=5.160e+00 | Epoch 570 | lr=5.0000e-04 | Recon MSE=4.563229e-05 | ‖ω‖₁=3.026983e-02
  λ=5.160e+00 | Epoch 580 | lr=5.0000e-04 | Recon MSE=4.752272e-05 | ‖ω‖₁=3.035274e-02
  λ=5.160e+00 | Epoch 590 | lr=5.0000e-04 | Recon MSE=4.031193e-05 | ‖ω‖₁=2.995997e-02
  λ=5.160e+00 | Epoch 600 | lr=5.0000e-04 | Recon MSE=5.424629e-05 | ‖ω‖₁=2.929708e-02
  λ=5.160e+00 | Epoch 610 | lr=5.0000e-04 | Recon MSE=4.077073e-05 | ‖ω‖₁=2.951323e-02
  λ=5.160e+00 | Epoch 620 | lr=5.0000e-04 | Recon MSE=4.159129e-05 | ‖ω‖₁=2.840487e-02
  λ=5.160e+00 | Epoch 630 | lr=5.0000e-04 | Recon MSE=4.435365e-05 | ‖ω‖₁=2.802279e-02
  λ=5.160e+00 | Epoch 640 | lr=5.0000e-04 | Recon MSE=3.825816e-05 | ‖ω‖₁=2.784967e-02
  λ=5.160e+00 | Epoch 650 | lr=5.0000e-04 | Recon MSE=4.709824e-05 | ‖ω‖₁=2.755987e-02
  λ=5.160e+00 | Epoch 660 | lr=5.0000e-04 | Recon MSE=4.329915e-05 | ‖ω‖₁=2.720748e-02
  λ=5.160e+00 | Epoch 670 | lr=5.0000e-04 | Recon MSE=4.365221e-05 | ‖ω‖₁=2.689579e-02
  λ=5.160e+00 | Epoch 680 | lr=5.0000e-04 | Recon MSE=4.091034e-05 | ‖ω‖₁=2.711308e-02
  λ=5.160e+00 | Epoch 690 | lr=5.0000e-04 | Recon MSE=4.190597e-05 | ‖ω‖₁=2.716822e-02
  λ=5.160e+00 | Epoch 700 | lr=5.0000e-04 | Recon MSE=3.986312e-05 | ‖ω‖₁=2.617723e-02
  λ=5.160e+00 | Epoch 710 | lr=5.0000e-04 | Recon MSE=3.987577e-05 | ‖ω‖₁=2.621600e-02
  λ=5.160e+00 | Epoch 720 | lr=5.0000e-04 | Recon MSE=4.133128e-05 | ‖ω‖₁=2.600937e-02
  λ=5.160e+00 | Epoch 730 | lr=5.0000e-04 | Recon MSE=4.820359e-05 | ‖ω‖₁=2.539914e-02
  λ=5.160e+00 | Epoch 740 | lr=5.0000e-04 | Recon MSE=4.003074e-05 | ‖ω‖₁=2.549556e-02
  λ=5.160e+00 | Epoch 750 | lr=5.0000e-04 | Recon MSE=4.394618e-05 | ‖ω‖₁=2.534452e-02
  λ=5.160e+00 | Epoch 760 | lr=5.0000e-04 | Recon MSE=4.974501e-05 | ‖ω‖₁=2.520711e-02
  λ=5.160e+00 | Epoch 770 | lr=5.0000e-04 | Recon MSE=5.121944e-05 | ‖ω‖₁=2.500516e-02
  λ=5.160e+00 | Epoch 780 | lr=5.0000e-04 | Recon MSE=4.336052e-05 | ‖ω‖₁=2.415603e-02
  λ=5.160e+00 | Epoch 790 | lr=5.0000e-04 | Recon MSE=4.830546e-05 | ‖ω‖₁=2.393396e-02
  λ=5.160e+00 | Epoch 800 | lr=2.5000e-04 | Recon MSE=4.299985e-05 | ‖ω‖₁=2.385019e-02
  λ=5.160e+00 | Epoch 810 | lr=2.5000e-04 | Recon MSE=4.309453e-05 | ‖ω‖₁=2.344743e-02
  λ=5.160e+00 | Epoch 820 | lr=2.5000e-04 | Recon MSE=4.053494e-05 | ‖ω‖₁=2.343939e-02
  λ=5.160e+00 | Epoch 830 | lr=2.5000e-04 | Recon MSE=4.278088e-05 | ‖ω‖₁=2.303807e-02
  λ=5.160e+00 | Epoch 840 | lr=2.5000e-04 | Recon MSE=4.297213e-05 | ‖ω‖₁=2.305786e-02
  λ=5.160e+00 | Epoch 850 | lr=2.5000e-04 | Recon MSE=4.072372e-05 | ‖ω‖₁=2.303321e-02
  λ=5.160e+00 | Epoch 860 | lr=2.5000e-04 | Recon MSE=4.209337e-05 | ‖ω‖₁=2.294314e-02
  λ=5.160e+00 | Epoch 870 | lr=2.5000e-04 | Recon MSE=3.784072e-05 | ‖ω‖₁=2.295588e-02
  λ=5.160e+00 | Epoch 880 | lr=2.5000e-04 | Recon MSE=4.151305e-05 | ‖ω‖₁=2.279498e-02
  λ=5.160e+00 | Epoch 890 | lr=2.5000e-04 | Recon MSE=4.328679e-05 | ‖ω‖₁=2.239523e-02
  λ=5.160e+00 | Epoch 900 | lr=2.5000e-04 | Recon MSE=4.087012e-05 | ‖ω‖₁=2.226173e-02
  λ=5.160e+00 | Epoch 910 | lr=2.5000e-04 | Recon MSE=4.329472e-05 | ‖ω‖₁=2.241547e-02
  λ=5.160e+00 | Epoch 920 | lr=2.5000e-04 | Recon MSE=4.045942e-05 | ‖ω‖₁=2.212603e-02
  λ=5.160e+00 | Epoch 930 | lr=2.5000e-04 | Recon MSE=4.511893e-05 | ‖ω‖₁=2.223513e-02
  λ=5.160e+00 | Epoch 940 | lr=2.5000e-04 | Recon MSE=3.748270e-05 | ‖ω‖₁=2.241397e-02
  λ=5.160e+00 | Epoch 950 | lr=2.5000e-04 | Recon MSE=4.310999e-05 | ‖ω‖₁=2.222486e-02
  λ=5.160e+00 | Epoch 960 | lr=2.5000e-04 | Recon MSE=4.011404e-05 | ‖ω‖₁=2.176086e-02
  λ=5.160e+00 | Epoch 970 | lr=2.5000e-04 | Recon MSE=4.279175e-05 | ‖ω‖₁=2.206431e-02
  λ=5.160e+00 | Epoch 980 | lr=2.5000e-04 | Recon MSE=3.948407e-05 | ‖ω‖₁=2.146328e-02
  λ=5.160e+00 | Epoch 990 | lr=2.5000e-04 | Recon MSE=4.271862e-05 | ‖ω‖₁=2.140628e-02
  λ=5.160e+00 | Epoch 1000 | lr=2.5000e-04 | Recon MSE=3.983902e-05 | ‖ω‖₁=2.127268e-02
  λ=5.160e+00 | Epoch 1010 | lr=2.5000e-04 | Recon MSE=3.904816e-05 | ‖ω‖₁=2.136414e-02
  λ=5.160e+00 | Epoch 1020 | lr=2.5000e-04 | Recon MSE=3.679057e-05 | ‖ω‖₁=2.101208e-02
  λ=5.160e+00 | Epoch 1030 | lr=2.5000e-04 | Recon MSE=4.129316e-05 | ‖ω‖₁=2.110198e-02
  λ=5.160e+00 | Epoch 1040 | lr=2.5000e-04 | Recon MSE=4.690000e-05 | ‖ω‖₁=2.076216e-02
  λ=5.160e+00 | Epoch 1050 | lr=2.5000e-04 | Recon MSE=3.882202e-05 | ‖ω‖₁=2.086841e-02
  λ=5.160e+00 | Epoch 1060 | lr=2.5000e-04 | Recon MSE=3.773782e-05 | ‖ω‖₁=2.086813e-02
  λ=5.160e+00 | Epoch 1070 | lr=2.5000e-04 | Recon MSE=4.301567e-05 | ‖ω‖₁=2.064733e-02
  λ=5.160e+00 | Epoch 1080 | lr=2.5000e-04 | Recon MSE=4.240372e-05 | ‖ω‖₁=2.039518e-02
  λ=5.160e+00 | Epoch 1090 | lr=2.5000e-04 | Recon MSE=4.251355e-05 | ‖ω‖₁=2.060176e-02
  λ=5.160e+00 | Epoch 1100 | lr=2.5000e-04 | Recon MSE=4.370903e-05 | ‖ω‖₁=2.051618e-02
  λ=5.160e+00 | Epoch 1110 | lr=2.5000e-04 | Recon MSE=3.977927e-05 | ‖ω‖₁=2.002861e-02
  λ=5.160e+00 | Epoch 1120 | lr=2.5000e-04 | Recon MSE=3.661118e-05 | ‖ω‖₁=2.005423e-02
  λ=5.160e+00 | Epoch 1130 | lr=2.5000e-04 | Recon MSE=3.998796e-05 | ‖ω‖₁=1.982641e-02
  λ=5.160e+00 | Epoch 1140 | lr=2.5000e-04 | Recon MSE=3.787450e-05 | ‖ω‖₁=2.022655e-02
  λ=5.160e+00 | Epoch 1150 | lr=2.5000e-04 | Recon MSE=4.328335e-05 | ‖ω‖₁=1.971126e-02
  λ=5.160e+00 | Epoch 1160 | lr=2.5000e-04 | Recon MSE=4.023137e-05 | ‖ω‖₁=1.960610e-02
  λ=5.160e+00 | Epoch 1170 | lr=2.5000e-04 | Recon MSE=4.439501e-05 | ‖ω‖₁=1.961996e-02
  λ=5.160e+00 | Epoch 1180 | lr=2.5000e-04 | Recon MSE=4.037597e-05 | ‖ω‖₁=1.941200e-02
  λ=5.160e+00 | Epoch 1190 | lr=2.5000e-04 | Recon MSE=4.176070e-05 | ‖ω‖₁=1.934858e-02
  λ=5.160e+00 | Epoch 1200 | lr=1.2500e-04 | Recon MSE=4.412105e-05 | ‖ω‖₁=1.933001e-02
  λ=5.160e+00 | Epoch 1210 | lr=1.2500e-04 | Recon MSE=4.128825e-05 | ‖ω‖₁=1.930867e-02
  λ=5.160e+00 | Epoch 1220 | lr=1.2500e-04 | Recon MSE=3.999789e-05 | ‖ω‖₁=1.940926e-02
  λ=5.160e+00 | Epoch 1230 | lr=1.2500e-04 | Recon MSE=3.976754e-05 | ‖ω‖₁=1.922378e-02
  λ=5.160e+00 | Epoch 1240 | lr=1.2500e-04 | Recon MSE=3.648918e-05 | ‖ω‖₁=1.941805e-02
  λ=5.160e+00 | Epoch 1250 | lr=1.2500e-04 | Recon MSE=4.063391e-05 | ‖ω‖₁=1.894397e-02
  λ=5.160e+00 | Epoch 1260 | lr=1.2500e-04 | Recon MSE=4.034996e-05 | ‖ω‖₁=1.882785e-02
  λ=5.160e+00 | Epoch 1270 | lr=1.2500e-04 | Recon MSE=3.791269e-05 | ‖ω‖₁=1.880926e-02
  λ=5.160e+00 | Epoch 1280 | lr=1.2500e-04 | Recon MSE=4.162902e-05 | ‖ω‖₁=1.885438e-02
  λ=5.160e+00 | Epoch 1290 | lr=1.2500e-04 | Recon MSE=3.875151e-05 | ‖ω‖₁=1.901472e-02
  λ=5.160e+00 | Epoch 1300 | lr=1.2500e-04 | Recon MSE=4.047258e-05 | ‖ω‖₁=1.869620e-02
  λ=5.160e+00 | Epoch 1310 | lr=1.2500e-04 | Recon MSE=4.268618e-05 | ‖ω‖₁=1.900350e-02
  λ=5.160e+00 | Epoch 1320 | lr=1.2500e-04 | Recon MSE=4.062035e-05 | ‖ω‖₁=1.891566e-02
  λ=5.160e+00 | Epoch 1330 | lr=1.2500e-04 | Recon MSE=4.136182e-05 | ‖ω‖₁=1.869159e-02
  λ=5.160e+00 | Epoch 1340 | lr=1.2500e-04 | Recon MSE=4.045163e-05 | ‖ω‖₁=1.850243e-02
  λ=5.160e+00 | Epoch 1350 | lr=1.2500e-04 | Recon MSE=4.128407e-05 | ‖ω‖₁=1.865561e-02
  λ=5.160e+00 | Epoch 1360 | lr=1.2500e-04 | Recon MSE=3.867001e-05 | ‖ω‖₁=1.858068e-02
  λ=5.160e+00 | Epoch 1370 | lr=1.2500e-04 | Recon MSE=4.108215e-05 | ‖ω‖₁=1.858775e-02
  λ=5.160e+00 | Epoch 1380 | lr=1.2500e-04 | Recon MSE=3.672794e-05 | ‖ω‖₁=1.867304e-02
  λ=5.160e+00 | Epoch 1390 | lr=1.2500e-04 | Recon MSE=4.208855e-05 | ‖ω‖₁=1.868294e-02
  λ=5.160e+00 | Epoch 1400 | lr=1.2500e-04 | Recon MSE=3.770172e-05 | ‖ω‖₁=1.834118e-02
  λ=5.160e+00 | Epoch 1410 | lr=1.2500e-04 | Recon MSE=3.912943e-05 | ‖ω‖₁=1.827117e-02
  λ=5.160e+00 | Epoch 1420 | lr=1.2500e-04 | Recon MSE=4.344616e-05 | ‖ω‖₁=1.854264e-02
  λ=5.160e+00 | Epoch 1430 | lr=1.2500e-04 | Recon MSE=3.844173e-05 | ‖ω‖₁=1.830014e-02
  λ=5.160e+00 | Epoch 1440 | lr=1.2500e-04 | Recon MSE=4.129502e-05 | ‖ω‖₁=1.852531e-02
  λ=5.160e+00 | Epoch 1450 | lr=1.2500e-04 | Recon MSE=3.781302e-05 | ‖ω‖₁=1.836308e-02
  λ=5.160e+00 | Epoch 1460 | lr=1.2500e-04 | Recon MSE=3.909342e-05 | ‖ω‖₁=1.813660e-02
  λ=5.160e+00 | Epoch 1470 | lr=1.2500e-04 | Recon MSE=4.217907e-05 | ‖ω‖₁=1.801662e-02
  λ=5.160e+00 | Epoch 1480 | lr=1.2500e-04 | Recon MSE=3.775384e-05 | ‖ω‖₁=1.806628e-02
  λ=5.160e+00 | Epoch 1490 | lr=1.2500e-04 | Recon MSE=4.103090e-05 | ‖ω‖₁=1.818767e-02
  λ=5.160e+00 | Epoch 1500 | lr=1.2500e-04 | Recon MSE=4.010371e-05 | ‖ω‖₁=1.818434e-02
  λ=5.160e+00 | Epoch 1510 | lr=1.2500e-04 | Recon MSE=4.189554e-05 | ‖ω‖₁=1.819436e-02
  λ=5.160e+00 | Epoch 1520 | lr=1.2500e-04 | Recon MSE=4.331887e-05 | ‖ω‖₁=1.802714e-02
  λ=5.160e+00 | Epoch 1530 | lr=1.2500e-04 | Recon MSE=4.114814e-05 | ‖ω‖₁=1.805121e-02
  λ=5.160e+00 | Epoch 1540 | lr=1.2500e-04 | Recon MSE=4.027026e-05 | ‖ω‖₁=1.793002e-02
  λ=5.160e+00 | Epoch 1550 | lr=1.2500e-04 | Recon MSE=4.114452e-05 | ‖ω‖₁=1.788687e-02
  λ=5.160e+00 | Epoch 1560 | lr=1.2500e-04 | Recon MSE=4.081476e-05 | ‖ω‖₁=1.819895e-02
  λ=5.160e+00 | Epoch 1570 | lr=1.2500e-04 | Recon MSE=3.667020e-05 | ‖ω‖₁=1.797635e-02
  λ=5.160e+00 | Epoch 1580 | lr=1.2500e-04 | Recon MSE=4.379819e-05 | ‖ω‖₁=1.795361e-02
  λ=5.160e+00 | Epoch 1590 | lr=1.2500e-04 | Recon MSE=3.917680e-05 | ‖ω‖₁=1.803870e-02
  λ=5.160e+00 | Epoch 1600 | lr=6.2500e-05 | Recon MSE=3.856831e-05 | ‖ω‖₁=1.768620e-02
  λ=5.160e+00 | Epoch 1610 | lr=6.2500e-05 | Recon MSE=4.050241e-05 | ‖ω‖₁=1.752560e-02
  λ=5.160e+00 | Epoch 1620 | lr=6.2500e-05 | Recon MSE=4.026758e-05 | ‖ω‖₁=1.759890e-02
  λ=5.160e+00 | Epoch 1630 | lr=6.2500e-05 | Recon MSE=3.838821e-05 | ‖ω‖₁=1.746521e-02
  λ=5.160e+00 | Epoch 1640 | lr=6.2500e-05 | Recon MSE=3.791073e-05 | ‖ω‖₁=1.748414e-02
  λ=5.160e+00 | Epoch 1650 | lr=6.2500e-05 | Recon MSE=3.899235e-05 | ‖ω‖₁=1.737603e-02
  λ=5.160e+00 | Epoch 1660 | lr=6.2500e-05 | Recon MSE=4.278988e-05 | ‖ω‖₁=1.746697e-02
  λ=5.160e+00 | Epoch 1670 | lr=6.2500e-05 | Recon MSE=4.066384e-05 | ‖ω‖₁=1.749010e-02
  λ=5.160e+00 | Epoch 1680 | lr=6.2500e-05 | Recon MSE=4.081288e-05 | ‖ω‖₁=1.754012e-02
  λ=5.160e+00 | Epoch 1690 | lr=6.2500e-05 | Recon MSE=4.212178e-05 | ‖ω‖₁=1.747959e-02
  λ=5.160e+00 | Epoch 1700 | lr=6.2500e-05 | Recon MSE=3.565662e-05 | ‖ω‖₁=1.729106e-02
  λ=5.160e+00 | Epoch 1710 | lr=6.2500e-05 | Recon MSE=4.009669e-05 | ‖ω‖₁=1.734241e-02
  λ=5.160e+00 | Epoch 1720 | lr=6.2500e-05 | Recon MSE=3.949492e-05 | ‖ω‖₁=1.736729e-02
  λ=5.160e+00 | Epoch 1730 | lr=6.2500e-05 | Recon MSE=3.952244e-05 | ‖ω‖₁=1.746715e-02
  λ=5.160e+00 | Epoch 1740 | lr=6.2500e-05 | Recon MSE=3.729070e-05 | ‖ω‖₁=1.732264e-02
  λ=5.160e+00 | Epoch 1750 | lr=6.2500e-05 | Recon MSE=4.194487e-05 | ‖ω‖₁=1.735873e-02
  λ=5.160e+00 | Epoch 1760 | lr=6.2500e-05 | Recon MSE=3.757480e-05 | ‖ω‖₁=1.736210e-02
  λ=5.160e+00 | Epoch 1770 | lr=6.2500e-05 | Recon MSE=4.127047e-05 | ‖ω‖₁=1.752951e-02
  λ=5.160e+00 | Epoch 1780 | lr=6.2500e-05 | Recon MSE=4.236563e-05 | ‖ω‖₁=1.732350e-02
  λ=5.160e+00 | Epoch 1790 | lr=6.2500e-05 | Recon MSE=3.945954e-05 | ‖ω‖₁=1.719656e-02
  λ=5.160e+00 | Epoch 1800 | lr=6.2500e-05 | Recon MSE=4.055099e-05 | ‖ω‖₁=1.714599e-02
  λ=5.160e+00 | Epoch 1810 | lr=6.2500e-05 | Recon MSE=4.147589e-05 | ‖ω‖₁=1.716825e-02
  λ=5.160e+00 | Epoch 1820 | lr=6.2500e-05 | Recon MSE=3.864826e-05 | ‖ω‖₁=1.711728e-02
  λ=5.160e+00 | Epoch 1830 | lr=6.2500e-05 | Recon MSE=3.990473e-05 | ‖ω‖₁=1.722188e-02
  λ=5.160e+00 | Epoch 1840 | lr=6.2500e-05 | Recon MSE=3.852640e-05 | ‖ω‖₁=1.711919e-02
  λ=5.160e+00 | Epoch 1850 | lr=6.2500e-05 | Recon MSE=3.900528e-05 | ‖ω‖₁=1.707166e-02
  λ=5.160e+00 | Epoch 1860 | lr=6.2500e-05 | Recon MSE=3.862983e-05 | ‖ω‖₁=1.701045e-02
  λ=5.160e+00 | Epoch 1870 | lr=6.2500e-05 | Recon MSE=3.788376e-05 | ‖ω‖₁=1.712330e-02
  λ=5.160e+00 | Epoch 1880 | lr=6.2500e-05 | Recon MSE=4.171463e-05 | ‖ω‖₁=1.712216e-02
  λ=5.160e+00 | Epoch 1890 | lr=6.2500e-05 | Recon MSE=4.242005e-05 | ‖ω‖₁=1.703097e-02
  λ=5.160e+00 | Epoch 1900 | lr=6.2500e-05 | Recon MSE=4.012889e-05 | ‖ω‖₁=1.701948e-02
  λ=5.160e+00 | Epoch 1910 | lr=6.2500e-05 | Recon MSE=4.117706e-05 | ‖ω‖₁=1.710596e-02
  λ=5.160e+00 | Epoch 1920 | lr=6.2500e-05 | Recon MSE=4.303850e-05 | ‖ω‖₁=1.705621e-02
  λ=5.160e+00 | Epoch 1930 | lr=6.2500e-05 | Recon MSE=4.217571e-05 | ‖ω‖₁=1.693011e-02
  λ=5.160e+00 | Epoch 1940 | lr=6.2500e-05 | Recon MSE=3.860665e-05 | ‖ω‖₁=1.685389e-02
  λ=5.160e+00 | Epoch 1950 | lr=6.2500e-05 | Recon MSE=4.254351e-05 | ‖ω‖₁=1.679607e-02
  λ=5.160e+00 | Epoch 1960 | lr=6.2500e-05 | Recon MSE=3.945418e-05 | ‖ω‖₁=1.676774e-02
  λ=5.160e+00 | Epoch 1970 | lr=6.2500e-05 | Recon MSE=4.077754e-05 | ‖ω‖₁=1.686486e-02
  λ=5.160e+00 | Epoch 1980 | lr=6.2500e-05 | Recon MSE=4.159143e-05 | ‖ω‖₁=1.679072e-02
  λ=5.160e+00 | Epoch 1990 | lr=6.2500e-05 | Recon MSE=3.993180e-05 | ‖ω‖₁=1.671247e-02
  λ=5.160e+00 | Epoch 2000 | lr=3.1250e-05 | Recon MSE=3.679969e-05 | ‖ω‖₁=1.665108e-02
  → at λ=5.160e+00: r(λ)=4, rel_err=1.499885e-03
  → selected modes: [0, 1, 2, 3]

-- Path iteration 11, λ = 6.192e+00 (r(λ) prev = 4)
  λ=6.192e+00 | Epoch   1 | lr=1.0000e-03 | Recon MSE=5.981859e-03 | ‖ω‖₁=2.697902e+01
  λ=6.192e+00 | Epoch  10 | lr=1.0000e-03 | Recon MSE=3.786634e-04 | ‖ω‖₁=4.649112e-01
  λ=6.192e+00 | Epoch  20 | lr=1.0000e-03 | Recon MSE=1.819619e-04 | ‖ω‖₁=3.899291e-01
  λ=6.192e+00 | Epoch  30 | lr=1.0000e-03 | Recon MSE=1.652913e-04 | ‖ω‖₁=3.412031e-01
  λ=6.192e+00 | Epoch  40 | lr=1.0000e-03 | Recon MSE=1.401269e-04 | ‖ω‖₁=3.023582e-01
  λ=6.192e+00 | Epoch  50 | lr=1.0000e-03 | Recon MSE=1.214841e-04 | ‖ω‖₁=2.713104e-01
  λ=6.192e+00 | Epoch  60 | lr=1.0000e-03 | Recon MSE=1.068423e-04 | ‖ω‖₁=2.428046e-01
  λ=6.192e+00 | Epoch  70 | lr=1.0000e-03 | Recon MSE=1.024378e-04 | ‖ω‖₁=2.197067e-01
  λ=6.192e+00 | Epoch  80 | lr=1.0000e-03 | Recon MSE=9.586779e-05 | ‖ω‖₁=1.995606e-01
  λ=6.192e+00 | Epoch  90 | lr=1.0000e-03 | Recon MSE=8.807783e-05 | ‖ω‖₁=1.820584e-01
  λ=6.192e+00 | Epoch 100 | lr=1.0000e-03 | Recon MSE=8.092689e-05 | ‖ω‖₁=1.662309e-01
  λ=6.192e+00 | Epoch 110 | lr=1.0000e-03 | Recon MSE=6.669773e-05 | ‖ω‖₁=1.516366e-01
  λ=6.192e+00 | Epoch 120 | lr=1.0000e-03 | Recon MSE=6.157061e-05 | ‖ω‖₁=1.322145e-01
  λ=6.192e+00 | Epoch 130 | lr=1.0000e-03 | Recon MSE=6.427571e-05 | ‖ω‖₁=1.129157e-01
  λ=6.192e+00 | Epoch 140 | lr=1.0000e-03 | Recon MSE=5.916081e-05 | ‖ω‖₁=9.519409e-02
  λ=6.192e+00 | Epoch 150 | lr=1.0000e-03 | Recon MSE=5.720683e-05 | ‖ω‖₁=8.252458e-02
  λ=6.192e+00 | Epoch 160 | lr=1.0000e-03 | Recon MSE=5.417761e-05 | ‖ω‖₁=7.277761e-02
  λ=6.192e+00 | Epoch 170 | lr=1.0000e-03 | Recon MSE=6.170197e-05 | ‖ω‖₁=6.656923e-02
  λ=6.192e+00 | Epoch 180 | lr=1.0000e-03 | Recon MSE=5.962721e-05 | ‖ω‖₁=6.315247e-02
  λ=6.192e+00 | Epoch 190 | lr=1.0000e-03 | Recon MSE=4.753284e-05 | ‖ω‖₁=6.008707e-02
  λ=6.192e+00 | Epoch 200 | lr=1.0000e-03 | Recon MSE=5.026460e-05 | ‖ω‖₁=5.825775e-02
  λ=6.192e+00 | Epoch 210 | lr=1.0000e-03 | Recon MSE=5.865526e-05 | ‖ω‖₁=5.580719e-02
  λ=6.192e+00 | Epoch 220 | lr=1.0000e-03 | Recon MSE=5.473004e-05 | ‖ω‖₁=5.389660e-02
  λ=6.192e+00 | Epoch 230 | lr=1.0000e-03 | Recon MSE=4.921655e-05 | ‖ω‖₁=5.157066e-02
  λ=6.192e+00 | Epoch 240 | lr=1.0000e-03 | Recon MSE=4.650980e-05 | ‖ω‖₁=4.993196e-02
  λ=6.192e+00 | Epoch 250 | lr=1.0000e-03 | Recon MSE=4.325219e-05 | ‖ω‖₁=4.822966e-02
  λ=6.192e+00 | Epoch 260 | lr=1.0000e-03 | Recon MSE=4.787044e-05 | ‖ω‖₁=4.678678e-02
  λ=6.192e+00 | Epoch 270 | lr=1.0000e-03 | Recon MSE=4.861820e-05 | ‖ω‖₁=4.530527e-02
  λ=6.192e+00 | Epoch 280 | lr=1.0000e-03 | Recon MSE=4.144895e-05 | ‖ω‖₁=4.402191e-02
  λ=6.192e+00 | Epoch 290 | lr=1.0000e-03 | Recon MSE=4.528466e-05 | ‖ω‖₁=4.252338e-02
  λ=6.192e+00 | Epoch 300 | lr=1.0000e-03 | Recon MSE=4.442104e-05 | ‖ω‖₁=4.127558e-02
  λ=6.192e+00 | Epoch 310 | lr=1.0000e-03 | Recon MSE=4.790310e-05 | ‖ω‖₁=3.990208e-02
  λ=6.192e+00 | Epoch 320 | lr=1.0000e-03 | Recon MSE=4.350546e-05 | ‖ω‖₁=3.873021e-02
  λ=6.192e+00 | Epoch 330 | lr=1.0000e-03 | Recon MSE=4.066877e-05 | ‖ω‖₁=3.749879e-02
  λ=6.192e+00 | Epoch 340 | lr=1.0000e-03 | Recon MSE=4.522847e-05 | ‖ω‖₁=3.635965e-02
  λ=6.192e+00 | Epoch 350 | lr=1.0000e-03 | Recon MSE=4.995129e-05 | ‖ω‖₁=3.531117e-02
  λ=6.192e+00 | Epoch 360 | lr=1.0000e-03 | Recon MSE=4.256732e-05 | ‖ω‖₁=3.415116e-02
  λ=6.192e+00 | Epoch 370 | lr=1.0000e-03 | Recon MSE=4.331620e-05 | ‖ω‖₁=3.317150e-02
  λ=6.192e+00 | Epoch 380 | lr=1.0000e-03 | Recon MSE=5.078970e-05 | ‖ω‖₁=3.217644e-02
  λ=6.192e+00 | Epoch 390 | lr=1.0000e-03 | Recon MSE=4.290315e-05 | ‖ω‖₁=3.123772e-02
  λ=6.192e+00 | Epoch 400 | lr=5.0000e-04 | Recon MSE=4.182651e-05 | ‖ω‖₁=3.030966e-02
  λ=6.192e+00 | Epoch 410 | lr=5.0000e-04 | Recon MSE=4.317076e-05 | ‖ω‖₁=2.992457e-02
  λ=6.192e+00 | Epoch 420 | lr=5.0000e-04 | Recon MSE=4.070614e-05 | ‖ω‖₁=2.952653e-02
  λ=6.192e+00 | Epoch 430 | lr=5.0000e-04 | Recon MSE=4.396368e-05 | ‖ω‖₁=2.906318e-02
  λ=6.192e+00 | Epoch 440 | lr=5.0000e-04 | Recon MSE=4.315287e-05 | ‖ω‖₁=2.862254e-02
  λ=6.192e+00 | Epoch 450 | lr=5.0000e-04 | Recon MSE=4.075624e-05 | ‖ω‖₁=2.817650e-02
  λ=6.192e+00 | Epoch 460 | lr=5.0000e-04 | Recon MSE=4.918061e-05 | ‖ω‖₁=2.800284e-02
  λ=6.192e+00 | Epoch 470 | lr=5.0000e-04 | Recon MSE=4.116164e-05 | ‖ω‖₁=2.738968e-02
  λ=6.192e+00 | Epoch 480 | lr=5.0000e-04 | Recon MSE=4.283545e-05 | ‖ω‖₁=2.709113e-02
  λ=6.192e+00 | Epoch 490 | lr=5.0000e-04 | Recon MSE=4.502050e-05 | ‖ω‖₁=2.665154e-02
  λ=6.192e+00 | Epoch 500 | lr=5.0000e-04 | Recon MSE=3.885612e-05 | ‖ω‖₁=2.634690e-02
  λ=6.192e+00 | Epoch 510 | lr=5.0000e-04 | Recon MSE=4.118574e-05 | ‖ω‖₁=2.601401e-02
  λ=6.192e+00 | Epoch 520 | lr=5.0000e-04 | Recon MSE=4.105732e-05 | ‖ω‖₁=2.566687e-02
  λ=6.192e+00 | Epoch 530 | lr=5.0000e-04 | Recon MSE=4.231566e-05 | ‖ω‖₁=2.523580e-02
  λ=6.192e+00 | Epoch 540 | lr=5.0000e-04 | Recon MSE=4.107979e-05 | ‖ω‖₁=2.485323e-02
  λ=6.192e+00 | Epoch 550 | lr=5.0000e-04 | Recon MSE=4.175703e-05 | ‖ω‖₁=2.451245e-02
  λ=6.192e+00 | Epoch 560 | lr=5.0000e-04 | Recon MSE=4.404909e-05 | ‖ω‖₁=2.414259e-02
  λ=6.192e+00 | Epoch 570 | lr=5.0000e-04 | Recon MSE=4.351807e-05 | ‖ω‖₁=2.387800e-02
  λ=6.192e+00 | Epoch 580 | lr=5.0000e-04 | Recon MSE=4.080969e-05 | ‖ω‖₁=2.358569e-02
  λ=6.192e+00 | Epoch 590 | lr=5.0000e-04 | Recon MSE=4.373210e-05 | ‖ω‖₁=2.333598e-02
  λ=6.192e+00 | Epoch 600 | lr=5.0000e-04 | Recon MSE=4.015057e-05 | ‖ω‖₁=2.292056e-02
  λ=6.192e+00 | Epoch 610 | lr=5.0000e-04 | Recon MSE=4.118324e-05 | ‖ω‖₁=2.265709e-02
  λ=6.192e+00 | Epoch 620 | lr=5.0000e-04 | Recon MSE=4.160929e-05 | ‖ω‖₁=2.237234e-02
  λ=6.192e+00 | Epoch 630 | lr=5.0000e-04 | Recon MSE=4.088489e-05 | ‖ω‖₁=2.201595e-02
  λ=6.192e+00 | Epoch 640 | lr=5.0000e-04 | Recon MSE=4.402442e-05 | ‖ω‖₁=2.180421e-02
  λ=6.192e+00 | Epoch 650 | lr=5.0000e-04 | Recon MSE=4.228801e-05 | ‖ω‖₁=2.158274e-02
  λ=6.192e+00 | Epoch 660 | lr=5.0000e-04 | Recon MSE=4.041883e-05 | ‖ω‖₁=2.124511e-02
  λ=6.192e+00 | Epoch 670 | lr=5.0000e-04 | Recon MSE=4.639674e-05 | ‖ω‖₁=2.109079e-02
  λ=6.192e+00 | Epoch 680 | lr=5.0000e-04 | Recon MSE=4.091244e-05 | ‖ω‖₁=2.080335e-02
  λ=6.192e+00 | Epoch 690 | lr=5.0000e-04 | Recon MSE=4.112220e-05 | ‖ω‖₁=2.051702e-02
  λ=6.192e+00 | Epoch 700 | lr=5.0000e-04 | Recon MSE=4.595945e-05 | ‖ω‖₁=2.032586e-02
  λ=6.192e+00 | Epoch 710 | lr=5.0000e-04 | Recon MSE=4.717852e-05 | ‖ω‖₁=2.016342e-02
  λ=6.192e+00 | Epoch 720 | lr=5.0000e-04 | Recon MSE=4.202180e-05 | ‖ω‖₁=1.992312e-02
  λ=6.192e+00 | Epoch 730 | lr=5.0000e-04 | Recon MSE=4.560952e-05 | ‖ω‖₁=1.962812e-02
  λ=6.192e+00 | Epoch 740 | lr=5.0000e-04 | Recon MSE=4.512708e-05 | ‖ω‖₁=1.943060e-02
  λ=6.192e+00 | Epoch 750 | lr=5.0000e-04 | Recon MSE=5.221035e-05 | ‖ω‖₁=1.918958e-02
  λ=6.192e+00 | Epoch 760 | lr=5.0000e-04 | Recon MSE=4.528433e-05 | ‖ω‖₁=1.898980e-02
  λ=6.192e+00 | Epoch 770 | lr=5.0000e-04 | Recon MSE=4.387481e-05 | ‖ω‖₁=1.877541e-02
  λ=6.192e+00 | Epoch 780 | lr=5.0000e-04 | Recon MSE=4.008534e-05 | ‖ω‖₁=1.858623e-02
  λ=6.192e+00 | Epoch 790 | lr=5.0000e-04 | Recon MSE=4.987574e-05 | ‖ω‖₁=1.839913e-02
  λ=6.192e+00 | Epoch 800 | lr=2.5000e-04 | Recon MSE=3.877490e-05 | ‖ω‖₁=1.815400e-02
  λ=6.192e+00 | Epoch 810 | lr=2.5000e-04 | Recon MSE=4.035238e-05 | ‖ω‖₁=1.808032e-02
  λ=6.192e+00 | Epoch 820 | lr=2.5000e-04 | Recon MSE=3.908217e-05 | ‖ω‖₁=1.795121e-02
  λ=6.192e+00 | Epoch 830 | lr=2.5000e-04 | Recon MSE=3.905166e-05 | ‖ω‖₁=1.782955e-02
  λ=6.192e+00 | Epoch 840 | lr=2.5000e-04 | Recon MSE=4.360474e-05 | ‖ω‖₁=1.778513e-02
  λ=6.192e+00 | Epoch 850 | lr=2.5000e-04 | Recon MSE=4.347756e-05 | ‖ω‖₁=1.769469e-02
  λ=6.192e+00 | Epoch 860 | lr=2.5000e-04 | Recon MSE=3.875320e-05 | ‖ω‖₁=1.760307e-02
  λ=6.192e+00 | Epoch 870 | lr=2.5000e-04 | Recon MSE=4.028445e-05 | ‖ω‖₁=1.747163e-02
  λ=6.192e+00 | Epoch 880 | lr=2.5000e-04 | Recon MSE=4.384031e-05 | ‖ω‖₁=1.737543e-02
  λ=6.192e+00 | Epoch 890 | lr=2.5000e-04 | Recon MSE=4.262409e-05 | ‖ω‖₁=1.729525e-02
  λ=6.192e+00 | Epoch 900 | lr=2.5000e-04 | Recon MSE=4.503840e-05 | ‖ω‖₁=1.714476e-02
  λ=6.192e+00 | Epoch 910 | lr=2.5000e-04 | Recon MSE=3.966997e-05 | ‖ω‖₁=1.709067e-02
  λ=6.192e+00 | Epoch 920 | lr=2.5000e-04 | Recon MSE=4.081403e-05 | ‖ω‖₁=1.702416e-02
  λ=6.192e+00 | Epoch 930 | lr=2.5000e-04 | Recon MSE=4.190442e-05 | ‖ω‖₁=1.689467e-02
  λ=6.192e+00 | Epoch 940 | lr=2.5000e-04 | Recon MSE=4.103406e-05 | ‖ω‖₁=1.684350e-02
  λ=6.192e+00 | Epoch 950 | lr=2.5000e-04 | Recon MSE=4.027825e-05 | ‖ω‖₁=1.671109e-02
  λ=6.192e+00 | Epoch 960 | lr=2.5000e-04 | Recon MSE=4.054316e-05 | ‖ω‖₁=1.662917e-02
  λ=6.192e+00 | Epoch 970 | lr=2.5000e-04 | Recon MSE=4.108366e-05 | ‖ω‖₁=1.653666e-02
  λ=6.192e+00 | Epoch 980 | lr=2.5000e-04 | Recon MSE=3.950411e-05 | ‖ω‖₁=1.649068e-02
  λ=6.192e+00 | Epoch 990 | lr=2.5000e-04 | Recon MSE=4.170218e-05 | ‖ω‖₁=1.630952e-02
  λ=6.192e+00 | Epoch 1000 | lr=2.5000e-04 | Recon MSE=4.352962e-05 | ‖ω‖₁=1.627448e-02
  λ=6.192e+00 | Epoch 1010 | lr=2.5000e-04 | Recon MSE=3.875670e-05 | ‖ω‖₁=1.620172e-02
  λ=6.192e+00 | Epoch 1020 | lr=2.5000e-04 | Recon MSE=4.599238e-05 | ‖ω‖₁=1.607000e-02
  λ=6.192e+00 | Epoch 1030 | lr=2.5000e-04 | Recon MSE=4.665013e-05 | ‖ω‖₁=1.602346e-02
  λ=6.192e+00 | Epoch 1040 | lr=2.5000e-04 | Recon MSE=4.267511e-05 | ‖ω‖₁=1.589963e-02
  λ=6.192e+00 | Epoch 1050 | lr=2.5000e-04 | Recon MSE=4.112684e-05 | ‖ω‖₁=1.582282e-02
  λ=6.192e+00 | Epoch 1060 | lr=2.5000e-04 | Recon MSE=4.184578e-05 | ‖ω‖₁=1.572360e-02
  λ=6.192e+00 | Epoch 1070 | lr=2.5000e-04 | Recon MSE=3.777134e-05 | ‖ω‖₁=1.566167e-02
  λ=6.192e+00 | Epoch 1080 | lr=2.5000e-04 | Recon MSE=4.011865e-05 | ‖ω‖₁=1.556678e-02
  λ=6.192e+00 | Epoch 1090 | lr=2.5000e-04 | Recon MSE=4.316892e-05 | ‖ω‖₁=1.548468e-02
  λ=6.192e+00 | Epoch 1100 | lr=2.5000e-04 | Recon MSE=4.298045e-05 | ‖ω‖₁=1.542871e-02
  λ=6.192e+00 | Epoch 1110 | lr=2.5000e-04 | Recon MSE=4.122674e-05 | ‖ω‖₁=1.532516e-02
  λ=6.192e+00 | Epoch 1120 | lr=2.5000e-04 | Recon MSE=4.308412e-05 | ‖ω‖₁=1.522458e-02
  λ=6.192e+00 | Epoch 1130 | lr=2.5000e-04 | Recon MSE=4.422772e-05 | ‖ω‖₁=1.516803e-02
  λ=6.192e+00 | Epoch 1140 | lr=2.5000e-04 | Recon MSE=4.114133e-05 | ‖ω‖₁=1.507218e-02
  λ=6.192e+00 | Epoch 1150 | lr=2.5000e-04 | Recon MSE=3.864322e-05 | ‖ω‖₁=1.500580e-02
  λ=6.192e+00 | Epoch 1160 | lr=2.5000e-04 | Recon MSE=4.303907e-05 | ‖ω‖₁=1.494584e-02
  λ=6.192e+00 | Epoch 1170 | lr=2.5000e-04 | Recon MSE=4.334932e-05 | ‖ω‖₁=1.484216e-02
  λ=6.192e+00 | Epoch 1180 | lr=2.5000e-04 | Recon MSE=4.563343e-05 | ‖ω‖₁=1.479771e-02
  λ=6.192e+00 | Epoch 1190 | lr=2.5000e-04 | Recon MSE=3.817996e-05 | ‖ω‖₁=1.475355e-02
  λ=6.192e+00 | Epoch 1200 | lr=1.2500e-04 | Recon MSE=4.641239e-05 | ‖ω‖₁=1.465217e-02
  λ=6.192e+00 | Epoch 1210 | lr=1.2500e-04 | Recon MSE=3.717676e-05 | ‖ω‖₁=1.460034e-02
  λ=6.192e+00 | Epoch 1220 | lr=1.2500e-04 | Recon MSE=3.837265e-05 | ‖ω‖₁=1.455341e-02
  λ=6.192e+00 | Epoch 1230 | lr=1.2500e-04 | Recon MSE=3.859344e-05 | ‖ω‖₁=1.451393e-02
  λ=6.192e+00 | Epoch 1240 | lr=1.2500e-04 | Recon MSE=4.012726e-05 | ‖ω‖₁=1.451556e-02
  λ=6.192e+00 | Epoch 1250 | lr=1.2500e-04 | Recon MSE=4.236080e-05 | ‖ω‖₁=1.445251e-02
  λ=6.192e+00 | Epoch 1260 | lr=1.2500e-04 | Recon MSE=4.175110e-05 | ‖ω‖₁=1.440078e-02
  λ=6.192e+00 | Epoch 1270 | lr=1.2500e-04 | Recon MSE=4.342704e-05 | ‖ω‖₁=1.438642e-02
  λ=6.192e+00 | Epoch 1280 | lr=1.2500e-04 | Recon MSE=3.951598e-05 | ‖ω‖₁=1.433285e-02
  λ=6.192e+00 | Epoch 1290 | lr=1.2500e-04 | Recon MSE=4.319146e-05 | ‖ω‖₁=1.432169e-02
  λ=6.192e+00 | Epoch 1300 | lr=1.2500e-04 | Recon MSE=3.843772e-05 | ‖ω‖₁=1.423251e-02
  λ=6.192e+00 | Epoch 1310 | lr=1.2500e-04 | Recon MSE=4.574067e-05 | ‖ω‖₁=1.421347e-02
  λ=6.192e+00 | Epoch 1320 | lr=1.2500e-04 | Recon MSE=4.163613e-05 | ‖ω‖₁=1.416801e-02
  λ=6.192e+00 | Epoch 1330 | lr=1.2500e-04 | Recon MSE=4.139916e-05 | ‖ω‖₁=1.416767e-02
  λ=6.192e+00 | Epoch 1340 | lr=1.2500e-04 | Recon MSE=4.159116e-05 | ‖ω‖₁=1.411951e-02
  λ=6.192e+00 | Epoch 1350 | lr=1.2500e-04 | Recon MSE=4.141775e-05 | ‖ω‖₁=1.409166e-02
  λ=6.192e+00 | Epoch 1360 | lr=1.2500e-04 | Recon MSE=3.998186e-05 | ‖ω‖₁=1.403892e-02
  λ=6.192e+00 | Epoch 1370 | lr=1.2500e-04 | Recon MSE=4.201968e-05 | ‖ω‖₁=1.403926e-02
  λ=6.192e+00 | Epoch 1380 | lr=1.2500e-04 | Recon MSE=3.995770e-05 | ‖ω‖₁=1.399746e-02
  λ=6.192e+00 | Epoch 1390 | lr=1.2500e-04 | Recon MSE=4.170890e-05 | ‖ω‖₁=1.393022e-02
  λ=6.192e+00 | Epoch 1400 | lr=1.2500e-04 | Recon MSE=4.062536e-05 | ‖ω‖₁=1.390371e-02
  λ=6.192e+00 | Epoch 1410 | lr=1.2500e-04 | Recon MSE=3.961104e-05 | ‖ω‖₁=1.386455e-02
  λ=6.192e+00 | Epoch 1420 | lr=1.2500e-04 | Recon MSE=3.615904e-05 | ‖ω‖₁=1.383334e-02
  λ=6.192e+00 | Epoch 1430 | lr=1.2500e-04 | Recon MSE=3.830902e-05 | ‖ω‖₁=1.383630e-02
  λ=6.192e+00 | Epoch 1440 | lr=1.2500e-04 | Recon MSE=4.193719e-05 | ‖ω‖₁=1.376730e-02
  λ=6.192e+00 | Epoch 1450 | lr=1.2500e-04 | Recon MSE=3.934324e-05 | ‖ω‖₁=1.376319e-02
  λ=6.192e+00 | Epoch 1460 | lr=1.2500e-04 | Recon MSE=3.844362e-05 | ‖ω‖₁=1.370428e-02
  λ=6.192e+00 | Epoch 1470 | lr=1.2500e-04 | Recon MSE=4.179406e-05 | ‖ω‖₁=1.370978e-02
  λ=6.192e+00 | Epoch 1480 | lr=1.2500e-04 | Recon MSE=4.003024e-05 | ‖ω‖₁=1.364011e-02
  λ=6.192e+00 | Epoch 1490 | lr=1.2500e-04 | Recon MSE=3.861105e-05 | ‖ω‖₁=1.360077e-02
  λ=6.192e+00 | Epoch 1500 | lr=1.2500e-04 | Recon MSE=4.221246e-05 | ‖ω‖₁=1.359674e-02
  λ=6.192e+00 | Epoch 1510 | lr=1.2500e-04 | Recon MSE=4.352196e-05 | ‖ω‖₁=1.354013e-02
  λ=6.192e+00 | Epoch 1520 | lr=1.2500e-04 | Recon MSE=4.248332e-05 | ‖ω‖₁=1.350932e-02
  λ=6.192e+00 | Epoch 1530 | lr=1.2500e-04 | Recon MSE=4.058189e-05 | ‖ω‖₁=1.351108e-02
  λ=6.192e+00 | Epoch 1540 | lr=1.2500e-04 | Recon MSE=4.213156e-05 | ‖ω‖₁=1.346292e-02
  λ=6.192e+00 | Epoch 1550 | lr=1.2500e-04 | Recon MSE=3.936415e-05 | ‖ω‖₁=1.342901e-02
  λ=6.192e+00 | Epoch 1560 | lr=1.2500e-04 | Recon MSE=4.398944e-05 | ‖ω‖₁=1.339903e-02
  λ=6.192e+00 | Epoch 1570 | lr=1.2500e-04 | Recon MSE=3.808084e-05 | ‖ω‖₁=1.333780e-02
  λ=6.192e+00 | Epoch 1580 | lr=1.2500e-04 | Recon MSE=4.303567e-05 | ‖ω‖₁=1.330469e-02
  λ=6.192e+00 | Epoch 1590 | lr=1.2500e-04 | Recon MSE=4.161245e-05 | ‖ω‖₁=1.328741e-02
  λ=6.192e+00 | Epoch 1600 | lr=6.2500e-05 | Recon MSE=3.885506e-05 | ‖ω‖₁=1.323942e-02
  λ=6.192e+00 | Epoch 1610 | lr=6.2500e-05 | Recon MSE=4.027241e-05 | ‖ω‖₁=1.322252e-02
  λ=6.192e+00 | Epoch 1620 | lr=6.2500e-05 | Recon MSE=4.049128e-05 | ‖ω‖₁=1.320833e-02
  λ=6.192e+00 | Epoch 1630 | lr=6.2500e-05 | Recon MSE=3.717217e-05 | ‖ω‖₁=1.318009e-02
  λ=6.192e+00 | Epoch 1640 | lr=6.2500e-05 | Recon MSE=3.879862e-05 | ‖ω‖₁=1.317366e-02
  λ=6.192e+00 | Epoch 1650 | lr=6.2500e-05 | Recon MSE=3.879570e-05 | ‖ω‖₁=1.318240e-02
  λ=6.192e+00 | Epoch 1660 | lr=6.2500e-05 | Recon MSE=3.821350e-05 | ‖ω‖₁=1.317844e-02
  λ=6.192e+00 | Epoch 1670 | lr=6.2500e-05 | Recon MSE=4.113039e-05 | ‖ω‖₁=1.313100e-02
  λ=6.192e+00 | Epoch 1680 | lr=6.2500e-05 | Recon MSE=3.905011e-05 | ‖ω‖₁=1.310757e-02
  λ=6.192e+00 | Epoch 1690 | lr=6.2500e-05 | Recon MSE=4.047636e-05 | ‖ω‖₁=1.313391e-02
  λ=6.192e+00 | Epoch 1700 | lr=6.2500e-05 | Recon MSE=4.008144e-05 | ‖ω‖₁=1.311135e-02
  λ=6.192e+00 | Epoch 1710 | lr=6.2500e-05 | Recon MSE=3.945436e-05 | ‖ω‖₁=1.308610e-02
